  ,Paired Raw R1 Read Count,Trimmed R1 Read Count,Trimmed % R1 Read Count
SRR1069188,29619857,27032205,91.26
SRR1070986,51448415,45698810,88.82
SRR1071289,31765066,29447932,92.70
SRR1071880,52524935,46941995,89.37
SRR1072178,37488442,34131232,91.04
SRR1072367,35254942,32097520,91.04
SRR1072504,54792655,49014744,89.45
SRR1072797,35259031,32718206,92.79
SRR1073143,30008939,27924911,93.05
SRR1073755,43487334,38846970,89.32
SRR1074164,51053729,46120268,90.33
SRR1075433,60331216,54501973,90.33
SRR1075898,50413865,44978098,89.21
SRR1076072,32407165,30067067,92.77
SRR1077405,43556144,40681718,93.40
SRR1077687,30638477,28015391,91.43
SRR1078347,34290585,31077734,90.63
SRR1078879,38855002,36086484,92.87
SRR1079168,34634267,31626273,91.31
SRR1079281,41277305,37345118,90.47
SRR1079591,35403089,32296238,91.22
SRR1080172,35040045,32838944,93.71
SRR1080835,37437671,34594393,92.40
SRR1080927,38302496,35629027,93.02
SRR1081741,36992547,34277313,92.66
SRR1082262,35906142,32584609,90.74
SRR1082328,31846918,29646172,93.08
SRR1082759,52527810,46322944,88.18
SRR1083100,57190611,51302723,89.70
SRR1083632,59447324,53607999,90.17
SRR1084484,34868243,31792165,91.17
SRR1084649,53371138,47053829,88.16
SRR1084842,61395365,55456035,90.32
SRR1085015,35724631,33144451,92.77
SRR1085495,33233745,30790810,92.64
SRR1085662,55427977,49935115,90.09
SRR1085782,34533368,31515637,91.26
SRR1085825,53214018,47631651,89.50
SRR1085850,31179898,28833529,92.47
SRR1085975,32495184,29690619,91.36
SRR1086561,34354102,31840529,92.68
SRR1086635,40793803,37171712,91.12
SRR1086680,35500555,33232423,93.61
SRR1087031,30529584,28389406,92.98
SRR1087152,30559093,27894025,91.27
SRR1088389,32646563,30286787,92.77
SRR1092706,37246857,34061414,91.44
SRR1092797,29258722,26652675,91.09
SRR1093527,56611796,51222105,90.47
SRR1093773,42354551,38516884,90.93
SRR1095865,35413600,32725984,92.41
SRR1096851,46172699,41474903,89.82
SRR1096966,44702827,40894794,91.48
SRR1097392,52061252,46697968,89.69
SRR1097752,54758094,48355366,88.30
SRR1097978,33956052,31947843,94.08
SRR1098336,32101890,29671685,92.42
SRR1098519,37960036,35249480,92.85
SRR1099023,51348607,45685794,88.97
SRR1099168,34527114,31416267,90.99
SRR1099499,36174419,32944025,91.06
SRR1100872,36341894,33018406,90.85
SRR1101421,52267988,48787367,93.34
SRR1102055,34717082,32057292,92.33
SRR1103048,37955282,35215007,92.78
SRR1307770,42711917,34988434,81.91
SRR1310008,50800452,45338729,89.24
SRR1310113,46518105,41091391,88.33
SRR1310136,46469630,35603776,76.61
SRR1310623,36405540,33495545,92.00
SRR1311086,42649223,38122931,89.38
SRR1311182,47187823,41783234,88.54
SRR1311285,48214638,43040316,89.26
SRR1311400,55278808,52073135,94.20
SRR1311575,42445153,38158511,89.90
SRR1311771,40511812,35540702,87.72
SRR1311794,38848081,34468900,88.72
SRR1312103,42305557,36866241,87.14
SRR1312428,49401032,45697639,92.50
SRR1312743,46542545,39890051,85.70
SRR1313361,65502274,62614255,95.59
SRR1313426,40813709,35845240,87.82
SRR1313642,69314786,64536338,93.10
SRR1313932,36605835,34157952,93.31
SRR1313951,39894159,33747960,84.59
SRR1314163,46909397,41659927,88.80
SRR1314187,37780160,32599626,86.28
SRR1314767,60131804,57623700,95.82
SRR1314958,43579323,41120532,94.35
SRR1314998,42202242,39560064,93.73
SRR1315019,35166489,31819931,90.48
SRR1315145,33363156,31447886,94.25
SRR1315269,39780728,36578729,91.95
SRR1315371,35781706,33303899,93.07
SRR1315721,47069706,44814790,95.20
SRR1315761,42181646,38514978,91.30
SRR1315799,62519180,58846953,94.12
SRR1315842,96441753,87026223,90.23
SRR1315866,52824500,47385589,89.70
SRR1315949,61188024,58631665,95.82
SRR1315970,41217673,36948565,89.64
SRR1315994,57463841,54496289,94.83
SRR1316127,40214544,36329525,90.33
SRR1316254,44888855,40659520,90.57
SRR1316297,35880601,32349422,90.15
SRR1316392,60619973,57161217,94.29
SRR1316535,52219757,49762427,95.29
SRR1316624,37479445,33828313,90.25
SRR1316815,49182611,46265928,94.06
SRR1316874,68589158,65457508,95.43
SRR1316921,53521210,50010074,93.43
SRR1316940,70832020,67428843,95.19
SRR1316963,56989516,53218273,93.38
SRR1317323,34360625,31963446,93.02
SRR1317344,42502607,38293785,90.09
SRR1317494,40401301,37058859,91.72
SRR1317596,50298380,46881042,93.20
SRR1317808,40794556,36304523,88.99
SRR1317853,44297338,39499477,89.16
SRR1317877,58304283,55823237,95.74
SRR1318067,40647203,38115182,93.77
SRR1318163,35838695,33546255,93.60
SRR1318372,43977404,41475336,94.31
SRR1318407,36699804,32506580,88.57
SRR1318426,56821531,52713105,92.76
SRR1319019,37233917,33200319,89.16
SRR1319136,45529770,41097616,90.26
SRR1319158,42706276,38047689,89.09
SRR1319539,39365399,35081089,89.11
SRR1319672,39360009,34842541,88.52
SRR1319816,52874357,50424294,95.36
SRR1319837,38674422,34956020,90.38
SRR1319970,42862298,37309454,87.04
SRR1320012,43504526,34303652,78.85
SRR1320071,48635366,38209746,78.56
SRR1320093,32056334,29844036,93.09
SRR1320115,42720316,39123201,91.57
SRR1320180,61900047,54576364,88.16
SRR1320280,37605446,34965583,92.98
SRR1320342,42062419,38097827,90.57
SRR1320560,42121487,40295618,95.66
SRR1320873,44568156,40636633,91.17
SRR1320892,47595808,42752235,89.82
SRR1320916,37215228,32478520,87.27
SRR1320963,42254492,37862016,89.60
SRR1321046,47039133,43041107,91.50
SRR1321183,58540235,56002316,95.66
SRR1321244,47605406,41374197,86.91
SRR1321462,33736915,30682512,90.94
SRR1321552,52969149,48842738,92.20
SRR1321674,37548160,33507128,89.23
SRR1321786,67671343,63937151,94.48
SRR1321853,43419396,38190150,87.95
SRR1321966,70532762,67658885,95.92
SRR1322010,48528549,45460231,93.67
SRR1322163,51356732,40906514,79.65
SRR1322270,54755106,52272861,95.46
SRR1322291,46997865,44137516,93.91
SRR1322419,35186355,29684398,84.36
SRR1322456,52353108,50122972,95.74
SRR1322555,44454830,41604664,93.58
SRR1322768,37844827,29001040,76.63
SRR1323043,49962124,43900588,87.86
SRR1323106,48135212,43650548,90.68
SRR1323130,61276787,57772587,94.28
SRR1323174,59438262,56024862,94.25
SRR1323196,37072415,33675228,90.83
SRR1323536,39359933,35629984,90.52
SRR1323603,43578750,40585873,93.13
SRR1323746,44072414,41954610,95.19
SRR1323764,46975127,41779314,88.93
SRR1323807,53958537,50821710,94.18
SRR1324043,37606638,34762340,92.43
SRR1324371,38210100,35617756,93.21
SRR1324431,34340499,32193404,93.74
SRR1324452,45314713,42423616,93.61
SRR1325332,36266518,31831678,87.77
SRR1325401,43217022,33655309,77.87
SRR1325665,33685146,31086248,92.28
SRR1325927,39212820,36178595,92.26
SRR1325964,35971702,28188372,78.36
SRR1325986,43009914,38598983,89.74
SRR1326179,51522224,49346104,95.77
SRR1326366,43677662,41605469,95.25
SRR1327593,55187689,52917776,95.88
SRR1327811,48936982,43120405,88.11
SRR1327975,41518192,37122418,89.41
SRR1328035,36538169,33093820,90.57
SRR1328487,35907266,32772345,91.26
SRR1328599,52409228,50196818,95.77
SRR1328895,31171336,28996654,93.02
SRR1328919,37850150,34896638,92.19
SRR1328960,46905591,41884657,89.29
SRR1329090,38221844,35838816,93.76
SRR1329334,40024476,36574754,91.38
SRR1329377,71010326,68055553,95.83
SRR1329551,47292715,43088812,91.11
SRR1329761,46237028,41940169,90.70
SRR1329835,39693446,35557912,89.58
SRR1329885,44635819,40771260,91.34
SRR1330041,35947567,32111438,89.32
SRR1330061,36257057,32852665,90.61
SRR1330346,59495742,55768468,93.73
SRR1330498,56232832,44263519,78.71
SRR1330546,62017392,57786840,93.17
SRR1330656,46060887,42872883,93.07
SRR1330675,47378706,43159993,91.09
SRR1330699,54306584,44729141,82.36
SRR1331289,42669030,39239827,91.96
SRR1331335,43347528,37950640,87.54
SRR1331466,48919131,44132081,90.21
SRR1331511,62495906,59905253,95.85
SRR1331534,40663568,35842565,88.14
SRR1331579,44863842,42892647,95.60
SRR1331597,58391808,55752001,95.47
SRR1331751,37070842,34615062,93.37
SRR1331841,34470679,31634455,91.77
SRR1331944,44170668,41550359,94.06
SRR1332048,35660820,32309227,90.60
SRR1332275,33356523,30989190,92.90
SRR1332317,38282148,29969475,78.28
SRR1332796,34177556,30560401,89.41
SRR1332856,64805159,62038870,95.73
SRR1333352,40151055,37744621,94.00
SRR1333587,38274443,35076575,91.64
SRR1333694,37773996,33565804,88.85
SRR1333741,43852763,39782639,90.71
SRR1333767,47493451,43471543,91.53
SRR1333930,38140657,34445245,90.31
SRR1334033,50608216,46256400,91.40
SRR1334440,38253893,34065685,89.05
SRR1334564,44415694,36974452,83.24
SRR1334717,49354028,44203361,89.56
SRR1334741,39928438,36122745,90.46
SRR1334847,36207305,33190718,91.66
SRR1334960,39057322,35971904,92.10
SRR1335029,39327940,36901274,93.82
SRR1335047,32916431,30151434,91.59
SRR1335064,48400446,43054868,88.95
SRR1335254,42281987,37983219,89.83
SRR1335377,46992182,41600330,88.52
SRR1335400,42520253,36707596,86.32
SRR1335446,43954246,39071949,88.89
SRR1335651,43601456,38924143,89.27
SRR1335688,36795610,33661571,91.48
SRR1335707,40088472,33114671,82.60
SRR1335856,39135695,34702541,88.67
SRR1336006,55577927,47822646,86.04
SRR1336069,34789130,31566419,90.73
SRR1336158,37176139,32291162,86.85
SRR1336292,45038291,41243009,91.57
SRR1336357,57181274,54127982,94.66
SRR1336379,38381584,36056869,93.94
SRR1336481,46394573,40897969,88.15
SRR1336548,34779594,32377831,93.09
SRR1336660,40745213,36910554,90.58
SRR1336727,49600828,47382255,95.52
SRR1336887,52809356,47001061,89.00
SRR1337074,57371800,48601247,84.71
SRR1337098,41257713,36735114,89.03
SRR1337119,32828039,30864008,94.01
SRR1337412,39428897,36622932,92.88
SRR1337431,37867080,32090986,84.74
SRR1337564,46518470,40564461,87.20
SRR1337648,37045712,31007874,83.70
SRR1337864,45291283,41819813,92.33
SRR1337909,62658214,60112739,95.93
SRR1338219,46417119,42292562,91.11
SRR1338301,39154147,35467959,90.58
SRR1338323,40930292,35382467,86.44
SRR1338584,39315012,35895613,91.30
SRR1338627,76506140,73441647,95.99
SRR1338669,48334445,44572809,92.21
SRR1338923,41009082,37475246,91.38
SRR1339218,33699716,28685989,85.12
SRR1339387,35047655,31621327,90.22
SRR1339530,41421892,37445314,90.39
SRR1339549,41915404,37830064,90.25
SRR1339651,48722251,42537521,87.30
SRR1339740,32755089,30523228,93.18
SRR1339968,51459053,47707325,92.70
SRR1340095,40839175,31540304,77.23
SRR1340133,39579182,35580649,89.89
SRR1340202,40228137,37559092,93.36
SRR1340301,32656815,29164308,89.30
SRR1340420,35514926,31735415,89.35
SRR1340463,44663164,39202218,87.77
SRR1340508,145018970,131789347,90.87
SRR1340700,100677272,96714977,96.06
SRR1340907,35618163,32460616,91.13
SRR1341008,43378240,39384916,90.79
SRR1341057,37837092,35353775,93.43
SRR1341277,42037888,38636335,91.90
SRR1341365,36577725,34418690,94.09
SRR1341387,36311967,34114308,93.94
SRR1341521,42446538,36568699,86.15
SRR1341605,47394172,42015714,88.65
SRR1341702,35816901,31832887,88.87
SRR1341763,55906928,45188315,80.82
SRR1341898,44088862,41082521,93.18
SRR1342045,44376208,34579467,77.92
SRR1343115,58735658,56273347,95.80
SRR1343197,39206860,35894762,91.55
SRR1343281,41861415,40205115,96.04
SRR1343481,43593213,39865626,91.44
SRR1343841,37463425,35213819,93.99
SRR1343879,37915125,34180608,90.15
SRR1345478,38308709,35932595,93.79
SRR1346670,35561604,33012792,92.83
SRR1346813,40566818,37791766,93.15
SRR1347688,41884880,38344509,91.54
SRR1348021,44393057,40699394,91.67
SRR1348159,59263788,53845355,90.85
SRR1348339,48569847,42968525,88.46
SRR1348360,35864967,33636876,93.78
SRR1348424,51458039,48424739,94.10
SRR1348446,39479655,36587307,92.67
SRR1348770,56952372,49887608,87.59
SRR1348861,57179826,53142818,92.93
SRR1349013,81317976,75303497,92.60
SRR1349056,58783022,52742740,89.72
SRR1349829,43384655,39288108,90.55
SRR1350107,34617689,28658980,82.78
SRR1350220,39702688,37003307,93.20
SRR1350456,116012307,111155113,95.81
SRR1350525,35169115,31351436,89.14
SRR1351325,64906549,61088309,94.11
SRR1351880,49000881,44179822,90.16
SRR1352129,36868379,30736739,83.36
SRR1352415,48167562,39684344,82.38
SRR1352554,46670357,44300278,94.92
SRR1352706,39438750,37592167,95.31
SRR1352954,50305163,47783843,94.98
SRR1352975,54879968,52527520,95.71
SRR1353157,39241495,36491215,92.99
SRR1353176,37551238,33741499,89.85
SRR1353221,39545073,31120073,78.69
SRR1353285,54620854,50220646,91.94
SRR1354013,60792213,57258393,94.18
SRR1354446,43045246,38152056,88.63
SRR1354577,51656795,48239878,93.38
SRR1354689,54693295,52013831,95.10
SRR1354734,42920972,40394511,94.11
SRR1354910,41371350,38823641,93.84
SRR1355040,34192886,31086541,90.91
SRR1355061,41362461,37028823,89.52
SRR1355150,39643422,34365415,86.68
SRR1355262,41254672,37898260,91.86
SRR1355373,66334606,63358648,95.51
SRR1355595,61133759,58489018,95.67
SRR1355613,35717376,32387854,90.67
SRR1355635,42897204,39989438,93.22
SRR1356036,34950430,31553489,90.28
SRR1356204,58440382,51878418,88.77
SRR1356375,32144165,29416683,91.51
SRR1356444,43107016,38408238,89.09
SRR1356619,43116728,38353352,88.95
SRR1357021,43079291,40454584,93.90
SRR1357189,43535944,37538918,86.22
SRR1357413,40153923,36034639,89.74
SRR1357434,39055528,35353981,90.52
SRR1357478,58656084,56065103,95.58
SRR1357523,43392785,38382078,88.45
SRR1358102,44539242,38406639,86.23
SRR1358183,46807600,43417264,92.75
SRR1358501,38727402,35447928,91.53
SRR1358561,33940717,31752003,93.55
SRR1358689,40569830,36309860,89.49
SRR1358826,45408172,42528278,93.65
SRR1359123,47556647,42618674,89.61
SRR1359171,37280930,34802332,93.35
SRR1359192,46014844,42163523,91.63
SRR1359367,34924873,32780158,93.85
SRR1359388,42361124,38713545,91.38
SRR1359630,38718448,36671338,94.71
SRR1359649,47488228,43035980,90.62
SRR1359673,41409700,36328885,87.73
SRR1360038,36387685,34250749,94.12
SRR1360104,42450134,38133560,89.83
SRR1360128,36286897,28545272,78.66
SRR1360150,35929567,28365627,78.94
SRR1360383,42081011,38334082,91.09
SRR1360563,51367995,46775240,91.05
SRR1360674,32984939,29951531,90.80
SRR1360718,40245880,37141979,92.28
SRR1360744,40553883,36848374,90.86
SRR1360868,35100266,32244306,91.86
SRR1361567,33309304,29125458,87.43
SRR1361674,35700398,33518888,93.88
SRR1361714,50624030,39548438,78.12
SRR1361736,34694288,30621431,88.26
SRR1361757,30227551,28260999,93.49
SRR1361795,63147047,56135276,88.89
SRR1362060,37228151,34700040,93.20
SRR1362183,52967311,49079120,92.65
SRR1362219,53936558,49066912,90.97
SRR1362417,63164421,60597339,95.93
SRR1362464,37604417,33432721,88.90
SRR1362532,53696342,47302161,88.09
SRR1362643,59545427,57043829,95.79
SRR1362777,42045078,37463323,89.10
SRR1362888,55259054,51124710,92.51
SRR1363633,32664444,30582803,93.62
SRR1363810,40166420,35909617,89.40
SRR1363992,42233749,39700316,94.00
SRR1364676,45225497,42188598,93.28
SRR1364739,45150757,40964336,90.72
SRR1364800,46269293,39925263,86.28
SRR1364893,35170025,32894774,93.53
SRR1365828,39801524,36957866,92.85
SRR1365987,39732935,35388331,89.06
SRR1366057,43138102,38592050,89.46
SRR1366141,35406902,33146025,93.61
SRR1366433,32780803,29790614,90.87
SRR1366579,47496004,43339602,91.24
SRR1366961,43286295,39471129,91.18
SRR1367128,65526458,61158259,93.33
SRR1367870,36093946,32929387,91.23
SRR1367943,41043374,37049921,90.27
SRR1368178,39167718,36011894,91.94
SRR1368222,41363541,35043009,84.71
SRR1368772,44201543,39971153,90.42
SRR1368835,60599902,57910539,95.56
SRR1368856,42378727,40386894,95.29
SRR1368964,45247034,35236825,77.87
SRR1369148,38594637,36181708,93.74
SRR1369219,57680410,53813284,93.29
SRR1370129,48776022,44924404,92.10
SRR1370173,41312425,38496371,93.18
SRR1370240,90442862,68652336,75.90
SRR1370262,79168684,75694205,95.61
SRR1370405,47367587,45074842,95.15
SRR1370473,59408341,56066297,94.37
SRR1370619,38528804,32925519,85.45
SRR1370797,50447311,48134123,95.41
SRR1373858,38090335,33490089,87.92
SRR1373940,48944868,43906352,89.70
SRR1374115,47025000,41836125,88.96
SRR1374221,47323602,41491991,87.67
SRR1374246,49154555,42821289,87.11
SRR1374414,42473404,40495397,95.34
SRR1375203,46040334,41841377,90.87
SRR1375271,34055840,29094358,85.43
SRR1375308,39928427,35698964,89.40
SRR1375571,45018064,35547264,78.96
SRR1375616,41418494,38698139,93.43
SRR1375635,39069711,34343379,87.90
SRR1375907,37261681,34878430,93.60
SRR1375927,51755927,46923943,90.66
SRR1375952,56248070,47567603,84.56
SRR1375976,47490605,40818988,85.95
SRR1376270,59765542,48765392,81.59
SRR1376597,36474445,33009078,90.49
SRR1377445,58498615,55766214,95.32
SRR1377927,39231978,36149610,92.14
SRR1377984,30220655,28337194,93.76
SRR1378004,56267679,52903868,94.02
SRR1378155,62124394,56509783,90.96
SRR1378841,44371873,39061201,88.03
SRR1379238,54656635,48324689,88.41
SRR1379450,34691844,32400377,93.39
SRR1379562,43185054,35824647,82.95
SRR1380680,32961938,30693581,93.11
SRR1381543,70427836,67449800,95.77
SRR1381566,48198990,43158612,89.54
SRR1381632,42441790,38064197,89.68
SRR1381673,28381039,26516787,93.43
SRR1381757,40690817,38879060,95.54
SRR1381889,47370161,39949410,84.33
SRR1382532,56795054,54140853,95.32
SRR1382570,43662930,38143342,87.35
SRR1382708,48591320,44158471,90.87
SRR1382732,35666743,31996056,89.70
SRR1382869,42297041,38672004,91.42
SRR1382956,61135684,57643646,94.28
SRR1383018,46125515,42207310,91.50
SRR1383059,49091348,38553820,78.53
SRR1383612,56080506,53688347,95.73
SRR1383633,56976189,54402115,95.48
SRR1383723,71741553,67794018,94.49
SRR1383831,39334407,35469978,90.17
SRR1384030,44463815,40880206,91.94
SRR1384234,51374585,43938704,85.52
SRR1385015,46573901,44550985,95.65
SRR1385036,62294943,58737710,94.28
SRR1385080,53664141,47463671,88.44
SRR1385124,41149595,36051372,87.61
SRR1386708,53896780,50614837,93.91
SRR1386818,52280970,47220303,90.32
SRR1387032,37782243,34513479,91.34
SRR1387072,41360496,38499030,93.08
SRR1387178,56670863,54393433,95.98
SRR1387199,71039109,67979698,95.69
SRR1387264,48264095,44346699,91.88
SRR1387809,47644912,44552179,93.50
SRR1387833,55052245,48693264,88.44
SRR1387875,39470030,36887115,93.45
SRR1387945,55591172,53284671,95.85
SRR1387989,47381992,42401578,89.48
SRR1388007,52825550,49264883,93.25
SRR1388168,34438449,31008241,90.03
SRR1388305,38968887,36697025,94.17
SRR1388323,43430917,38413013,88.44
SRR1388378,63582876,60948712,95.85
SRR1388480,45181338,40810481,90.32
SRR1388504,38341822,35352359,92.20
SRR1388979,44693289,42617060,95.35
SRR1389036,53261378,50913563,95.59
SRR1389059,55533149,49646655,89.40
SRR1389218,50735555,47379574,93.38
SRR1389348,34812015,32715985,93.97
SRR1389979,30533679,28525766,93.42
SRR1390516,47891213,42401435,88.53
SRR1390582,27911027,25485484,91.30
SRR1390601,46341411,41588903,89.74
SRR1391598,38599382,36058001,93.41
SRR1391639,38588161,36224114,93.87
SRR1391769,34086396,32027276,93.95
SRR1391879,77576460,73424825,94.64
SRR1391922,52478984,43723112,83.31
SRR1392637,45109757,40259253,89.24
SRR1392725,37342476,32034574,85.78
SRR1392985,44752709,41915319,93.65
SRR1393068,43587983,40820888,93.65
SRR1393553,34000604,31516040,92.69
SRR1394147,44573228,33978059,76.22
SRR1394297,71065071,63878802,89.88
SRR1394343,47243081,41128114,87.05
SRR1394450,50020096,42998963,85.96
SRR1394566,57138744,46599716,81.55
SRR1394677,34663540,32393857,93.45
SRR1394713,53915791,51605477,95.71
SRR1394755,34232552,32043852,93.60
SRR1394799,44030269,40985484,93.08
SRR1394936,46191337,44231854,95.75
SRR1395834,36773236,34664517,94.26
SRR1395951,68639247,65533172,95.47
SRR1396078,43816000,38795932,88.54
SRR1396123,59255569,56614877,95.54
SRR1396595,42377572,38305146,90.39
SRR1396640,33337266,30409634,91.21
SRR1396659,39104891,34115497,87.24
SRR1397008,54148506,50901826,94.00
SRR1397073,32249068,29093640,90.21
SRR1397094,62240059,59479927,95.56
SRR1397266,40947657,37291093,91.07
SRR1397906,38300689,34197382,89.28
SRR1398157,33684045,30634237,90.94
SRR1398411,38649120,35765578,92.53
SRR1398839,31286789,29594948,94.59
SRR1398992,49882720,46035526,92.28
SRR1399028,39601598,35779092,90.34
SRR1399051,46012881,43905255,95.41
SRR1399092,35647707,32170240,90.24
SRR1399201,45148960,38702735,85.72
SRR1399779,44777106,42769568,95.51
SRR1399904,41482085,33408793,80.53
SRR1400245,49909430,45268416,90.70
SRR1400269,80693444,77481430,96.01
SRR1400375,38748421,35094886,90.57
SRR1400997,29742627,27811661,93.50
SRR1401062,45518945,38992467,85.66
SRR1401276,41837155,38954754,93.11
SRR1401295,43467492,35145126,80.85
SRR1401424,40376591,36847087,91.25
SRR1401552,42834063,37879663,88.43
SRR1401953,34216233,31266444,91.37
SRR1402239,37764237,32554541,86.20
SRR1402454,45344535,41498304,91.51
SRR1402473,40729553,38755153,95.15
SRR1402513,34212728,29738999,86.92
SRR1402840,37277380,35021093,93.94
SRR1402882,44739890,42518017,95.03
SRR1402900,39059967,35921912,91.96
SRR1403050,52193761,47879173,91.73
SRR1403222,46331389,44101790,95.18
SRR1403831,44352044,40634408,91.61
SRR1403875,49215159,47013041,95.52
SRR1403915,42548547,39641454,93.16
SRR1403958,39736988,36077421,90.79
SRR1404168,41090473,37911176,92.26
SRR1404601,61411055,57427586,93.51
SRR1404640,50843063,44753078,88.02
SRR1404969,45692936,38264672,83.74
SRR1405007,42473493,38633773,90.95
SRR1405224,36561006,32843295,89.83
SRR1405485,40222228,36809899,91.51
SRR1406561,40349815,36601915,90.71
SRR1406917,47529921,44230240,93.05
SRR1406976,41581491,38628457,92.89
SRR1407134,34773981,30447339,87.55
SRR1407315,41874160,38597145,92.17
SRR1407560,66284467,62980898,95.01
SRR1408113,40108669,36305129,90.51
SRR1408208,50821307,47210825,92.89
SRR1408285,42867624,40653955,94.83
SRR1408327,46614412,42100246,90.31
SRR1408368,42310764,38618342,91.27
SRR1408769,37475888,31614347,84.35
SRR1409282,53074044,50648875,95.43
SRR1409305,37977338,35458087,93.36
SRR1409351,43556695,38453416,88.28
SRR1409534,30900440,28900595,93.52
SRR1409899,35464068,32367326,91.26
SRR1410264,45776329,41602333,90.88
SRR1410448,54969589,52517328,95.53
SRR1410656,39609101,36356567,91.78
SRR1410783,50143147,47828177,95.38
SRR1410912,37699156,29603152,78.52
SRR1410934,57814940,54558094,94.36
SRR1410956,34468203,31887623,92.51
SRR1411024,39000274,35459395,90.92
SRR1413414,46914948,37192962,79.27
SRR1413454,104437357,90754846,86.89
SRR1413522,37777703,33650543,89.07
SRR1413562,42106121,38817140,92.18
SRR1413625,37256782,33508505,89.93
SRR1413768,47190904,45083246,95.53
SRR1413959,42277763,39452858,93.31
SRR1414424,34934911,30906815,88.46
SRR1414595,53392702,50100575,93.83
SRR1414684,41677545,36896107,88.52
SRR1414833,47049324,42471351,90.26
SRR1414897,40804967,37928311,92.95
SRR1415095,56001224,51936182,92.74
SRR1415215,47581290,44933907,94.43
SRR1415234,36714699,32131874,87.51
SRR1415337,54716609,52232795,95.46
SRR1415732,43048256,39556762,91.88
SRR1415832,36580437,33053376,90.35
SRR1415895,33594781,31435741,93.57
SRR1416096,41914251,37440353,89.32
SRR1416410,43605238,39310112,90.14
SRR1416434,35784023,33354674,93.21
SRR1416477,33554895,31559024,94.05
SRR1416754,46390830,43185590,93.09
SRR1416889,33538428,30308899,90.37
SRR1416999,43499032,39736156,91.34
SRR1417047,44479267,39198138,88.12
SRR1417070,42424767,39115857,92.20
SRR1417111,38998925,35665780,91.45
SRR1417202,43234205,34144265,78.97
SRR1417505,40957303,36764812,89.76
SRR1417827,45149477,41504350,91.92
SRR1417912,55132262,49445193,89.68
SRR1417981,45026434,39850404,88.50
SRR1418127,44620660,41879369,93.85
SRR1418283,47507091,43623881,91.82
SRR1418604,41878704,37762232,90.17
SRR1418818,39347275,36748161,93.39
SRR1418837,37136109,34007945,91.57
SRR1418923,45006951,37529864,83.38
SRR1418992,53178400,43898983,82.55
SRR1419148,41293150,39559886,95.80
SRR1419187,30213149,27640776,91.48
SRR1419675,51700073,48016671,92.87
SRR1419714,58058980,54834482,94.44
SRR1419893,46024855,42058084,91.38
SRR1420215,60716331,58132534,95.74
SRR1420493,48067013,43850307,91.22
SRR1420625,49447530,44904665,90.81
SRR1420891,43531149,38688977,88.87
SRR1420984,54205602,49670908,91.63
SRR1421093,41727953,36811464,88.21
SRR1421140,45909655,41830948,91.11
SRR1421177,33302563,30141073,90.50
SRR1421198,39699164,37291362,93.93
SRR1421305,33179858,30599116,92.22
SRR1421351,38008997,34150196,89.84
SRR1421375,44475520,39130073,87.98
SRR1429162,39015991,34933334,89.53
SRR1429244,55846243,52049222,93.20
SRR1429307,50050710,45821701,91.55
SRR1429329,41653171,38857019,93.28
SRR1429641,48056671,44002051,91.56
SRR1429725,39254523,34141924,86.97
SRR1429891,61406625,58647121,95.50
SRR1429935,71652583,67417834,94.08
SRR1429957,70172611,66234016,94.38
SRR1430248,30330852,27990881,92.28
SRR1430288,35716463,31644378,88.59
SRR1430570,32714074,30760488,94.02
SRR1430817,41489600,34105281,82.20
SRR1430884,37767196,34274587,90.75
SRR1430972,34675898,31651813,91.27
SRR1431183,38083042,30313710,79.59
SRR1431229,42120664,37822875,89.79
SRR1431307,40317368,36917622,91.56
SRR1431345,56380369,53942957,95.67
SRR1431366,38570901,35110823,91.02
SRR1431717,43223612,41283115,95.51
SRR1432067,46791992,44669433,95.46
SRR1432123,61186596,57749441,94.38
SRR1432275,45266148,39654440,87.60
SRR1432321,42003056,32824356,78.14
SRR1432343,71107250,62147725,87.39
SRR1432765,34514821,29174471,84.52
SRR1432823,53632338,51361150,95.76
SRR1433088,34462237,32671474,94.80
SRR1433431,52283837,50161343,95.94
SRR1433600,73248240,69814566,95.31
SRR1433644,46792430,43299704,92.53
SRR1433750,34687615,31690355,91.35
SRR1433796,39476051,34534220,87.48
SRR1433971,36997642,34974673,94.53
SRR1434138,45121665,38006314,84.23
SRR1434250,62333688,54105068,86.79
SRR1434271,34603384,32729553,94.58
SRR1434484,44746758,37540765,83.89
SRR1434526,38682757,35494941,91.75
SRR1434782,55921081,53431682,95.54
SRR1434803,39700693,36981081,93.14
SRR1434867,40653985,35358753,86.97
SRR1434934,48692229,46662311,95.83
SRR1435020,52971274,47841247,90.31
SRR1435293,51142650,47108056,92.11
SRR1435484,34407243,31490995,91.52
SRR1435536,39809546,35546387,89.29
SRR1435753,40385392,36442774,90.23
SRR1435775,35607143,32750750,91.97
SRR1435884,77401524,71879113,92.86
SRR1435901,48602917,44600572,91.76
SRR1436106,141592301,132363717,93.48
SRR1436394,35104517,32052603,91.30
SRR1436444,42216209,38057253,90.14
SRR1436966,47313490,43727291,92.42
SRR1437306,49431776,45627637,92.30
SRR1437538,37962530,34527386,90.95
SRR1437555,50633963,48738460,96.25
SRR1439674,47191231,41239478,87.38
SRR1439807,85163278,77485392,90.98
SRR1439850,47318136,41575925,87.86
SRR1439873,61078817,58359114,95.54
SRR1440013,35879535,30460092,84.89
SRR1440058,44666964,39870603,89.26
SRR1440082,39566116,36331239,91.82
SRR1440119,43560437,41028291,94.18
SRR1440246,32704796,29577678,90.43
SRR1440308,44379535,35569995,80.14
SRR1440356,38673120,36932258,95.49
SRR1440517,42704941,38426284,89.98
SRR1440699,37832062,29695635,78.49
SRR1440763,35143680,32970272,93.81
SRR1440876,55657383,52515162,94.35
SRR1440962,53334586,43706144,81.94
SRR1440986,59359862,54184168,91.28
SRR1441118,56396180,53661654,95.15
SRR1441141,37893596,35525913,93.75
SRR1441200,36694839,33554069,91.44
SRR1441224,66177265,63306912,95.66
SRR1441546,35272967,31485631,89.26
SRR1441701,45735633,40748317,89.09
SRR1442022,36197288,33825723,93.44
SRR1442195,31798708,29942347,94.16
SRR1442356,28334626,26294859,92.80
SRR1442571,30534006,28488438,93.30
SRR1442666,38454034,34714253,90.27
SRR1442885,49792899,46125282,92.63
SRR1443201,36089353,32144430,89.06
SRR1443612,33693477,31476710,93.42
SRR1443713,236594898,221568903,93.64
SRR1443824,37221675,32401786,87.05
SRR1443895,41453238,39747977,95.88
SRR1443955,44309991,35470017,80.04
SRR1443979,59538767,52945358,88.92
SRR1444102,37581294,35872914,95.45
SRR1444460,42344670,39875892,94.16
SRR1444479,46517681,36485502,78.43
SRR1444559,47761406,44882179,93.97
SRR1444580,43830930,40668629,92.78
SRR1444622,33629684,30547232,90.83
SRR1444678,37949704,33525311,88.34
SRR1444876,34077802,30994949,90.95
SRR1444932,66751102,63140633,94.59
SRR1445149,55678163,48589650,87.26
SRR1445238,32480643,29701322,91.44
SRR1445328,40889550,37928979,92.75
SRR1445347,43609658,40299764,92.41
SRR1445408,47696975,45461481,95.31
SRR1445514,39669011,37853881,95.42
SRR1445532,44828506,42800918,95.47
SRR1445895,40961587,38443795,93.85
SRR1446071,37455235,34095925,91.03
SRR1446092,49835936,46883733,94.07
SRR1446287,30666985,27612084,90.03
SRR1446762,41822709,35494072,84.86
SRR1446828,64222335,58915541,91.73
SRR1446892,42825462,39958700,93.30
SRR1446937,42318543,38838263,91.77
SRR1447259,44010715,34595853,78.60
SRR1447393,41948713,37309297,88.94
SRR1447693,37933556,34805058,91.75
SRR1447986,73267647,69223689,94.48
SRR1448162,32498330,30326431,93.31
SRR1448226,39092704,36426306,93.17
SRR1451897,42968990,38682165,90.02
SRR1451964,52369776,48512312,92.63
SRR1452056,35605281,31407301,88.20
SRR1452292,35972298,30496933,84.77
SRR1452379,27561204,25818241,93.67
SRR1452447,31889395,29766378,93.34
SRR1453145,44312738,42485791,95.87
SRR1453214,45786629,39960970,87.27
SRR1453341,35859376,33447707,93.27
SRR1453569,39431477,36652933,92.95
SRR1453702,46170517,38800213,84.03
SRR1453851,57616337,45861409,79.59
SRR1453932,56750082,52446839,92.41
SRR1454803,39254571,37458884,95.42
SRR1454950,36629380,32876833,89.75
SRR1455060,66512859,62267017,93.61
SRR1455171,55302302,50902319,92.04
SRR1455305,34715364,32684075,94.14
SRR1455369,33223391,30844303,92.83
SRR1455677,48194062,45966044,95.37
SRR1455698,49212526,39847619,80.97
SRR1455925,59500493,57062643,95.90
SRR1456294,29329437,27457870,93.61
SRR1456333,35350308,33022933,93.41
SRR1456514,52901923,49087588,92.78
SRR1456531,48627877,45042183,92.62
SRR1456841,38410920,36031069,93.80
SRR1456903,40045414,37476171,93.58
SRR1456950,45468374,40504879,89.08
SRR1457221,61319496,55894897,91.15
SRR1457418,43949726,41063153,93.43
SRR1457482,38917655,36358253,93.42
SRR1457503,43553489,39116825,89.81
SRR1457551,42714964,37518372,87.83
SRR1457597,38003774,34471560,90.70
SRR1458044,35209431,32580494,92.53
SRR1458134,50598545,45109700,89.15
SRR1458180,56718611,48239778,85.05
SRR1458422,44289713,41442103,93.57
SRR1458595,44341813,39616084,89.34
SRR1458810,54134637,45992848,84.96
SRR1459033,38779107,34289863,88.42
SRR1459211,46402616,44364341,95.60
SRR1459423,59024085,54123443,91.69
SRR1459441,50717996,43742418,86.24
SRR1459585,54679640,46652298,85.31
SRR1459655,38013762,34366246,90.40
SRR1459718,32234326,29099480,90.27
SRR1459804,33072045,30940974,93.55
SRR1460170,54725804,50962187,93.12
SRR1464305,46445074,36719713,79.06
SRR1464327,41256529,37469928,90.82
SRR1464373,44145087,39481802,89.43
SRR1464411,57789205,55312225,95.71
SRR1464451,44525362,36681519,82.38
SRR1465114,57695871,53766053,93.18
SRR1465132,40365179,37072594,91.84
SRR1465337,48799092,44964615,92.14
SRR1465356,46288606,42196153,91.15
SRR1465632,39327857,34444682,87.58
SRR1465917,51329839,49046679,95.55
SRR1466069,41516464,37710896,90.83
SRR1466357,32594393,29499628,90.50
SRR1466641,30569048,28627559,93.64
SRR1466833,58848052,54430710,92.49
SRR1466850,35783287,33504208,93.63
SRR1466871,45846008,43827996,95.59
SRR1466975,44394045,42344890,95.38
SRR1466993,45706433,42050886,92.00
SRR1467011,52013832,48210675,92.68
SRR1467212,56125548,53687175,95.65
SRR1467255,46090349,40723775,88.35
SRR1467294,55117231,51447839,93.34
SRR1467364,34920956,32357873,92.66
SRR1467455,38389970,35772878,93.18
SRR1467590,41187268,38179701,92.69
SRR1467813,56453337,45518552,80.63
SRR1467882,47004496,42761561,90.97
SRR1468141,41681868,36386850,87.29
SRR1468381,34263566,31859946,92.98
SRR1468403,57602123,50235848,87.21
SRR1468514,59553052,55203585,92.69
SRR1468574,36127469,32474752,89.88
SRR1468955,42294570,38569600,91.19
SRR1468974,37011862,33344166,90.09
SRR1469495,48281086,38158012,79.03
SRR1469904,39095037,35539439,90.90
SRR1470035,62819633,58425558,93.00
SRR1470111,46331813,44459162,95.95
SRR1470175,55073929,50951158,92.51
SRR1470212,45785631,43487225,94.98
SRR1470397,44104030,39276923,89.05
SRR1470703,62275505,57940460,93.03
SRR1470902,33224769,31178601,93.84
SRR1471350,45803754,41175166,89.89
SRR1471374,55584015,51677314,92.97
SRR1471417,41520605,38685714,93.17
SRR1471435,36212103,33947648,93.74
SRR1471773,33823351,30798267,91.05
SRR1471817,30933390,28671400,92.68
SRR1471903,39861859,36436384,91.40
SRR1471922,43616986,38616981,88.53
SRR1471943,44888161,41053535,91.45
SRR1472079,45183232,40364887,89.33
SRR1472150,57388469,54972743,95.79
SRR1472193,46735167,42669765,91.30
SRR1472301,41910796,37829041,90.26
SRR1472323,46536730,42456010,91.23
SRR1472394,40523763,38175373,94.20
SRR1472621,29820549,27849791,93.39
SRR1472663,52437949,46915108,89.46
SRR1472770,50373167,45112822,89.55
SRR1473185,41558809,38728268,93.18
SRR1473422,52972524,50656881,95.62
SRR1473590,52755730,49720014,94.24
SRR1473654,30286446,28274065,93.35
SRR1473733,37981811,34229366,90.12
SRR1473822,43758010,35387773,80.87
SRR1473936,66645153,63747165,95.65
SRR1473979,35533796,33341487,93.83
SRR1474065,54666587,49212817,90.02
SRR1474137,55644802,52133058,93.68
SRR1474333,45295879,42569148,93.98
SRR1474466,47641221,44125318,92.62
SRR1474509,46156870,41757165,90.46
SRR1474553,31663948,29624091,93.55
SRR1474684,52650347,47013652,89.29
SRR1474754,32195960,29136164,90.49
SRR1474777,56624353,52447734,92.62
SRR1474795,29537544,26840371,90.86
SRR1474886,43941504,35414246,80.59
SRR1474951,55206810,47934420,86.82
SRR1475022,34774388,31746893,91.29
SRR1475168,46290278,41471523,89.59
SRR1475257,40856715,36554181,89.46
SRR1475386,45106107,40836713,90.53
SRR1475609,44960298,41711521,92.77
SRR1475675,45708616,35310869,77.25
SRR1475737,47257539,42809854,90.58
SRR1475803,28909210,26887863,93.00
SRR1475909,59324613,56880678,95.88
SRR1475969,60330959,56014152,92.84
SRR1476186,33389370,30107891,90.17
SRR1476279,39452656,34528677,87.51
SRR1476407,36556694,33383026,91.31
SRR1476571,57609895,45550164,79.06
SRR1476614,49002963,41696450,85.08
SRR1476632,29816192,27880885,93.50
SRR1476676,55180457,52703325,95.51
SRR1477080,46417364,41932268,90.33
SRR1477104,33576583,29757690,88.62
SRR1477197,35861167,32266413,89.97
SRR1477385,28271387,26486262,93.68
SRR1477615,51837675,46480892,89.66
SRR1477634,41501240,38256131,92.18
SRR1477773,47548110,43315098,91.09
SRR1477971,38880125,36602699,94.14
SRR1478032,45796374,43571592,95.14
SRR1478077,42062746,37704344,89.63
SRR1478096,58796606,54587282,92.84
SRR1478294,59889214,56975691,95.13
SRR1478768,46568962,40210860,86.34
SRR1478946,62492717,59100977,94.57
SRR1479239,51644142,47189866,91.37
SRR1479510,32750324,29423894,89.84
SRR1479681,40883663,38973930,95.32
SRR1479759,34638254,32457769,93.70
SRR1479779,57367352,54794159,95.51
SRR1479802,44073428,38408953,87.14
SRR1479912,57316019,54577413,95.22
SRR1480059,53031090,48144594,90.78
SRR1480307,34361257,26684686,77.65
SRR1480365,39166274,36418277,92.98
SRR1480479,39773179,36115604,90.80
SRR1480652,60226954,57439658,95.37
SRR1480875,64588487,60316408,93.38
SRR1480988,43374454,37616276,86.72
SRR1481216,56296350,52970798,94.09
SRR1481462,48297398,39256562,81.28
SRR1485167,29446428,25813972,87.66
SRR1485290,38288732,33083806,86.40
SRR1485333,41289362,37029228,89.68
SRR1485459,55414884,47947282,86.52
SRR1485542,36560687,34294757,93.80
SRR1485652,51830285,47002345,90.68
SRR1485789,44958456,39275476,87.35
SRR1485892,68133462,63952836,93.86
SRR1485954,42153681,38299303,90.85
SRR1486097,35593668,33389827,93.80
SRR1486304,53022690,49149563,92.69
SRR1486475,53553097,51270827,95.73
SRR1486496,48430156,43386539,89.58
SRR1486560,46075348,41486536,90.04
SRR1486608,40955844,39061048,95.37
SRR1486626,38412240,35979197,93.66
SRR1486741,38468171,36119727,93.89
SRR1486863,58856333,53822533,91.44
SRR1487107,57863224,55418917,95.77
SRR1487194,55270645,52944782,95.79
SRR1487295,50605950,45789195,90.48
SRR1487321,33372479,31169276,93.39
SRR1487362,39017077,36519752,93.59
SRR1487685,36007055,33267000,92.39
SRR1487825,40585872,36872854,90.85
SRR1488172,36668772,32614831,88.94
SRR1488285,70126353,66440027,94.74
SRR1488349,42833746,40871280,95.41
SRR1488367,36737506,33331244,90.72
SRR1488538,47570174,42492421,89.32
SRR1488562,40985322,33443398,81.59
SRR1488651,38798342,34575058,89.11
SRR1488672,37101478,29972113,80.78
SRR1488715,36970383,33771574,91.34
SRR1488751,52569078,48061931,91.42
SRR1488836,58312507,54773950,93.93
SRR1489054,48060528,45979535,95.67
SRR1489137,46345896,39555166,85.34
SRR1489155,57440718,54072471,94.13
SRR1489177,74999126,70775630,94.36
SRR1489502,39777616,35866846,90.16
SRR1489779,53426676,48839142,91.41
SRR1489821,42098255,40163666,95.40
SRR1489971,41915754,37869693,90.34
SRR1490019,43234832,40536029,93.75
SRR1490382,56937088,53593587,94.12
SRR1490465,35910682,32501802,90.50
SRR1490524,36110731,33570836,92.96
SRR1490568,43266130,39114496,90.40
SRR1490613,59125891,55660079,94.13
SRR1491293,49291068,46999658,95.35
SRR1491311,37219630,33977933,91.29
SRR1498272,58357986,55712451,95.46
SRR1498482,46045655,39078149,84.86
SRR1498550,50210832,47677329,94.95
SRR1498616,42047990,37913720,90.16
SRR1498640,33180273,29725129,89.58
SRR1498702,61164982,50033166,81.80
SRR1498861,39751931,35557290,89.44
SRR1499193,37991955,34383849,90.50
SRR1499442,42529070,39243854,92.27
SRR1499630,41793875,38170998,91.33
SRR1499785,39216137,36895009,94.08
SRR1499823,70542935,64110198,90.88
SRR1499982,54028483,48731416,90.19
SRR1500405,39778858,34362054,86.38
SRR1500428,58644333,56116770,95.69
SRR1500537,43209097,39855094,92.23
SRR1500617,40701465,37427090,91.95
SRR1500639,38809081,35338747,91.05
SRR1500753,52595962,50474768,95.96
SRR1500800,38303239,34605179,90.34
SRR1500868,35358996,30999348,87.67
SRR1500998,44931452,41032017,91.32
SRR2157460,97524040,87957487,90.19
SRR2166176,97141504,87015065,89.57
SRR2166648,95493380,86383313,90.46
SRR2167030,103649114,93267521,89.98
SRR2167642,89242855,79941243,89.57
SRR2170408,97809650,87810014,89.77
SRR5125346,54904014,46379777,84.47
SRR5125347,54904014,46379777,84.47
SRR5125349,63175112,53441856,84.59
SRR5125350,63175112,53441856,84.59
SRR5125352,61760665,52363451,84.78
SRR5125353,61760665,52363451,84.78
SRR5125356,61699408,51761267,83.89
SRR5125357,61699408,51761267,83.89
SRR5125358,61300878,51868322,84.61
SRR5125359,61300878,51868322,84.61
SRR5125361,60790768,50842427,83.63
SRR5125362,60790768,50842427,83.63
SRR5125364,59147414,49918068,84.39
SRR5125365,59147414,49918068,84.39
SRR5125370,71051028,60051070,84.51
SRR5125371,71051028,60051070,84.51
SRR5125373,66332332,55900813,84.27
SRR5125374,66332332,55900813,84.27
SRR5125409,65784689,55707794,84.68
SRR5125410,65784689,55707794,84.68
SRR5125532,61421961,51759892,84.26
SRR5125533,61421961,51759892,84.26
SRR5125535,67923722,57360750,84.44
SRR5125536,67923722,57360750,84.44
SRR5125541,51970127,43500043,83.70
SRR5125542,51970127,43500043,83.70
SRR5125562,63447075,53488520,84.30
SRR5125563,63447075,53488520,84.30
SRR5125565,61012762,51767419,84.84
SRR5125566,61012762,51767419,84.84
SRR5125574,54429793,45423661,83.45
SRR5125575,54429793,45423661,83.45
SRR5125577,59285683,49169252,82.93
SRR5125578,59285683,49169252,82.93
SRR595926,61783980,52594252,85.12
SRR597927,53645586,47127409,87.84
SRR597977,58796673,33703427,57.32
SRR598009,63507285,46854151,73.77
SRR598124,55608656,39845873,71.65
SRR598196,51456351,45301173,88.03
SRR598253,66624119,53976301,81.01
SRR598276,46537556,30387543,65.29
SRR598332,58010435,45679800,78.74
SRR598396,46190844,30196890,65.37
SRR598428,65146587,55073840,84.53
SRR598533,68310028,56851596,83.22
SRR598638,52820471,42433019,80.33
SRR598671,45163430,34943575,77.37
SRR598768,47413249,41819384,88.20
SRR598862,55781264,39438859,70.70
SRR599192,85037542,57338371,67.42
SRR599225,52911614,47983842,90.68
SRR599448,46673323,31204507,66.85
SRR599486,38401715,28788744,74.96
SRR600348,51876180,45965049,88.60
SRR600361,44704825,39038601,87.32
SRR600385,63774672,50777905,79.62
SRR600445,57250450,46074283,80.47
SRR600533,76916484,45575128,59.25
SRR600560,55141646,47355937,85.88
SRR600608,59548920,52148756,87.57
SRR600724,104532840,37857001,36.21
SRR600754,43414514,35412435,81.56
SRR600876,51648548,31931724,61.82
SRR600957,55844316,48563903,86.96
SRR601006,57202230,45399642,79.36
SRR601098,55040562,46880575,85.17
SRR601122,63593923,54467752,85.64
SRR601169,75328275,61710173,81.92
SRR601201,62974067,50625336,80.39
SRR601287,54246234,43189240,79.61
SRR601500,53436255,45906774,85.90
SRR601669,31344946,22299598,71.14
SRR601755,65848193,56577552,85.92
SRR601787,108403745,49863451,45.99
SRR602131,181951974,24938929,13.70
SRR602169,55932234,45912133,82.08
SRR602193,50117973,42657795,85.11
SRR602271,43099604,32583621,75.60
SRR602314,48293406,39923541,82.66
SRR602365,47207772,33418503,70.79
SRR602516,50938455,46006962,90.31
SRR602540,59903163,45844593,76.53
SRR602598,49244814,32285621,65.56
SRR602622,49047276,39371326,80.27
SRR602704,63245401,47801235,75.58
SRR602728,55796674,35946782,64.42
SRR602808,53846838,31302239,58.13
SRR602839,57805882,39308105,68.00
SRR602871,50861630,43461671,85.45
SRR602927,59076138,37435253,63.36
SRR603068,53339811,33578372,62.95
SRR603333,58153195,34435783,59.21
SRR603397,48573187,38947286,80.18
SRR603534,65019520,52831216,81.25
SRR603596,46618216,36039524,77.30
SRR603658,45918560,34565222,75.27
SRR603752,53083600,45192213,85.13
SRR604026,45780084,36437361,79.59
SRR604050,53862430,32934670,61.14
SRR604074,60581238,52562925,86.76
SRR604098,59171879,50288068,84.98
SRR604146,31184121,28450638,91.23
SRR604262,77343516,66216789,85.61
SRR604318,68422510,53596575,78.33
SRR604366,57264005,41200966,71.94
SRR604456,44193493,39856139,90.18
SRR604528,48637984,39676307,81.57
SRR607091,84640025,49437272,58.40
SRR607141,61333567,50030871,81.57
SRR607311,31684729,24555263,77.49
SRR607337,68836479,57591683,83.66
SRR607406,92955826,36059794,38.79
SRR607445,64656662,52664387,81.45
SRR607478,54364880,47929970,88.16
SRR607538,53757645,36537289,67.96
SRR607611,111690271,46107068,41.28
SRR607775,180399016,25361106,14.05
SRR607887,50042313,41626794,83.18
SRR607935,52445710,35950796,68.54
SRR607967,32450679,29894458,92.12
SRR608002,47190415,40913424,86.69
SRR608174,68134292,58796175,86.29
SRR608230,101935122,50496691,49.53
SRR608368,59334313,50172937,84.55
SRR608456,56114792,43313664,77.18
SRR608574,45250740,29406370,64.98
SRR608598,58721135,45340759,77.21
SRR608662,69466503,55076468,79.28
SRR608718,54050729,38265161,70.79
SRR612311,48482802,40955070,84.47
SRR612380,43244299,36905134,85.34
SRR612407,47222952,21646752,45.83
SRR612419,47692187,41215688,86.42
SRR612443,43837503,38035092,86.76
SRR612455,32652462,24346979,74.56
SRR612563,57975154,27548342,47.51
SRR612575,55072754,14023540,25.46
SRR612623,35823474,30801084,85.98
SRR612731,49863924,21681900,43.48
SRR612899,50745602,30403104,59.91
SRR613042,44650478,34696595,77.70
SRR613090,50504888,32842420,65.02
SRR613114,53025518,17373338,32.76
SRR613270,47979703,28032655,58.42
SRR613354,41779632,19877859,47.57
SRR613366,37317043,29883465,80.07
SRR613438,47158132,34940232,74.09
SRR613474,44772397,17511418,39.11
SRR613498,54471469,46205395,84.82
SRR613579,45392840,39830335,87.74
SRR613627,50794464,39493425,77.75
SRR613735,47004300,20855543,44.36
SRR613747,55972928,33315067,59.51
SRR613807,48321422,20061481,41.51
SRR614071,53990159,35121532,65.05
SRR614083,54904696,32040109,58.35
SRR614155,58841810,30777832,52.30
SRR614310,43381380,37629581,86.74
SRR614323,55258739,39927377,72.25
SRR614383,57448220,42110370,73.30
SRR614443,42879280,35421530,82.60
SRR614455,55718751,44841007,80.47
SRR614479,59573047,27428944,46.04
SRR614515,48590390,24836172,51.11
SRR614539,40054811,18990063,47.41
SRR614563,51185973,44318273,86.58
SRR614647,52976545,31663732,59.76
SRR614742,50350015,8815968,17.50
SRR614802,37308969,23102778,61.92
SRR614814,60685162,33889082,55.84
SRR614900,50386307,30836667,61.20
SRR614924,28143817,7636798,27.13
SRR615020,45290498,24838364,54.84
SRR615096,41706758,15485456,37.12
SRR615141,59777557,31541840,52.76
SRR615213,54346093,18243890,33.56
SRR615249,53698904,31671323,58.97
SRR615467,52910977,33031415,62.42
SRR615515,52473725,18752441,35.73
SRR615599,51581371,33042373,64.05
SRR615731,37161656,13513441,36.36
SRR615766,51512760,18306892,35.53
SRR615838,33583295,24278820,72.29
SRR615934,40756038,28146383,69.06
SRR627299,30936005,17259655,55.79
SRR627421,25211765,11297752,44.81
SRR627425,32499997,16210662,49.87
SRR627429,39665115,28090610,70.81
SRR627433,29653186,17014508,57.37
SRR627449,32181002,23327727,72.48
SRR627451,34475292,24427188,70.85
SRR627453,25054027,13855623,55.30
SRR627455,43462132,30804535,70.87
SRR627462,36487822,25519344,69.93
SRR654874,44924424,30954076,68.90
SRR654886,41362296,29075456,70.29
SRR655111,90286739,78241386,86.65
SRR655134,64656646,50812635,78.58
SRR655146,81609558,66844481,81.90
SRR655218,75029782,60796674,81.03
SRR655375,97726090,82376098,84.29
SRR655435,47693297,37966711,79.60
SRR655555,85898952,76447558,88.99
SRR655590,19877223,7805029,39.26
SRR655649,87662862,77828011,88.78
SRR655684,41553678,37327664,89.82
SRR655864,67873267,54597666,80.44
SRR655923,67816621,43525246,64.18
SRR656167,37063551,24827572,66.98
SRR656179,62922321,55358579,87.97
SRR656493,49676176,20219852,40.70
SRR656516,55127529,22564779,40.93
SRR656552,26857984,11912016,44.35
SRR656564,66639884,37256203,55.90
SRR656745,92618061,83346895,89.98
SRR657127,51291541,36555948,71.27
SRR657151,56518672,47089662,83.31
SRR657325,84560985,74802917,88.46
SRR657348,62798974,53612395,85.37
SRR657587,80814075,66677564,82.50
SRR657635,86438953,75713084,87.59
SRR657683,32741375,28000077,85.51
SRR657731,69980479,55907633,79.89
SRR657754,81322822,57475205,70.67
SRR657777,39389338,27211723,69.08
SRR657891,44636569,36958641,82.79
SRR657915,49333096,44610313,90.42
SRR657973,60620705,49555531,81.74
SRR657997,39408482,35137190,89.16
SRR658129,82187066,72252529,87.91
SRR658188,33811667,26475739,78.30
SRR658247,46036768,28118601,61.07
SRR658307,49113650,43893618,89.37
SRR658645,41030930,33997447,82.85
SRR658813,88343566,74180013,83.96
SRR658977,47389626,33794290,71.31
SRR659013,52671342,30710013,58.30
SRR659121,57680177,51929235,90.02
SRR659187,91783845,76685496,83.55
SRR659235,61940057,50795188,82.00
SRR659331,55342351,45505015,82.22
SRR659412,51244013,44095285,86.04
SRR659472,38788377,23155351,59.69
SRR659484,80081200,70170387,87.62
SRR659555,70842559,62377488,88.05
SRR659602,87880967,75798118,86.25
SRR659625,45736561,34804616,76.09
SRR659673,102322356,54938079,53.69
SRR659780,75554857,41854183,55.39
SRR659899,47807605,40182973,84.05
SRR660007,35828350,12194468,34.03
SRR660091,58167317,52762070,90.70
SRR660103,45494012,40126030,88.20
SRR660330,72902681,55357876,75.93
SRR660498,37725326,17904588,47.46
SRR660626,60464117,52713759,87.18
SRR660638,79456807,61087303,76.88
SRR660661,30746254,20341894,66.16
SRR660733,48234601,27070486,56.12
SRR660812,62113043,54310093,87.43
SRR660895,65986081,54206638,82.14
SRR660933,54947938,49030745,89.23
SRR660945,44022467,33236323,75.49
SRR660969,58078330,47291346,81.42
SRR661005,100934538,57043241,56.51
SRR661133,46298503,12282552,26.52
SRR661179,38032257,29199424,76.77
SRR661255,50630138,43661701,86.23
SRR661290,87707311,74449924,84.88
SRR661325,72195583,63886867,88.49
SRR661349,52456867,42651597,81.30
SRR661433,31712275,22170011,69.90
SRR661445,70860796,55686842,78.58
SRR661723,58421786,50831471,87.00
SRR661779,74756075,30783077,41.17
SRR661818,51325075,34782997,67.76
SRR661925,35961967,31137606,86.58
SRR661973,74056024,64313268,86.84
SRR661995,46969498,38595940,82.17
SRR662007,27817407,15711813,56.48
SRR662091,54532034,48908688,89.68
SRR662138,40562515,32814938,80.89
SRR662233,72796327,59567436,81.82
SRR662342,57327246,32132334,56.05
SRR662534,48854704,41788017,85.53
SRR662546,47417491,38904720,82.04
SRR662570,95638401,72624417,75.93
SRR662689,70336356,50154423,71.30
SRR662725,105223699,62190933,59.10
SRR662799,41540226,37036765,89.15
SRR662871,72069974,63878319,88.63
SRR662978,59088750,43310454,73.29
SRR663261,79357942,59363891,74.80
SRR663320,85015960,75913305,89.29
SRR663453,56408853,49581126,87.89
SRR663633,41811555,30147620,72.10
SRR663681,48797615,43482572,89.10
SRR663693,58781934,37394468,63.61
SRR663753,73197063,64363442,87.93
SRR664048,33858754,27722350,81.87
SRR664819,78413674,61350538,78.23
SRR664842,52533232,47920574,91.21
SRR664854,64910059,54111315,83.36
SRR665241,51411096,10904655,21.21
SRR665298,27974665,16807328,60.08
SRR665334,93913322,76368617,81.31
SRR665393,36140401,29577242,81.83
SRR665502,53932097,42890830,79.52
SRR665563,84842662,76618750,90.30
SRR665670,62718194,54284099,86.55
SRR807591,69726773,59594737,85.46
SRR807657,61336829,51821380,84.48
SRR808614,62890776,55985039,89.01
SRR810319,65055387,54654869,84.01
SRR810571,59285683,49169252,82.93
SRR810877,63990733,48045022,75.08
SRR810957,51970127,43500043,83.70
SRR812012,53785681,47866272,88.99
SRR812436,57693635,52196148,90.47
SRR814563,58816415,52312083,88.94
SRR814967,61510287,52782124,85.81
SRR814989,53805786,47186672,87.69
SRR815232,69097887,58091444,84.07
SRR816292,63845988,52962612,82.95
SRR816721,60288863,53685030,89.04
SRR816770,54904014,46379777,84.47
SRR817190,44586606,35949378,80.62
SRR817258,68124290,61382165,90.10
SRR817629,48906817,43432346,88.80
SRR817658,56278313,46771922,83.10
SRR817686,61421961,51759892,84.26
SRR817715,71051028,60051070,84.51
SRR817751,68497278,60166262,87.83
SRR817758,52137317,42442351,81.40
SRR817775,62212813,52827852,84.91
SRR817797,57211505,49682877,86.84
SRR817832,59147414,49918068,84.39
SRR817856,67923722,57360750,84.44
SRR817880,79725474,67055136,84.10
SRR817905,63417813,54492038,85.92
SRR817927,68745145,58546993,85.16
SRR817978,61699408,51761267,83.89
SRR818033,65925982,55499577,84.18
SRR818057,54687074,48215023,88.16
SRR818086,62272713,51314223,82.40
SRR818110,61300878,51868322,84.61
SRR818146,61760665,52363451,84.78
SRR818188,60346268,51633946,85.56
SRR818210,71001394,57009603,80.29
SRR818270,85074305,75737556,89.02
SRR818348,63175112,53441856,84.59
SRR818396,67773296,57548613,84.91
SRR818418,108213279,90744376,83.85
SRR818469,60023609,50412482,83.98
SRR818971,71227434,59978202,84.20
SRR819134,50177362,40176370,80.06
SRR819346,59318962,48678957,82.06
SRR819370,55171819,45210428,81.94
SRR819534,64410895,54247526,84.22
SRR819793,60220666,50046366,83.10
SRR819946,102519913,79172513,77.22
SRR819999,61772347,52610254,85.16
SRR820078,66315295,55183906,83.21
SRR820107,66332332,55900813,84.27
SRR820133,61012762,51767419,84.84
SRR820157,68940814,58171616,84.37
SRR820209,63447075,53488520,84.30
SRR820256,67134874,56529622,84.20
SRR820292,57252600,47272084,82.56
SRR820379,55977418,47649718,85.12
SRR820468,65784689,55707794,84.68
SRR820518,57652353,48655555,84.39
SRR820623,101951408,91617165,89.86
SRR820883,60790768,50842427,83.63
SRR820962,48602807,40300532,82.91
SRR821019,54429793,45423661,83.45
SRR821434,44147944,39598810,89.69
SRR821468,69837659,59901943,85.77
SRR821549,57802497,51122661,88.44
SRR821581,57037654,50452460,88.45
SRR821602,74903800,45549394,60.81
SRR821626,58457667,52271045,89.41
SRR821690,94446403,78431181,83.04
