  ,Paired Raw R1 Read Count,Trimmed R1 Read Count,Trimmed % R1 Read Count,hg38 aligned Count,hg38 aligned %
SRR1069188,29619857,27032205,91.26,53187293,98.37
SRR1070986,51448415,45698810,88.82,90078425,98.55
SRR1071289,31765066,29447932,92.70,58083020,98.61
SRR1071880,52524935,46941995,89.37,92399062,98.41
SRR1072178,37488442,34131232,91.04,67134658,98.34
SRR1072367,35254942,32097520,91.04,63476654,98.88
SRR1072504,54792655,49014744,89.45,96668772,98.61
SRR1072797,35259031,32718206,92.79,64576423,98.68
SRR1073143,30008939,27924911,93.05,55096675,98.65
SRR1073755,43487334,38846970,89.32,76350005,98.27
SRR1074164,51053729,46120268,90.33,90577658,98.19
SRR1075433,60331216,54501973,90.33,107751017,98.85
SRR1075898,50413865,44978098,89.21,88767179,98.67
SRR1076072,32407165,30067067,92.77,59308635,98.62
SRR1077405,43556144,40681718,93.40,80117550,98.46
SRR1077687,30638477,28015391,91.43,55336077,98.76
SRR1078347,34290585,31077734,90.63,61297066,98.61
SRR1078879,38855002,36086484,92.87,71134725,98.56
SRR1079168,34634267,31626273,91.31,62430998,98.70
SRR1079281,41277305,37345118,90.47,73540801,98.46
SRR1079591,35403089,32296238,91.22,63762343,98.71
SRR1080172,35040045,32838944,93.71,64838909,98.72
SRR1080835,37437671,34594393,92.40,68158975,98.51
SRR1080927,38302496,35629027,93.02,69902280,98.09
SRR1081741,36992547,34277313,92.66,67408937,98.32
SRR1082262,35906142,32584609,90.74,64192311,98.50
SRR1082328,31846918,29646172,93.08,58434700,98.55
SRR1082759,52527810,46322944,88.18,91151550,98.38
SRR1083100,57190611,51302723,89.70,101021019,98.45
SRR1083632,59447324,53607999,90.17,105887647,98.76
SRR1084484,34868243,31792165,91.17,62730102,98.65
SRR1084649,53371138,47053829,88.16,92673013,98.47
SRR1084842,61395365,55456035,90.32,109409991,98.64
SRR1085015,35724631,33144451,92.77,65429791,98.70
SRR1085495,33233745,30790810,92.64,60610689,98.42
SRR1085662,55427977,49935115,90.09,98755050,98.88
SRR1085782,34533368,31515637,91.26,62153172,98.60
SRR1085825,53214018,47631651,89.50,94038686,98.71
SRR1085850,31179898,28833529,92.47,56904807,98.67
SRR1085975,32495184,29690619,91.36,58461845,98.45
SRR1086561,34354102,31840529,92.68,62776113,98.57
SRR1086635,40793803,37171712,91.12,73279042,98.56
SRR1086680,35500555,33232423,93.61,65168797,98.05
SRR1087031,30529584,28389406,92.98,55938278,98.51
SRR1087152,30559093,27894025,91.27,54987989,98.56
SRR1088389,32646563,30286787,92.77,59669147,98.50
SRR1092706,37246857,34061414,91.44,66707897,97.92
SRR1092797,29258722,26652675,91.09,52518169,98.52
SRR1093527,56611796,51222105,90.47,100813317,98.40
SRR1093773,42354551,38516884,90.93,76044543,98.71
SRR1095865,35413600,32725984,92.41,64543856,98.61
SRR1096851,46172699,41474903,89.82,81691569,98.48
SRR1096966,44702827,40894794,91.48,80708573,98.67
SRR1097392,52061252,46697968,89.69,91619833,98.09
SRR1097752,54758094,48355366,88.30,94976509,98.20
SRR1097978,33956052,31947843,94.08,63058070,98.68
SRR1098336,32101890,29671685,92.42,58273942,98.19
SRR1098519,37960036,35249480,92.85,69018308,97.89
SRR1099023,51348607,45685794,88.97,90192914,98.71
SRR1099168,34527114,31416267,90.99,61785299,98.33
SRR1099499,36174419,32944025,91.06,65006229,98.66
SRR1100872,36341894,33018406,90.85,64683679,97.95
SRR1101421,52267988,48787367,93.34,96335098,98.72
SRR1102055,34717082,32057292,92.33,63084004,98.39
SRR1103048,37955282,35215007,92.78,68969850,97.92
SRR1307770,42711917,34988434,81.91,68732667,98.22
SRR1310008,50800452,45338729,89.24,89689491,98.91
SRR1310113,46518105,41091391,88.33,81173941,98.77
SRR1310136,46469630,35603776,76.61,70070280,98.40
SRR1310623,36405540,33495545,92.00,66406022,99.12
SRR1311086,42649223,38122931,89.38,75407344,98.90
SRR1311182,47187823,41783234,88.54,82497767,98.72
SRR1311285,48214638,43040316,89.26,84979589,98.72
SRR1311400,55278808,52073135,94.20,103096216,98.99
SRR1311575,42445153,38158511,89.90,75512589,98.94
SRR1311771,40511812,35540702,87.72,70032980,98.52
SRR1311794,38848081,34468900,88.72,68228515,98.97
SRR1312103,42305557,36866241,87.14,72867421,98.82
SRR1312428,49401032,45697639,92.50,90189658,98.68
SRR1312743,46542545,39890051,85.70,78750777,98.70
SRR1313361,65502274,62614255,95.59,123780381,98.84
SRR1313426,40813709,35845240,87.82,70815417,98.77
SRR1313642,69314786,64536338,93.10,126207631,97.78
SRR1313932,36605835,34157952,93.31,67598361,98.94
SRR1313951,39894159,33747960,84.59,66794038,98.96
SRR1314163,46909397,41659927,88.80,82480306,98.99
SRR1314187,37780160,32599626,86.28,64237610,98.52
SRR1314767,60131804,57623700,95.82,114027676,98.94
SRR1314958,43579323,41120532,94.35,81381870,98.95
SRR1314998,42202242,39560064,93.73,78011798,98.59
SRR1315019,35166489,31819931,90.48,62967877,98.94
SRR1315145,33363156,31447886,94.25,62082900,98.70
SRR1315269,39780728,36578729,91.95,72216663,98.71
SRR1315371,35781706,33303899,93.07,64011211,96.10
SRR1315721,47069706,44814790,95.20,88610037,98.86
SRR1315761,42181646,38514978,91.30,76017643,98.68
SRR1315799,62519180,58846953,94.12,115301293,97.96
SRR1315842,96441753,87026223,90.23,171690573,98.64
SRR1315866,52824500,47385589,89.70,93875199,99.05
SRR1315949,61188024,58631665,95.82,116139302,99.04
SRR1315970,41217673,36948565,89.64,73117663,98.94
SRR1315994,57463841,54496289,94.83,107560262,98.68
SRR1316127,40214544,36329525,90.33,71753899,98.75
SRR1316254,44888855,40659520,90.57,80483219,98.97
SRR1316297,35880601,32349422,90.15,63773219,98.56
SRR1316392,60619973,57161217,94.29,112654615,98.54
SRR1316535,52219757,49762427,95.29,98411151,98.88
SRR1316624,37479445,33828313,90.25,66924738,98.91
SRR1316815,49182611,46265928,94.06,91458908,98.84
SRR1316874,68589158,65457508,95.43,129004630,98.54
SRR1316921,53521210,50010074,93.43,98548873,98.52
SRR1316940,70832020,67428843,95.19,133161789,98.74
SRR1316963,56989516,53218273,93.38,105063883,98.71
SRR1317323,34360625,31963446,93.02,62530827,97.81
SRR1317344,42502607,38293785,90.09,75706998,98.85
SRR1317494,40401301,37058859,91.72,73413236,99.04
SRR1317596,50298380,46881042,93.20,92776724,98.94
SRR1317808,40794556,36304523,88.99,71542686,98.53
SRR1317853,44297338,39499477,89.16,78074205,98.82
SRR1317877,58304283,55823237,95.74,110446301,98.92
SRR1318067,40647203,38115182,93.77,75063952,98.46
SRR1318163,35838695,33546255,93.60,66084020,98.49
SRR1318372,43977404,41475336,94.31,81971032,98.81
SRR1318407,36699804,32506580,88.57,64022247,98.47
SRR1318426,56821531,52713105,92.76,104147287,98.78
SRR1319019,37233917,33200319,89.16,65816988,99.12
SRR1319136,45529770,41097616,90.26,81463023,99.10
SRR1319158,42706276,38047689,89.09,75323012,98.98
SRR1319539,39365399,35081089,89.11,69388779,98.89
SRR1319672,39360009,34842541,88.52,68607122,98.45
SRR1319816,52874357,50424294,95.36,99659237,98.82
SRR1319837,38674422,34956020,90.38,69128397,98.87
SRR1319970,42862298,37309454,87.04,73683531,98.74
SRR1320012,43504526,34303652,78.85,67683486,98.65
SRR1320071,48635366,38209746,78.56,75416826,98.68
SRR1320093,32056334,29844036,93.09,58906357,98.69
SRR1320115,42720316,39123201,91.57,77629302,99.21
SRR1320180,61900047,54576364,88.16,107822562,98.78
SRR1320280,37605446,34965583,92.98,69212674,98.97
SRR1320342,42062419,38097827,90.57,75221082,98.72
SRR1320560,42121487,40295618,95.66,79787876,99.00
SRR1320873,44568156,40636633,91.17,80350375,98.86
SRR1320892,47595808,42752235,89.82,84546799,98.87
SRR1320916,37215228,32478520,87.27,64030803,98.57
SRR1320963,42254492,37862016,89.60,74983206,99.02
SRR1321046,47039133,43041107,91.50,84540911,98.20
SRR1321183,58540235,56002316,95.66,110737050,98.86
SRR1321244,47605406,41374197,86.91,81329507,98.28
SRR1321462,33736915,30682512,90.94,60667390,98.86
SRR1321552,52969149,48842738,92.20,96379655,98.66
SRR1321674,37548160,33507128,89.23,66240091,98.84
SRR1321786,67671343,63937151,94.48,125908799,98.46
SRR1321853,43419396,38190150,87.95,75263522,98.53
SRR1321966,70532762,67658885,95.92,133877612,98.93
SRR1322010,48528549,45460231,93.67,89536747,98.47
SRR1322163,51356732,40906514,79.65,80259724,98.10
SRR1322270,54755106,52272861,95.46,103005048,98.52
SRR1322291,46997865,44137516,93.91,86513695,98.00
SRR1322419,35186355,29684398,84.36,58777687,99.00
SRR1322456,52353108,50122972,95.74,99235221,98.99
SRR1322555,44454830,41604664,93.58,82032960,98.58
SRR1322768,37844827,29001040,76.63,57145336,98.52
SRR1323043,49962124,43900588,87.86,86916936,98.99
SRR1323106,48135212,43650548,90.68,86434166,99.00
SRR1323130,61276787,57772587,94.28,113845764,98.52
SRR1323174,59438262,56024862,94.25,110345911,98.47
SRR1323196,37072415,33675228,90.83,66551467,98.81
SRR1323536,39359933,35629984,90.52,70584362,99.05
SRR1323603,43578750,40585873,93.13,79826921,98.34
SRR1323746,44072414,41954610,95.19,83106018,99.04
SRR1323764,46975127,41779314,88.93,82731940,99.01
SRR1323807,53958537,50821710,94.18,100079889,98.46
SRR1324043,37606638,34762340,92.43,68803409,98.96
SRR1324371,38210100,35617756,93.21,70467596,98.92
SRR1324431,34340499,32193404,93.74,63358473,98.40
SRR1324452,45314713,42423616,93.61,83402124,98.29
SRR1325332,36266518,31831678,87.77,62923073,98.83
SRR1325401,43217022,33655309,77.87,66266524,98.44
SRR1325665,33685146,31086248,92.28,60873551,97.91
SRR1325927,39212820,36178595,92.26,71251211,98.47
SRR1325964,35971702,28188372,78.36,55602264,98.62
SRR1325986,43009914,38598983,89.74,76378926,98.93
SRR1326179,51522224,49346104,95.77,97600064,98.89
SRR1326366,43677662,41605469,95.25,82297793,98.90
SRR1327593,55187689,52917776,95.88,104723445,98.94
SRR1327811,48936982,43120405,88.11,84810812,98.34
SRR1327975,41518192,37122418,89.41,73253404,98.66
SRR1328035,36538169,33093820,90.57,65563449,99.05
SRR1328487,35907266,32772345,91.26,64857823,98.95
SRR1328599,52409228,50196818,95.77,99248104,98.85
SRR1328895,31171336,28996654,93.02,56998058,98.28
SRR1328919,37850150,34896638,92.19,69130304,99.05
SRR1328960,46905591,41884657,89.29,82568976,98.56
SRR1329090,38221844,35838816,93.76,70720549,98.66
SRR1329334,40024476,36574754,91.38,72230982,98.74
SRR1329377,71010326,68055553,95.83,134459933,98.78
SRR1329551,47292715,43088812,91.11,85014167,98.64
SRR1329761,46237028,41940169,90.70,83115243,99.08
SRR1329835,39693446,35557912,89.58,70408134,99.00
SRR1329885,44635819,40771260,91.34,80495151,98.71
SRR1330041,35947567,32111438,89.32,63191553,98.39
SRR1330061,36257057,32852665,90.61,65087653,99.05
SRR1330346,59495742,55768468,93.73,109563727,98.23
SRR1330498,56232832,44263519,78.71,87169623,98.46
SRR1330546,62017392,57786840,93.17,114027495,98.66
SRR1330656,46060887,42872883,93.07,84902834,99.01
SRR1330675,47378706,43159993,91.09,85302258,98.82
SRR1330699,54306584,44729141,82.36,88517816,98.94
SRR1331289,42669030,39239827,91.96,77805120,99.14
SRR1331335,43347528,37950640,87.54,75060196,98.89
SRR1331466,48919131,44132081,90.21,87419317,99.04
SRR1331511,62495906,59905253,95.85,118526933,98.92
SRR1331534,40663568,35842565,88.14,70841833,98.82
SRR1331579,44863842,42892647,95.60,84754424,98.79
SRR1331597,58391808,55752001,95.47,110121458,98.76
SRR1331751,37070842,34615062,93.37,68386892,98.78
SRR1331841,34470679,31634455,91.77,62167771,98.25
SRR1331944,44170668,41550359,94.06,81823784,98.46
SRR1332048,35660820,32309227,90.60,63922428,98.92
SRR1332275,33356523,30989190,92.90,61194122,98.73
SRR1332317,38282148,29969475,78.28,58929230,98.31
SRR1332796,34177556,30560401,89.41,60461487,98.92
SRR1332856,64805159,62038870,95.73,122758312,98.93
SRR1333352,40151055,37744621,94.00,74620313,98.84
SRR1333587,38274443,35076575,91.64,69390512,98.91
SRR1333694,37773996,33565804,88.85,66407549,98.92
SRR1333741,43852763,39782639,90.71,78513893,98.67
SRR1333767,47493451,43471543,91.53,85933683,98.83
SRR1333930,38140657,34445245,90.31,67962276,98.65
SRR1334033,50608216,46256400,91.40,91721794,99.14
SRR1334440,38253893,34065685,89.05,67338287,98.83
SRR1334564,44415694,36974452,83.24,72583762,98.15
SRR1334717,49354028,44203361,89.56,87480710,98.95
SRR1334741,39928438,36122745,90.46,71500815,98.96
SRR1334847,36207305,33190718,91.66,65718360,99.00
SRR1334960,39057322,35971904,92.10,71285484,99.08
SRR1335029,39327940,36901274,93.82,72518118,98.25
SRR1335047,32916431,30151434,91.59,59496412,98.66
SRR1335064,48400446,43054868,88.95,85292795,99.05
SRR1335254,42281987,37983219,89.83,75191845,98.98
SRR1335377,46992182,41600330,88.52,81964510,98.51
SRR1335400,42520253,36707596,86.32,72635347,98.93
SRR1335446,43954246,39071949,88.89,76620579,98.05
SRR1335651,43601456,38924143,89.27,76951611,98.84
SRR1335688,36795610,33661571,91.48,66633468,98.97
SRR1335707,40088472,33114671,82.60,65189310,98.42
SRR1335856,39135695,34702541,88.67,68431799,98.59
SRR1336006,55577927,47822646,86.04,94384440,98.68
SRR1336069,34789130,31566419,90.73,62251999,98.60
SRR1336158,37176139,32291162,86.85,63605412,98.48
SRR1336292,45038291,41243009,91.57,81409235,98.69
SRR1336357,57181274,54127982,94.66,106768913,98.62
SRR1336379,38381584,36056869,93.94,71315093,98.89
SRR1336481,46394573,40897969,88.15,80857115,98.85
SRR1336548,34779594,32377831,93.09,63625770,98.25
SRR1336660,40745213,36910554,90.58,73092750,99.01
SRR1336727,49600828,47382255,95.52,93592368,98.76
SRR1336887,52809356,47001061,89.00,93012585,98.94
SRR1337074,57371800,48601247,84.71,96040094,98.80
SRR1337098,41257713,36735114,89.03,72643279,98.87
SRR1337119,32828039,30864008,94.01,60777343,98.45
SRR1337412,39428897,36622932,92.88,72407499,98.85
SRR1337431,37867080,32090986,84.74,63625489,99.13
SRR1337564,46518470,40564461,87.20,80146279,98.78
SRR1337648,37045712,31007874,83.70,61413144,99.02
SRR1337864,45291283,41819813,92.33,82463740,98.59
SRR1337909,62658214,60112739,95.93,119015314,98.99
SRR1338219,46417119,42292562,91.11,83684968,98.93
SRR1338301,39154147,35467959,90.58,70254646,99.03
SRR1338323,40930292,35382467,86.44,69659410,98.43
SRR1338584,39315012,35895613,91.30,71011564,98.91
SRR1338627,76506140,73441647,95.99,145409563,98.99
SRR1338669,48334445,44572809,92.21,87609973,98.27
SRR1338923,41009082,37475246,91.38,74283339,99.10
SRR1339218,33699716,28685989,85.12,56755058,98.92
SRR1339387,35047655,31621327,90.22,62291768,98.49
SRR1339530,41421892,37445314,90.39,74006346,98.81
SRR1339549,41915404,37830064,90.25,74908846,99.00
SRR1339651,48722251,42537521,87.30,82915642,97.46
SRR1339740,32755089,30523228,93.18,60014069,98.30
SRR1339968,51459053,47707325,92.70,94163292,98.68
SRR1340095,40839175,31540304,77.23,61699137,97.80
SRR1340133,39579182,35580649,89.89,70442797,98.99
SRR1340202,40228137,37559092,93.36,74285062,98.89
SRR1340301,32656815,29164308,89.30,57658011,98.85
SRR1340420,35514926,31735415,89.35,62524058,98.50
SRR1340463,44663164,39202218,87.77,77407536,98.72
SRR1340508,145018970,131789347,90.87,261223968,99.10
SRR1340700,100677272,96714977,96.06,191291173,98.89
SRR1340907,35618163,32460616,91.13,63883006,98.40
SRR1341008,43378240,39384916,90.79,77864434,98.85
SRR1341057,37837092,35353775,93.43,69530328,98.33
SRR1341277,42037888,38636335,91.90,76326766,98.77
SRR1341365,36577725,34418690,94.09,67852390,98.56
SRR1341387,36311967,34114308,93.94,67170003,98.44
SRR1341521,42446538,36568699,86.15,72450352,99.06
SRR1341605,47394172,42015714,88.65,82749005,98.47
SRR1341702,35816901,31832887,88.87,62893610,98.78
SRR1341763,55906928,45188315,80.82,89018664,98.49
SRR1341898,44088862,41082521,93.18,81271141,98.91
SRR1342045,44376208,34579467,77.92,68276565,98.72
SRR1343115,58735658,56273347,95.80,110998323,98.62
SRR1343197,39206860,35894762,91.55,71191349,99.16
SRR1343281,41861415,40205115,96.04,79604383,98.99
SRR1343481,43593213,39865626,91.44,78952324,99.02
SRR1343841,37463425,35213819,93.99,69633856,98.87
SRR1343879,37915125,34180608,90.15,67693369,99.02
SRR1345478,38308709,35932595,93.79,70891673,98.64
SRR1346670,35561604,33012792,92.83,65162032,98.69
SRR1346813,40566818,37791766,93.15,74468040,98.52
SRR1347688,41884880,38344509,91.54,75900272,98.97
SRR1348021,44393057,40699394,91.67,80215387,98.54
SRR1348159,59263788,53845355,90.85,106643818,99.02
SRR1348339,48569847,42968525,88.46,85024269,98.93
SRR1348360,35864967,33636876,93.78,66237783,98.46
SRR1348424,51458039,48424739,94.10,95244245,98.34
SRR1348446,39479655,36587307,92.67,72209408,98.68
SRR1348770,56952372,49887608,87.59,98132645,98.35
SRR1348861,57179826,53142818,92.93,105117189,98.90
SRR1349013,81317976,75303497,92.60,148842610,98.82
SRR1349056,58783022,52742740,89.72,104470575,99.03
SRR1349829,43384655,39288108,90.55,77852600,99.07
SRR1350107,34617689,28658980,82.78,56238254,98.11
SRR1350220,39702688,37003307,93.20,73261786,98.99
SRR1350456,116012307,111155113,95.81,219803787,98.87
SRR1350525,35169115,31351436,89.14,62031657,98.92
SRR1351325,64906549,61088309,94.11,119499899,97.80
SRR1351880,49000881,44179822,90.16,87369591,98.87
SRR1352129,36868379,30736739,83.36,60666135,98.68
SRR1352415,48167562,39684344,82.38,77683665,97.87
SRR1352554,46670357,44300278,94.92,87505357,98.76
SRR1352706,39438750,37592167,95.31,74579388,99.19
SRR1352954,50305163,47783843,94.98,93564580,97.90
SRR1352975,54879968,52527520,95.71,103928741,98.92
SRR1353157,39241495,36491215,92.99,72171296,98.88
SRR1353176,37551238,33741499,89.85,66716015,98.86
SRR1353221,39545073,31120073,78.69,61339077,98.55
SRR1353285,54620854,50220646,91.94,99135105,98.69
SRR1354013,60792213,57258393,94.18,112795663,98.49
SRR1354446,43045246,38152056,88.63,75464925,98.90
SRR1354577,51656795,48239878,93.38,94698062,98.15
SRR1354689,54693295,52013831,95.10,102900480,98.91
SRR1354734,42920972,40394511,94.11,79929498,98.93
SRR1354910,41371350,38823641,93.84,76768628,98.86
SRR1355040,34192886,31086541,90.91,61465194,98.86
SRR1355061,41362461,37028823,89.52,72838079,98.35
SRR1355150,39643422,34365415,86.68,67822161,98.67
SRR1355262,41254672,37898260,91.86,74994646,98.94
SRR1355373,66334606,63358648,95.51,125239293,98.83
SRR1355595,61133759,58489018,95.67,115991096,99.15
SRR1355613,35717376,32387854,90.67,64166696,99.05
SRR1355635,42897204,39989438,93.22,78814131,98.54
SRR1356036,34950430,31553489,90.28,62431843,98.93
SRR1356204,58440382,51878418,88.77,102247698,98.54
SRR1356375,32144165,29416683,91.51,57882449,98.38
SRR1356444,43107016,38408238,89.09,75983827,98.91
SRR1356619,43116728,38353352,88.95,75950442,99.01
SRR1357021,43079291,40454584,93.90,79839778,98.67
SRR1357189,43535944,37538918,86.22,74148127,98.76
SRR1357413,40153923,36034639,89.74,70841625,98.29
SRR1357434,39055528,35353981,90.52,69894052,98.84
SRR1357478,58656084,56065103,95.58,110834090,98.84
SRR1357523,43392785,38382078,88.45,75994943,98.99
SRR1358102,44539242,38406639,86.23,75859765,98.75
SRR1358183,46807600,43417264,92.75,85841416,98.85
SRR1358501,38727402,35447928,91.53,70185142,98.99
SRR1358561,33940717,31752003,93.55,62482800,98.39
SRR1358689,40569830,36309860,89.49,71899883,99.00
SRR1358826,45408172,42528278,93.65,84052527,98.81
SRR1359123,47556647,42618674,89.61,84383315,98.99
SRR1359171,37280930,34802332,93.35,68651429,98.63
SRR1359192,46014844,42163523,91.63,83621950,99.16
SRR1359367,34924873,32780158,93.85,64412835,98.24
SRR1359388,42361124,38713545,91.38,76600673,98.93
SRR1359630,38718448,36671338,94.71,72547342,98.91
SRR1359649,47488228,43035980,90.62,85341048,99.15
SRR1359673,41409700,36328885,87.73,71727822,98.72
SRR1360038,36387685,34250749,94.12,67515918,98.56
SRR1360104,42450134,38133560,89.83,75533588,99.03
SRR1360128,36286897,28545272,78.66,56274681,98.57
SRR1360150,35929567,28365627,78.94,55902263,98.53
SRR1360383,42081011,38334082,91.09,75849354,98.93
SRR1360563,51367995,46775240,91.05,92672874,99.06
SRR1360674,32984939,29951531,90.80,59194618,98.81
SRR1360718,40245880,37141979,92.28,73192082,98.53
SRR1360744,40553883,36848374,90.86,72917577,98.94
SRR1360868,35100266,32244306,91.86,63796276,98.92
SRR1361567,33309304,29125458,87.43,57475890,98.66
SRR1361674,35700398,33518888,93.88,66277965,98.86
SRR1361714,50624030,39548438,78.12,77601344,98.10
SRR1361736,34694288,30621431,88.26,60271581,98.41
SRR1361757,30227551,28260999,93.49,55837831,98.78
SRR1361795,63147047,56135276,88.89,111148878,99.00
SRR1362060,37228151,34700040,93.20,68103862,98.13
SRR1362183,52967311,49079120,92.65,96210876,98.01
SRR1362219,53936558,49066912,90.97,96823125,98.66
SRR1362417,63164421,60597339,95.93,119861630,98.90
SRR1362464,37604417,33432721,88.90,66076246,98.81
SRR1362532,53696342,47302161,88.09,93609820,98.94
SRR1362643,59545427,57043829,95.79,113048846,99.08
SRR1362777,42045078,37463323,89.10,74112761,98.91
SRR1362888,55259054,51124710,92.51,100923598,98.70
SRR1363633,32664444,30582803,93.62,60178384,98.38
SRR1363810,40166420,35909617,89.40,70755080,98.51
SRR1363992,42233749,39700316,94.00,78295187,98.60
SRR1364676,45225497,42188598,93.28,83099056,98.48
SRR1364739,45150757,40964336,90.72,80951304,98.80
SRR1364800,46269293,39925263,86.28,78763071,98.63
SRR1364893,35170025,32894774,93.53,64623118,98.22
SRR1365828,39801524,36957866,92.85,72787463,98.47
SRR1365987,39732935,35388331,89.06,69967088,98.85
SRR1366057,43138102,38592050,89.46,76174477,98.69
SRR1366141,35406902,33146025,93.61,65366753,98.60
SRR1366433,32780803,29790614,90.87,58709735,98.53
SRR1366579,47496004,43339602,91.24,85728498,98.90
SRR1366961,43286295,39471129,91.18,78090564,98.92
SRR1367128,65526458,61158259,93.33,119995556,98.10
SRR1367870,36093946,32929387,91.23,64999304,98.69
SRR1367943,41043374,37049921,90.27,73461490,99.13
SRR1368178,39167718,36011894,91.94,70876899,98.40
SRR1368222,41363541,35043009,84.71,69411559,99.03
SRR1368772,44201543,39971153,90.42,79194477,99.06
SRR1368835,60599902,57910539,95.56,114260777,98.65
SRR1368856,42378727,40386894,95.29,79968541,99.00
SRR1368964,45247034,35236825,77.87,68798132,97.62
SRR1369148,38594637,36181708,93.74,71028374,98.15
SRR1369219,57680410,53813284,93.29,105495650,98.02
SRR1370129,48776022,44924404,92.10,88636144,98.65
SRR1370173,41312425,38496371,93.18,76285865,99.08
SRR1370240,90442862,68652336,75.90,135423771,98.63
SRR1370262,79168684,75694205,95.61,149693483,98.88
SRR1370405,47367587,45074842,95.15,88753565,98.45
SRR1370473,59408341,56066297,94.37,110660515,98.68
SRR1370619,38528804,32925519,85.45,65193973,99.00
SRR1370797,50447311,48134123,95.41,95194066,98.88
SRR1373858,38090335,33490089,87.92,66283655,98.96
SRR1373940,48944868,43906352,89.70,86806147,98.85
SRR1374115,47025000,41836125,88.96,82853856,99.02
SRR1374221,47323602,41491991,87.67,82029252,98.84
SRR1374246,49154555,42821289,87.11,84196305,98.31
SRR1374414,42473404,40495397,95.34,80218590,99.04
SRR1375203,46040334,41841377,90.87,82883161,99.04
SRR1375271,34055840,29094358,85.43,57311528,98.49
SRR1375308,39928427,35698964,89.40,70497298,98.73
SRR1375571,45018064,35547264,78.96,70136601,98.65
SRR1375616,41418494,38698139,93.43,76673467,99.06
SRR1375635,39069711,34343379,87.90,67867914,98.80
SRR1375907,37261681,34878430,93.60,68591333,98.32
SRR1375927,51755927,46923943,90.66,92739435,98.81
SRR1375952,56248070,47567603,84.56,93925446,98.72
SRR1375976,47490605,40818988,85.95,80732733,98.89
SRR1376270,59765542,48765392,81.59,95964979,98.39
SRR1376597,36474445,33009078,90.49,65310990,98.92
SRR1377445,58498615,55766214,95.32,109733355,98.38
SRR1377927,39231978,36149610,92.14,71059009,98.28
SRR1377984,30220655,28337194,93.76,55870833,98.58
SRR1378004,56267679,52903868,94.02,104128628,98.41
SRR1378155,62124394,56509783,90.96,111233945,98.42
SRR1378841,44371873,39061201,88.03,77170807,98.78
SRR1379238,54656635,48324689,88.41,95693214,99.01
SRR1379450,34691844,32400377,93.39,63722563,98.33
SRR1379562,43185054,35824647,82.95,70255894,98.05
SRR1380680,32961938,30693581,93.11,60679474,98.84
SRR1381543,70427836,67449800,95.77,133315978,98.82
SRR1381566,48198990,43158612,89.54,85421615,98.96
SRR1381632,42441790,38064197,89.68,75305901,98.91
SRR1381673,28381039,26516787,93.43,52448076,98.89
SRR1381757,40690817,38879060,95.54,76978447,98.99
SRR1381889,47370161,39949410,84.33,78756305,98.57
SRR1382532,56795054,54140853,95.32,107154940,98.95
SRR1382570,43662930,38143342,87.35,75436688,98.88
SRR1382708,48591320,44158471,90.87,87122496,98.64
SRR1382732,35666743,31996056,89.70,63138416,98.66
SRR1382869,42297041,38672004,91.42,76738467,99.21
SRR1382956,61135684,57643646,94.28,113919771,98.81
SRR1383018,46125515,42207310,91.50,83532632,98.95
SRR1383059,49091348,38553820,78.53,76156770,98.76
SRR1383612,56080506,53688347,95.73,106367504,99.06
SRR1383633,56976189,54402115,95.48,107312351,98.62
SRR1383723,71741553,67794018,94.49,133649152,98.57
SRR1383831,39334407,35469978,90.17,70002928,98.67
SRR1384030,44463815,40880206,91.94,80922643,98.97
SRR1384234,51374585,43938704,85.52,86686380,98.64
SRR1385015,46573901,44550985,95.65,88024018,98.79
SRR1385036,62294943,58737710,94.28,115183521,98.04
SRR1385080,53664141,47463671,88.44,93745876,98.75
SRR1385124,41149595,36051372,87.61,71253313,98.82
SRR1386708,53896780,50614837,93.91,99259924,98.05
SRR1386818,52280970,47220303,90.32,93229318,98.71
SRR1387032,37782243,34513479,91.34,68230061,98.84
SRR1387072,41360496,38499030,93.08,75941062,98.62
SRR1387178,56670863,54393433,95.98,107717356,99.01
SRR1387199,71039109,67979698,95.69,134443284,98.88
SRR1387264,48264095,44346699,91.88,87919270,99.12
SRR1387809,47644912,44552179,93.50,87863000,98.60
SRR1387833,55052245,48693264,88.44,96346134,98.93
SRR1387875,39470030,36887115,93.45,72504386,98.27
SRR1387945,55591172,53284671,95.85,105474465,98.97
SRR1387989,47381992,42401578,89.48,83878720,98.90
SRR1388007,52825550,49264883,93.25,97167612,98.61
SRR1388168,34438449,31008241,90.03,61249120,98.76
SRR1388305,38968887,36697025,94.17,72486867,98.76
SRR1388323,43430917,38413013,88.44,75652442,98.47
SRR1388378,63582876,60948712,95.85,120698821,99.01
SRR1388480,45181338,40810481,90.32,80745159,98.92
SRR1388504,38341822,35352359,92.20,69435604,98.20
SRR1388979,44693289,42617060,95.35,84409736,99.03
SRR1389036,53261378,50913563,95.59,100807962,98.99
SRR1389059,55533149,49646655,89.40,98392860,99.09
SRR1389218,50735555,47379574,93.38,93847560,99.03
SRR1389348,34812015,32715985,93.97,64730734,98.92
SRR1389979,30533679,28525766,93.42,56294899,98.67
SRR1390516,47891213,42401435,88.53,83952030,98.99
SRR1390582,27911027,25485484,91.30,50459764,98.99
SRR1390601,46341411,41588903,89.74,82184324,98.80
SRR1391598,38599382,36058001,93.41,71081747,98.56
SRR1391639,38588161,36224114,93.87,71382821,98.52
SRR1391769,34086396,32027276,93.95,63446867,99.05
SRR1391879,77576460,73424825,94.64,144798681,98.60
SRR1391922,52478984,43723112,83.31,86439740,98.84
SRR1392637,45109757,40259253,89.24,79674292,98.95
SRR1392725,37342476,32034574,85.78,63360744,98.89
SRR1392985,44752709,41915319,93.65,82794838,98.76
SRR1393068,43587983,40820888,93.65,80274238,98.32
SRR1393553,34000604,31516040,92.69,62028816,98.40
SRR1394147,44573228,33978059,76.22,66818984,98.32
SRR1394297,71065071,63878802,89.88,126599954,99.09
SRR1394343,47243081,41128114,87.05,81241734,98.76
SRR1394450,50020096,42998963,85.96,84765668,98.56
SRR1394566,57138744,46599716,81.55,92119627,98.84
SRR1394677,34663540,32393857,93.45,63718160,98.34
SRR1394713,53915791,51605477,95.71,102038085,98.86
SRR1394755,34232552,32043852,93.60,63127495,98.50
SRR1394799,44030269,40985484,93.08,80786477,98.55
SRR1394936,46191337,44231854,95.75,87318764,98.70
SRR1395834,36773236,34664517,94.26,68379877,98.63
SRR1395951,68639247,65533172,95.47,129490219,98.79
SRR1396078,43816000,38795932,88.54,76710588,98.86
SRR1396123,59255569,56614877,95.54,111748156,98.69
SRR1396595,42377572,38305146,90.39,75737213,98.86
SRR1396640,33337266,30409634,91.21,60171010,98.93
SRR1396659,39104891,34115497,87.24,67373833,98.74
SRR1397008,54148506,50901826,94.00,99988793,98.21
SRR1397073,32249068,29093640,90.21,57419875,98.68
SRR1397094,62240059,59479927,95.56,117253665,98.56
SRR1397266,40947657,37291093,91.07,73317578,98.30
SRR1397906,38300689,34197382,89.28,67488308,98.67
SRR1398157,33684045,30634237,90.94,60401304,98.58
SRR1398411,38649120,35765578,92.53,70684426,98.81
SRR1398839,31286789,29594948,94.59,58183319,98.29
SRR1398992,49882720,46035526,92.28,90382554,98.16
SRR1399028,39601598,35779092,90.34,70732258,98.84
SRR1399051,46012881,43905255,95.41,87013431,99.09
SRR1399092,35647707,32170240,90.24,63641649,98.91
SRR1399201,45148960,38702735,85.72,76458051,98.77
SRR1399779,44777106,42769568,95.51,84585569,98.88
SRR1399904,41482085,33408793,80.53,65728745,98.37
SRR1400245,49909430,45268416,90.70,89747076,99.12
SRR1400269,80693444,77481430,96.01,153341647,98.95
SRR1400375,38748421,35094886,90.57,69239574,98.64
SRR1400997,29742627,27811661,93.50,55026350,98.92
SRR1401062,45518945,38992467,85.66,76823431,98.51
SRR1401276,41837155,38954754,93.11,77000905,98.83
SRR1401295,43467492,35145126,80.85,69204287,98.45
SRR1401424,40376591,36847087,91.25,72556283,98.45
SRR1401552,42834063,37879663,88.43,74671273,98.56
SRR1401953,34216233,31266444,91.37,61367536,98.13
SRR1402239,37764237,32554541,86.20,64267370,98.70
SRR1402454,45344535,41498304,91.51,82142899,98.97
SRR1402473,40729553,38755153,95.15,76534842,98.74
SRR1402513,34212728,29738999,86.92,58494842,98.34
SRR1402840,37277380,35021093,93.94,69070579,98.61
SRR1402882,44739890,42518017,95.03,84222174,99.04
SRR1402900,39059967,35921912,91.96,71144759,99.02
SRR1403050,52193761,47879173,91.73,94797229,98.99
SRR1403222,46331389,44101790,95.18,87357093,99.04
SRR1403831,44352044,40634408,91.61,80543488,99.10
SRR1403875,49215159,47013041,95.52,92781533,98.67
SRR1403915,42548547,39641454,93.16,78081814,98.48
SRR1403958,39736988,36077421,90.79,71403591,98.95
SRR1404168,41090473,37911176,92.26,74689124,98.50
SRR1404601,61411055,57427586,93.51,112461937,97.91
SRR1404640,50843063,44753078,88.02,88338534,98.69
SRR1404969,45692936,38264672,83.74,74826792,97.77
SRR1405007,42473493,38633773,90.95,76411786,98.89
SRR1405224,36561006,32843295,89.83,64720504,98.52
SRR1405485,40222228,36809899,91.51,72910282,99.03
SRR1406561,40349815,36601915,90.71,72388758,98.88
SRR1406917,47529921,44230240,93.05,87056708,98.41
SRR1406976,41581491,38628457,92.89,76342679,98.81
SRR1407134,34773981,30447339,87.55,59922594,98.40
SRR1407315,41874160,38597145,92.17,76261819,98.79
SRR1407560,66284467,62980898,95.01,123882309,98.34
SRR1408113,40108669,36305129,90.51,71667487,98.70
SRR1408208,50821307,47210825,92.89,93410785,98.92
SRR1408285,42867624,40653955,94.83,79798108,98.14
SRR1408327,46614412,42100246,90.31,83393172,99.04
SRR1408368,42310764,38618342,91.27,76508092,99.05
SRR1408769,37475888,31614347,84.35,62651974,99.08
SRR1409282,53074044,50648875,95.43,99605116,98.32
SRR1409305,37977338,35458087,93.36,69848848,98.49
SRR1409351,43556695,38453416,88.28,75951824,98.75
SRR1409534,30900440,28900595,93.52,57105545,98.79
SRR1409899,35464068,32367326,91.26,63814737,98.57
SRR1410264,45776329,41602333,90.88,82361660,98.98
SRR1410448,54969589,52517328,95.53,103880121,98.90
SRR1410656,39609101,36356567,91.78,71500727,98.33
SRR1410783,50143147,47828177,95.38,94647095,98.94
SRR1410912,37699156,29603152,78.52,58202419,98.30
SRR1410934,57814940,54558094,94.36,106913431,97.98
SRR1410956,34468203,31887623,92.51,62946719,98.70
SRR1411024,39000274,35459395,90.92,70142565,98.90
SRR1413414,46914948,37192962,79.27,73115153,98.29
SRR1413454,104437357,90754846,86.89,179306363,98.78
SRR1413522,37777703,33650543,89.07,66465578,98.75
SRR1413562,42106121,38817140,92.18,76871271,99.01
SRR1413625,37256782,33508505,89.93,66333867,98.98
SRR1413768,47190904,45083246,95.53,89241896,98.97
SRR1413959,42277763,39452858,93.31,78082402,98.95
SRR1414424,34934911,30906815,88.46,61089544,98.82
SRR1414595,53392702,50100575,93.83,98970701,98.77
SRR1414684,41677545,36896107,88.52,72693291,98.51
SRR1414833,47049324,42471351,90.26,83945095,98.82
SRR1414897,40804967,37928311,92.95,74966242,98.82
SRR1415095,56001224,51936182,92.74,102699346,98.87
SRR1415215,47581290,44933907,94.43,88647969,98.64
SRR1415234,36714699,32131874,87.51,63478217,98.77
SRR1415337,54716609,52232795,95.46,103457251,99.03
SRR1415732,43048256,39556762,91.88,78213213,98.86
SRR1415832,36580437,33053376,90.35,65285422,98.75
SRR1415895,33594781,31435741,93.57,62131515,98.82
SRR1416096,41914251,37440353,89.32,74058582,98.90
SRR1416410,43605238,39310112,90.14,77832825,98.99
SRR1416434,35784023,33354674,93.21,65955102,98.86
SRR1416477,33554895,31559024,94.05,62301003,98.70
SRR1416754,46390830,43185590,93.09,85401184,98.87
SRR1416889,33538428,30308899,90.37,60037173,99.04
SRR1416999,43499032,39736156,91.34,78377951,98.62
SRR1417047,44479267,39198138,88.12,77631768,99.02
SRR1417070,42424767,39115857,92.20,77027141,98.46
SRR1417111,38998925,35665780,91.45,70580388,98.94
SRR1417202,43234205,34144265,78.97,67369516,98.65
SRR1417505,40957303,36764812,89.76,72811614,99.02
SRR1417827,45149477,41504350,91.92,82085411,98.88
SRR1417912,55132262,49445193,89.68,97921177,99.01
SRR1417981,45026434,39850404,88.50,78398772,98.36
SRR1418127,44620660,41879369,93.85,82845093,98.90
SRR1418283,47507091,43623881,91.82,86312258,98.92
SRR1418604,41878704,37762232,90.17,74890520,99.16
SRR1418818,39347275,36748161,93.39,72745047,98.97
SRR1418837,37136109,34007945,91.57,67288171,98.93
SRR1418923,45006951,37529864,83.38,73767610,98.27
SRR1418992,53178400,43898983,82.55,86768503,98.82
SRR1419148,41293150,39559886,95.80,78336392,99.00
SRR1419187,30213149,27640776,91.48,54654374,98.86
SRR1419675,51700073,48016671,92.87,94314651,98.21
SRR1419714,58058980,54834482,94.44,108009380,98.48
SRR1419893,46024855,42058084,91.38,80529806,95.73
SRR1420215,60716331,58132534,95.74,114938731,98.85
SRR1420493,48067013,43850307,91.22,86839403,99.01
SRR1420625,49447530,44904665,90.81,88811615,98.88
SRR1420891,43531149,38688977,88.87,76140921,98.40
SRR1420984,54205602,49670908,91.63,98021674,98.67
SRR1421093,41727953,36811464,88.21,72202167,98.07
SRR1421140,45909655,41830948,91.11,82416358,98.51
SRR1421177,33302563,30141073,90.50,59559923,98.80
SRR1421198,39699164,37291362,93.93,73214360,98.16
SRR1421305,33179858,30599116,92.22,60230943,98.41
SRR1421351,38008997,34150196,89.84,67501035,98.82
SRR1421375,44475520,39130073,87.98,77331797,98.81
SRR1429162,39015991,34933334,89.53,69168958,99.00
SRR1429244,55846243,52049222,93.20,102321532,98.29
SRR1429307,50050710,45821701,91.55,90077238,98.29
SRR1429329,41653171,38857019,93.28,76836543,98.87
SRR1429641,48056671,44002051,91.56,87201187,99.08
SRR1429725,39254523,34141924,86.97,67362143,98.65
SRR1429891,61406625,58647121,95.50,115600561,98.55
SRR1429935,71652583,67417834,94.08,132086649,97.96
SRR1429957,70172611,66234016,94.38,130673991,98.64
SRR1430248,30330852,27990881,92.28,54942056,98.14
SRR1430288,35716463,31644378,88.59,62530959,98.80
SRR1430570,32714074,30760488,94.02,60686365,98.64
SRR1430817,41489600,34105281,82.20,67002869,98.22
SRR1430884,37767196,34274587,90.75,67556723,98.55
SRR1430972,34675898,31651813,91.27,62529771,98.77
SRR1431183,38083042,30313710,79.59,59756289,98.56
SRR1431229,42120664,37822875,89.79,75060032,99.22
SRR1431307,40317368,36917622,91.56,73021104,98.89
SRR1431345,56380369,53942957,95.67,106779240,98.97
SRR1431366,38570901,35110823,91.02,69217124,98.56
SRR1431717,43223612,41283115,95.51,81670887,98.91
SRR1432067,46791992,44669433,95.46,88444778,98.99
SRR1432123,61186596,57749441,94.38,113613589,98.36
SRR1432275,45266148,39654440,87.60,78409212,98.86
SRR1432321,42003056,32824356,78.14,64527621,98.29
SRR1432343,71107250,62147725,87.39,122732164,98.74
SRR1432765,34514821,29174471,84.52,57907568,99.24
SRR1432823,53632338,51361150,95.76,101701075,99.00
SRR1433088,34462237,32671474,94.80,64737537,99.07
SRR1433431,52283837,50161343,95.94,99267337,98.94
SRR1433600,73248240,69814566,95.31,137983268,98.82
SRR1433644,46792430,43299704,92.53,84886783,98.02
SRR1433750,34687615,31690355,91.35,62442145,98.51
SRR1433796,39476051,34534220,87.48,67900487,98.30
SRR1433971,36997642,34974673,94.53,69160355,98.87
SRR1434138,45121665,38006314,84.23,74743525,98.33
SRR1434250,62333688,54105068,86.79,106640633,98.54
SRR1434271,34603384,32729553,94.58,64493075,98.52
SRR1434484,44746758,37540765,83.89,74405150,99.09
SRR1434526,38682757,35494941,91.75,70286339,99.00
SRR1434782,55921081,53431682,95.54,105316300,98.55
SRR1434803,39700693,36981081,93.14,72708721,98.30
SRR1434867,40653985,35358753,86.97,69603629,98.42
SRR1434934,48692229,46662311,95.83,92145984,98.73
SRR1435020,52971274,47841247,90.31,94769912,99.04
SRR1435293,51142650,47108056,92.11,92973565,98.68
SRR1435484,34407243,31490995,91.52,61952556,98.36
SRR1435536,39809546,35546387,89.29,70244287,98.80
SRR1435753,40385392,36442774,90.23,72211987,99.07
SRR1435775,35607143,32750750,91.97,64624279,98.66
SRR1435884,77401524,71879113,92.86,141570901,98.47
SRR1435901,48602917,44600572,91.76,88254859,98.93
SRR1436106,141592301,132363717,93.48,260495797,98.40
SRR1436394,35104517,32052603,91.30,63221469,98.62
SRR1436444,42216209,38057253,90.14,75222038,98.82
SRR1436966,47313490,43727291,92.42,86460676,98.86
SRR1437306,49431776,45627637,92.30,90058523,98.68
SRR1437538,37962530,34527386,90.95,67915942,98.35
SRR1437555,50633963,48738460,96.25,96484345,98.98
SRR1439674,47191231,41239478,87.38,81306341,98.57
SRR1439807,85163278,77485392,90.98,152396746,98.33
SRR1439850,47318136,41575925,87.86,81815361,98.39
SRR1439873,61078817,58359114,95.54,115430503,98.89
SRR1440013,35879535,30460092,84.89,59768244,98.10
SRR1440058,44666964,39870603,89.26,78778398,98.79
SRR1440082,39566116,36331239,91.82,71976800,99.05
SRR1440119,43560437,41028291,94.18,80857696,98.53
SRR1440246,32704796,29577678,90.43,57108369,96.53
SRR1440308,44379535,35569995,80.14,70323420,98.85
SRR1440356,38673120,36932258,95.49,73081286,98.93
SRR1440517,42704941,38426284,89.98,76043508,98.94
SRR1440699,37832062,29695635,78.49,58522558,98.53
SRR1440763,35143680,32970272,93.81,64118394,97.23
SRR1440876,55657383,52515162,94.35,103530188,98.57
SRR1440962,53334586,43706144,81.94,86119182,98.52
SRR1440986,59359862,54184168,91.28,107231329,98.95
SRR1441118,56396180,53661654,95.15,105481299,98.28
SRR1441141,37893596,35525913,93.75,69933615,98.42
SRR1441200,36694839,33554069,91.44,66145684,98.56
SRR1441224,66177265,63306912,95.66,124601516,98.41
SRR1441546,35272967,31485631,89.26,62331900,98.98
SRR1441701,45735633,40748317,89.09,80764357,99.10
SRR1442022,36197288,33825723,93.44,66637335,98.50
SRR1442195,31798708,29942347,94.16,59145237,98.76
SRR1442356,28334626,26294859,92.80,51733344,98.37
SRR1442571,30534006,28488438,93.30,56018301,98.31
SRR1442666,38454034,34714253,90.27,68651189,98.88
SRR1442885,49792899,46125282,92.63,91061327,98.71
SRR1443201,36089353,32144430,89.06,63430854,98.66
SRR1443612,33693477,31476710,93.42,61983929,98.45
SRR1443713,236594898,221568903,93.64,436112708,98.41
SRR1443824,37221675,32401786,87.05,63796901,98.44
SRR1443895,41453238,39747977,95.88,78756593,99.06
SRR1443955,44309991,35470017,80.04,69942987,98.59
SRR1443979,59538767,52945358,88.92,104229073,98.43
SRR1444102,37581294,35872914,95.45,70811084,98.69
SRR1444460,42344670,39875892,94.16,78770178,98.76
SRR1444479,46517681,36485502,78.43,71877212,98.50
SRR1444559,47761406,44882179,93.97,88745090,98.86
SRR1444580,43830930,40668629,92.78,80240710,98.65
SRR1444622,33629684,30547232,90.83,60320305,98.73
SRR1444678,37949704,33525311,88.34,66314329,98.90
SRR1444876,34077802,30994949,90.95,60972457,98.35
SRR1444932,66751102,63140633,94.59,124401828,98.51
SRR1445149,55678163,48589650,87.26,96065912,98.85
SRR1445238,32480643,29701322,91.44,58824394,99.02
SRR1445328,40889550,37928979,92.75,74664162,98.42
SRR1445347,43609658,40299764,92.41,79470617,98.59
SRR1445408,47696975,45461481,95.31,90003609,98.98
SRR1445514,39669011,37853881,95.42,74942797,98.98
SRR1445532,44828506,42800918,95.47,84621437,98.85
SRR1445895,40961587,38443795,93.85,61185386,79.57
SRR1446071,37455235,34095925,91.03,66937727,98.16
SRR1446092,49835936,46883733,94.07,91788375,97.88
SRR1446287,30666985,27612084,90.03,54568109,98.81
SRR1446762,41822709,35494072,84.86,70143424,98.81
SRR1446828,64222335,58915541,91.73,115933816,98.38
SRR1446892,42825462,39958700,93.30,78991173,98.84
SRR1446937,42318543,38838263,91.77,76534073,98.52
SRR1447259,44010715,34595853,78.60,68049972,98.34
SRR1447393,41948713,37309297,88.94,73750373,98.83
SRR1447693,37933556,34805058,91.75,68748775,98.76
SRR1447986,73267647,69223689,94.48,135881164,98.14
SRR1448162,32498330,30326431,93.31,59672377,98.38
SRR1448226,39092704,36426306,93.17,72135957,99.01
SRR1451897,42968990,38682165,90.02,76115263,98.38
SRR1451964,52369776,48512312,92.63,96026853,98.97
SRR1452056,35605281,31407301,88.20,62003567,98.70
SRR1452292,35972298,30496933,84.77,60430682,99.07
SRR1452379,27561204,25818241,93.67,51089524,98.94
SRR1452447,31889395,29766378,93.34,58314327,97.95
SRR1453145,44312738,42485791,95.87,84039996,98.90
SRR1453214,45786629,39960970,87.27,78848765,98.65
SRR1453341,35859376,33447707,93.27,65835224,98.41
SRR1453569,39431477,36652933,92.95,72315946,98.64
SRR1453702,46170517,38800213,84.03,76308490,98.33
SRR1453851,57616337,45861409,79.59,90661936,98.84
SRR1453932,56750082,52446839,92.41,103572617,98.74
SRR1454803,39254571,37458884,95.42,74168656,99.00
SRR1454950,36629380,32876833,89.75,64967862,98.80
SRR1455060,66512859,62267017,93.61,121988792,97.95
SRR1455171,55302302,50902319,92.04,100597193,98.81
SRR1455305,34715364,32684075,94.14,64579127,98.79
SRR1455369,33223391,30844303,92.83,60709393,98.41
SRR1455677,48194062,45966044,95.37,90767904,98.73
SRR1455698,49212526,39847619,80.97,78847421,98.93
SRR1455925,59500493,57062643,95.90,112861721,98.89
SRR1456294,29329437,27457870,93.61,54300726,98.88
SRR1456333,35350308,33022933,93.41,65035246,98.46
SRR1456514,52901923,49087588,92.78,96390905,98.18
SRR1456531,48627877,45042183,92.62,88407543,98.13
SRR1456841,38410920,36031069,93.80,70676973,98.07
SRR1456903,40045414,37476171,93.58,73546605,98.12
SRR1456950,45468374,40504879,89.08,80201203,99.00
SRR1457221,61319496,55894897,91.15,110350661,98.71
SRR1457418,43949726,41063153,93.43,80898838,98.50
SRR1457482,38917655,36358253,93.42,71607582,98.47
SRR1457503,43553489,39116825,89.81,77407099,98.94
SRR1457551,42714964,37518372,87.83,74018178,98.64
SRR1457597,38003774,34471560,90.70,68273236,99.02
SRR1458044,35209431,32580494,92.53,64192811,98.51
SRR1458134,50598545,45109700,89.15,89389003,99.07
SRR1458180,56718611,48239778,85.05,95481671,98.96
SRR1458422,44289713,41442103,93.57,81552892,98.39
SRR1458595,44341813,39616084,89.34,78396482,98.94
SRR1458810,54134637,45992848,84.96,91247009,99.19
SRR1459033,38779107,34289863,88.42,67488216,98.40
SRR1459211,46402616,44364341,95.60,87699301,98.83
SRR1459423,59024085,54123443,91.69,104774238,96.79
SRR1459441,50717996,43742418,86.24,86641390,99.03
SRR1459585,54679640,46652298,85.31,92250601,98.87
SRR1459655,38013762,34366246,90.40,68062027,99.02
SRR1459718,32234326,29099480,90.27,57460615,98.73
SRR1459804,33072045,30940974,93.55,61148467,98.81
SRR1460170,54725804,50962187,93.12,100125857,98.23
SRR1464305,46445074,36719713,79.06,72102490,98.17
SRR1464327,41256529,37469928,90.82,74038475,98.79
SRR1464373,44145087,39481802,89.43,78155522,98.97
SRR1464411,57789205,55312225,95.71,109537946,99.01
SRR1464451,44525362,36681519,82.38,72387072,98.66
SRR1465114,57695871,53766053,93.18,106139210,98.70
SRR1465132,40365179,37072594,91.84,73137799,98.64
SRR1465337,48799092,44964615,92.14,88410809,98.31
SRR1465356,46288606,42196153,91.15,83400628,98.82
SRR1465632,39327857,34444682,87.58,68093884,98.84
SRR1465917,51329839,49046679,95.55,96913069,98.79
SRR1466069,41516464,37710896,90.83,74565269,98.86
SRR1466357,32594393,29499628,90.50,58054553,98.39
SRR1466641,30569048,28627559,93.64,56542978,98.75
SRR1466833,58848052,54430710,92.49,106829150,98.13
SRR1466850,35783287,33504208,93.63,65898774,98.34
SRR1466871,45846008,43827996,95.59,86512226,98.69
SRR1466975,44394045,42344890,95.38,83761327,98.90
SRR1466993,45706433,42050886,92.00,83216971,98.94
SRR1467011,52013832,48210675,92.68,95447472,98.98
SRR1467212,56125548,53687175,95.65,106348732,99.04
SRR1467255,46090349,40723775,88.35,80125764,98.37
SRR1467294,55117231,51447839,93.34,100565684,97.73
SRR1467364,34920956,32357873,92.66,63925755,98.77
SRR1467455,38389970,35772878,93.18,70466223,98.49
SRR1467590,41187268,38179701,92.69,75606874,99.01
SRR1467813,56453337,45518552,80.63,89186933,97.96
SRR1467882,47004496,42761561,90.97,84403997,98.69
SRR1468141,41681868,36386850,87.29,71991513,98.92
SRR1468381,34263566,31859946,92.98,62695735,98.39
SRR1468403,57602123,50235848,87.21,99112682,98.64
SRR1468514,59553052,55203585,92.69,108849435,98.58
SRR1468574,36127469,32474752,89.88,64282151,98.97
SRR1468955,42294570,38569600,91.19,76323388,98.94
SRR1468974,37011862,33344166,90.09,65936236,98.87
SRR1469495,48281086,38158012,79.03,75320128,98.69
SRR1469904,39095037,35539439,90.90,70320513,98.93
SRR1470035,62819633,58425558,93.00,114177436,97.71
SRR1470111,46331813,44459162,95.95,88035068,99.00
SRR1470175,55073929,50951158,92.51,100406352,98.53
SRR1470212,45785631,43487225,94.98,85919625,98.78
SRR1470397,44104030,39276923,89.05,77527522,98.69
SRR1470703,62275505,57940460,93.03,114819827,99.08
SRR1470902,33224769,31178601,93.84,61338611,98.36
SRR1471350,45803754,41175166,89.89,81490188,98.95
SRR1471374,55584015,51677314,92.97,101304285,98.01
SRR1471417,41520605,38685714,93.17,76093304,98.34
SRR1471435,36212103,33947648,93.74,66909339,98.54
SRR1471773,33823351,30798267,91.05,60927587,98.91
SRR1471817,30933390,28671400,92.68,56466986,98.47
SRR1471903,39861859,36436384,91.40,71951984,98.73
SRR1471922,43616986,38616981,88.53,76361267,98.87
SRR1471943,44888161,41053535,91.45,81287507,99.00
SRR1472079,45183232,40364887,89.33,79812252,98.86
SRR1472150,57388469,54972743,95.79,108783203,98.94
SRR1472193,46735167,42669765,91.30,84040462,98.47
SRR1472301,41910796,37829041,90.26,74814367,98.88
SRR1472323,46536730,42456010,91.23,83907061,98.81
SRR1472394,40523763,38175373,94.20,75361779,98.70
SRR1472621,29820549,27849791,93.39,54910427,98.58
SRR1472663,52437949,46915108,89.46,92921880,99.03
SRR1472770,50373167,45112822,89.55,89331273,99.00
SRR1473185,41558809,38728268,93.18,75798196,97.85
SRR1473422,52972524,50656881,95.62,100241943,98.94
SRR1473590,52755730,49720014,94.24,98442678,98.99
SRR1473654,30286446,28274065,93.35,55876983,98.81
SRR1473733,37981811,34229366,90.12,67664199,98.83
SRR1473822,43758010,35387773,80.87,70050906,98.97
SRR1473936,66645153,63747165,95.65,125906875,98.75
SRR1473979,35533796,33341487,93.83,65613217,98.39
SRR1474065,54666587,49212817,90.02,97507335,99.06
SRR1474137,55644802,52133058,93.68,102289715,98.10
SRR1474333,45295879,42569148,93.98,84057582,98.73
SRR1474466,47641221,44125318,92.62,87187427,98.79
SRR1474509,46156870,41757165,90.46,82671613,98.99
SRR1474553,31663948,29624091,93.55,58514372,98.76
SRR1474684,52650347,47013652,89.29,93090193,99.00
SRR1474754,32195960,29136164,90.49,57357260,98.42
SRR1474777,56624353,52447734,92.62,103363338,98.53
SRR1474795,29537544,26840371,90.86,52913560,98.57
SRR1474886,43941504,35414246,80.59,69704330,98.41
SRR1474951,55206810,47934420,86.82,94748203,98.83
SRR1475022,34774388,31746893,91.29,62786850,98.88
SRR1475168,46290278,41471523,89.59,82195404,99.09
SRR1475257,40856715,36554181,89.46,72368007,98.98
SRR1475386,45106107,40836713,90.53,80865875,99.01
SRR1475609,44960298,41711521,92.77,82030214,98.33
SRR1475675,45708616,35310869,77.25,69622957,98.58
SRR1475737,47257539,42809854,90.58,84405720,98.58
SRR1475803,28909210,26887863,93.00,52899702,98.37
SRR1475909,59324613,56880678,95.88,112573031,98.95
SRR1475969,60330959,56014152,92.84,111031480,99.11
SRR1476186,33389370,30107891,90.17,59574432,98.93
SRR1476279,39452656,34528677,87.51,68095097,98.60
SRR1476407,36556694,33383026,91.31,66040962,98.91
SRR1476571,57609895,45550164,79.06,89093882,97.79
SRR1476614,49002963,41696450,85.08,82707322,99.17
SRR1476632,29816192,27880885,93.50,54899848,98.45
SRR1476676,55180457,52703325,95.51,104175188,98.83
SRR1477080,46417364,41932268,90.33,83031355,99.00
SRR1477104,33576583,29757690,88.62,58609535,98.47
SRR1477197,35861167,32266413,89.97,63818117,98.89
SRR1477385,28271387,26486262,93.68,52192485,98.52
SRR1477615,51837675,46480892,89.66,92196479,99.17
SRR1477634,41501240,38256131,92.18,75739697,98.99
SRR1477773,47548110,43315098,91.09,85375847,98.55
SRR1477971,38880125,36602699,94.14,71875608,98.18
SRR1478032,45796374,43571592,95.14,85694653,98.33
SRR1478077,42062746,37704344,89.63,73903395,98.00
SRR1478096,58796606,54587282,92.84,107335851,98.31
SRR1478294,59889214,56975691,95.13,111682197,98.00
SRR1478768,46568962,40210860,86.34,79478785,98.82
SRR1478946,62492717,59100977,94.57,116704456,98.73
SRR1479239,51644142,47189866,91.37,92731400,98.25
SRR1479510,32750324,29423894,89.84,57985111,98.53
SRR1479681,40883663,38973930,95.32,77086555,98.89
SRR1479759,34638254,32457769,93.70,64311480,99.06
SRR1479779,57367352,54794159,95.51,108309784,98.83
SRR1479802,44073428,38408953,87.14,74102564,96.46
SRR1479912,57316019,54577413,95.22,107069024,98.08
SRR1480059,53031090,48144594,90.78,94934121,98.59
SRR1480307,34361257,26684686,77.65,52505661,98.38
SRR1480365,39166274,36418277,92.98,72061116,98.93
SRR1480479,39773179,36115604,90.80,71363932,98.79
SRR1480652,60226954,57439658,95.37,113543906,98.83
SRR1480875,64588487,60316408,93.38,118166297,97.95
SRR1480988,43374454,37616276,86.72,74471110,98.98
SRR1481216,56296350,52970798,94.09,104254548,98.40
SRR1481462,48297398,39256562,81.28,77239834,98.37
SRR1485167,29446428,25813972,87.66,50827192,98.44
SRR1485290,38288732,33083806,86.40,65232156,98.58
SRR1485333,41289362,37029228,89.68,73270474,98.93
SRR1485459,55414884,47947282,86.52,94588365,98.63
SRR1485542,36560687,34294757,93.80,67601480,98.55
SRR1485652,51830285,47002345,90.68,92822760,98.74
SRR1485789,44958456,39275476,87.35,77204655,98.28
SRR1485892,68133462,63952836,93.86,126451640,98.86
SRR1485954,42153681,38299303,90.85,75483923,98.54
SRR1486097,35593668,33389827,93.80,65907578,98.69
SRR1486304,53022690,49149563,92.69,96895351,98.57
SRR1486475,53553097,51270827,95.73,101571593,99.05
SRR1486496,48430156,43386539,89.58,85852052,98.93
SRR1486560,46075348,41486536,90.04,82015191,98.84
SRR1486608,40955844,39061048,95.37,77327271,98.98
SRR1486626,38412240,35979197,93.66,71103830,98.81
SRR1486741,38468171,36119727,93.89,70902114,98.14
SRR1486863,58856333,53822533,91.44,106459693,98.89
SRR1487107,57863224,55418917,95.77,109564755,98.85
SRR1487194,55270645,52944782,95.79,104850638,99.01
SRR1487295,50605950,45789195,90.48,90477453,98.79
SRR1487321,33372479,31169276,93.39,61678031,98.94
SRR1487362,39017077,36519752,93.59,71607448,98.03
SRR1487685,36007055,33267000,92.39,65760974,98.83
SRR1487825,40585872,36872854,90.85,73045765,99.05
SRR1488172,36668772,32614831,88.94,64482501,98.85
SRR1488285,70126353,66440027,94.74,131127454,98.68
SRR1488349,42833746,40871280,95.41,81001617,99.09
SRR1488367,36737506,33331244,90.72,65889550,98.84
SRR1488538,47570174,42492421,89.32,84098522,98.95
SRR1488562,40985322,33443398,81.59,66101501,98.82
SRR1488651,38798342,34575058,89.11,68466809,99.01
SRR1488672,37101478,29972113,80.78,59072316,98.54
SRR1488715,36970383,33771574,91.34,66818569,98.92
SRR1488751,52569078,48061931,91.42,94627394,98.44
SRR1488836,58312507,54773950,93.93,107290309,97.93
SRR1489054,48060528,45979535,95.67,90701438,98.63
SRR1489137,46345896,39555166,85.34,78323885,99.00
SRR1489155,57440718,54072471,94.13,106502490,98.48
SRR1489177,74999126,70775630,94.36,139407429,98.48
SRR1489502,39777616,35866846,90.16,70869567,98.79
SRR1489779,53426676,48839142,91.41,96281220,98.56
SRR1489821,42098255,40163666,95.40,79318033,98.74
SRR1489971,41915754,37869693,90.34,74952277,98.96
SRR1490019,43234832,40536029,93.75,80020799,98.70
SRR1490382,56937088,53593587,94.12,104997537,97.95
SRR1490465,35910682,32501802,90.50,64284537,98.89
SRR1490524,36110731,33570836,92.96,66298509,98.74
SRR1490568,43266130,39114496,90.40,77164543,98.63
SRR1490613,59125891,55660079,94.13,109455302,98.32
SRR1491293,49291068,46999658,95.35,93199717,99.14
SRR1491311,37219630,33977933,91.29,67235815,98.94
SRR1498272,58357986,55712451,95.46,110098204,98.80
SRR1498482,46045655,39078149,84.86,77053094,98.58
SRR1498550,50210832,47677329,94.95,94033174,98.61
SRR1498616,42047990,37913720,90.16,75075347,99.00
SRR1498640,33180273,29725129,89.58,58707263,98.75
SRR1498702,61164982,50033166,81.80,98628514,98.56
SRR1498861,39751931,35557290,89.44,70350847,98.92
SRR1499193,37991955,34383849,90.50,68056231,98.96
SRR1499442,42529070,39243854,92.27,76962665,98.05
SRR1499630,41793875,38170998,91.33,75624011,99.05
SRR1499785,39216137,36895009,94.08,72583408,98.36
SRR1499823,70542935,64110198,90.88,126709713,98.82
SRR1499982,54028483,48731416,90.19,95280017,97.76
SRR1500405,39778858,34362054,86.38,67713434,98.52
SRR1500428,58644333,56116770,95.69,111073349,98.96
SRR1500537,43209097,39855094,92.23,78152226,98.04
SRR1500617,40701465,37427090,91.95,74141811,99.04
SRR1500639,38809081,35338747,91.05,69960935,98.98
SRR1500753,52595962,50474768,95.96,99864238,98.92
SRR1500800,38303239,34605179,90.34,68114461,98.41
SRR1500868,35358996,30999348,87.67,61217788,98.74
SRR1500998,44931452,41032017,91.32,81000758,98.70
SRR2157460,97524040,87957487,90.19,174027094,98.92
SRR2166176,97141504,87015065,89.57,171334859,98.45
SRR2166648,95493380,86383313,90.46,170761183,98.83
SRR2167030,103649114,93267521,89.98,184485423,98.90
SRR2167642,89242855,79941243,89.57,157550517,98.54
SRR2170408,97809650,87810014,89.77,173783085,98.95
SRR5125346,54904014,46379777,84.47,91781907,98.94
SRR5125347,54904014,46379777,84.47,91781907,98.94
SRR5125349,63175112,53441856,84.59,105831655,99.01
SRR5125350,63175112,53441856,84.59,105831655,99.01
SRR5125352,61760665,52363451,84.78,103670582,98.99
SRR5125353,61760665,52363451,84.78,103670582,98.99
SRR5125356,61699408,51761267,83.89,102305593,98.82
SRR5125357,61699408,51761267,83.89,102305593,98.82
SRR5125358,61300878,51868322,84.61,102564560,98.87
SRR5125359,61300878,51868322,84.61,102564560,98.87
SRR5125361,60790768,50842427,83.63,100658540,98.99
SRR5125362,60790768,50842427,83.63,100658540,98.99
SRR5125364,59147414,49918068,84.39,98899921,99.06
SRR5125365,59147414,49918068,84.39,98899921,99.06
SRR5125370,71051028,60051070,84.51,118922783,99.01
SRR5125371,71051028,60051070,84.51,118922783,99.01
SRR5125373,66332332,55900813,84.27,110173051,98.54
SRR5125374,66332332,55900813,84.27,110173051,98.54
SRR5125409,65784689,55707794,84.68,109843267,98.58
SRR5125410,65784689,55707794,84.68,109843267,98.58
SRR5125532,61421961,51759892,84.26,102312263,98.83
SRR5125533,61421961,51759892,84.26,102312263,98.83
SRR5125535,67923722,57360750,84.44,113664070,99.07
SRR5125536,67923722,57360750,84.44,113664070,99.07
SRR5125541,51970127,43500043,83.70,85217070,97.95
SRR5125542,51970127,43500043,83.70,85217070,97.95
SRR5125562,63447075,53488520,84.30,103749782,96.98
SRR5125563,63447075,53488520,84.30,103749782,96.98
SRR5125565,61012762,51767419,84.84,101895660,98.41
SRR5125566,61012762,51767419,84.84,101895660,98.41
SRR5125574,54429793,45423661,83.45,85311284,93.90
SRR5125575,54429793,45423661,83.45,85311284,93.90
SRR5125577,59285683,49169252,82.93,78572940,79.90
SRR5125578,59285683,49169252,82.93,78572940,79.90
SRR595926,61783980,52594252,85.12,103039181,97.95
SRR597927,53645586,47127409,87.84,92771133,98.42
SRR597977,58796673,33703427,57.32,61326869,90.98
SRR598009,63507285,46854151,73.77,89071834,95.05
SRR598124,55608656,39845873,71.65,76480779,95.97
SRR598196,51456351,45301173,88.03,89387204,98.65
SRR598253,66624119,53976301,81.01,105787906,97.99
SRR598276,46537556,30387543,65.29,58193873,95.75
SRR598332,58010435,45679800,78.74,88237145,96.58
SRR598396,46190844,30196890,65.37,58285624,96.50
SRR598428,65146587,55073840,84.53,108078741,98.12
SRR598533,68310028,56851596,83.22,111658391,98.20
SRR598638,52820471,42433019,80.33,83199397,98.03
SRR598671,45163430,34943575,77.37,67293634,96.28
SRR598768,47413249,41819384,88.20,82593441,98.75
SRR598862,55781264,39438859,70.70,75636880,95.89
SRR599192,85037542,57338371,67.42,106699016,93.04
SRR599225,52911614,47983842,90.68,94532891,98.50
SRR599448,46673323,31204507,66.85,58519755,93.76
SRR599486,38401715,28788744,74.96,54981725,95.49
SRR600348,51876180,45965049,88.60,90724561,98.68
SRR600361,44704825,39038601,87.32,76317723,97.74
SRR600385,63774672,50777905,79.62,99864186,98.33
SRR600445,57250450,46074283,80.47,90090998,97.76
SRR600533,76916484,45575128,59.25,85167669,93.43
SRR600560,55141646,47355937,85.88,92892675,98.07
SRR600608,59548920,52148756,87.57,102993744,98.74
SRR600724,104532840,37857001,36.21,57197147,75.54
SRR600754,43414514,35412435,81.56,69667149,98.36
SRR600876,51648548,31931724,61.82,61455484,96.22
SRR600957,55844316,48563903,86.96,95374578,98.19
SRR601006,57202230,45399642,79.36,87746414,96.63
SRR601098,55040562,46880575,85.17,92008775,98.13
SRR601122,63593923,54467752,85.64,107385246,98.57
SRR601169,75328275,61710173,81.92,121042284,98.07
SRR601201,62974067,50625336,80.39,99034084,97.81
SRR601287,54246234,43189240,79.61,84692308,98.04
SRR601500,53436255,45906774,85.90,90573669,98.64
SRR601669,31344946,22299598,71.14,43879130,98.38
SRR601755,65848193,56577552,85.92,111818448,98.81
SRR601787,108403745,49863451,45.99,82093812,82.31
SRR602131,181951974,24938929,13.70,29352234,58.84
SRR602169,55932234,45912133,82.08,89814687,97.81
SRR602193,50117973,42657795,85.11,83688359,98.09
SRR602271,43099604,32583621,75.60,63388999,97.27
SRR602314,48293406,39923541,82.66,78490031,98.30
SRR602365,47207772,33418503,70.79,64371521,96.31
SRR602516,50938455,46006962,90.31,90939931,98.83
SRR602540,59903163,45844593,76.53,88910988,96.96
SRR602598,49244814,32285621,65.56,60554578,93.77
SRR602622,49047276,39371326,80.27,77237798,98.08
SRR602704,63245401,47801235,75.58,91718096,95.93
SRR602728,55796674,35946782,64.42,67622933,94.05
SRR602808,53846838,31302239,58.13,60690595,96.94
SRR602839,57805882,39308105,68.00,74646875,94.95
SRR602871,50861630,43461671,85.45,85208082,98.02
SRR602927,59076138,37435253,63.36,70750725,94.49
SRR603068,53339811,33578372,62.95,64378123,95.86
SRR603333,58153195,34435783,59.21,65668113,95.34
SRR603397,48573187,38947286,80.18,74935762,96.20
SRR603534,65019520,52831216,81.25,103507608,97.96
SRR603596,46618216,36039524,77.30,69381200,96.25
SRR603658,45918560,34565222,75.27,66973623,96.88
SRR603752,53083600,45192213,85.13,89012677,98.48
SRR604026,45780084,36437361,79.59,70371781,96.56
SRR604050,53862430,32934670,61.14,62326581,94.62
SRR604074,60581238,52562925,86.76,103300021,98.26
SRR604098,59171879,50288068,84.98,98264900,97.70
SRR604146,31184121,28450638,91.23,56093295,98.58
SRR604262,77343516,66216789,85.61,130831083,98.78
SRR604318,68422510,53596575,78.33,104862012,97.82
SRR604366,57264005,41200966,71.94,79670310,96.68
SRR604456,44193493,39856139,90.18,78877089,98.95
SRR604528,48637984,39676307,81.57,77896424,98.16
SRR607091,84640025,49437272,58.40,92992597,94.05
SRR607141,61333567,50030871,81.57,97891023,97.83
SRR607311,31684729,24555263,77.49,47044682,95.79
SRR607337,68836479,57591683,83.66,112320386,97.51
SRR607406,92955826,36059794,38.79,58111328,80.57
SRR607445,64656662,52664387,81.45,103235592,98.01
SRR607478,54364880,47929970,88.16,94471293,98.55
SRR607538,53757645,36537289,67.96,69824460,95.55
SRR607611,111690271,46107068,41.28,80900365,87.73
SRR607775,180399016,25361106,14.05,29187071,57.54
SRR607887,50042313,41626794,83.18,81463176,97.84
SRR607935,52445710,35950796,68.54,69513524,96.67
SRR607967,32450679,29894458,92.12,58953361,98.60
SRR608002,47190415,40913424,86.69,80802548,98.74
SRR608174,68134292,58796175,86.29,115351834,98.09
SRR608230,101935122,50496691,49.53,91531362,90.63
SRR608368,59334313,50172937,84.55,98941711,98.60
SRR608456,56114792,43313664,77.18,83662305,96.57
SRR608574,45250740,29406370,64.98,56878464,96.71
SRR608598,58721135,45340759,77.21,87157098,96.11
SRR608662,69466503,55076468,79.28,106984996,97.12
SRR608718,54050729,38265161,70.79,73445468,95.96
SRR612311,48482802,40955070,84.47,79492096,97.04
SRR612380,43244299,36905134,85.34,71480713,96.84
SRR612407,47222952,21646752,45.83,32197902,74.37
SRR612419,47692187,41215688,86.42,79831419,96.84
SRR612443,43837503,38035092,86.76,74351496,97.74
SRR612455,32652462,24346979,74.56,47564025,97.67
SRR612563,57975154,27548342,47.51,52516129,95.31
SRR612575,55072754,14023540,25.46,12256561,43.69
SRR612623,35823474,30801084,85.98,60080187,97.52
SRR612731,49863924,21681900,43.48,39494611,91.07
SRR612899,50745602,30403104,59.91,56754410,93.33
SRR613042,44650478,34696595,77.70,68051339,98.06
SRR613090,50504888,32842420,65.02,62152702,94.62
SRR613114,53025518,17373338,32.76,28189250,81.12
SRR613270,47979703,28032655,58.42,51822628,92.43
SRR613354,41779632,19877859,47.57,35341216,88.89
SRR613366,37317043,29883465,80.07,57256101,95.79
SRR613438,47158132,34940232,74.09,67350183,96.37
SRR613474,44772397,17511418,39.11,17764641,50.72
SRR613498,54471469,46205395,84.82,90674631,98.12
SRR613579,45392840,39830335,87.74,77775449,97.63
SRR613627,50794464,39493425,77.75,74144735,93.86
SRR613735,47004300,20855543,44.36,37716178,90.42
SRR613747,55972928,33315067,59.51,62377586,93.61
SRR613807,48321422,20061481,41.51,34394373,85.72
SRR614071,53990159,35121532,65.05,65039171,92.59
SRR614083,54904696,32040109,58.35,60317424,94.12
SRR614155,58841810,30777832,52.30,58240403,94.61
SRR614310,43381380,37629581,86.74,73889488,98.18
SRR614323,55258739,39927377,72.25,77130024,96.58
SRR614383,57448220,42110370,73.30,80712715,95.83
SRR614443,42879280,35421530,82.60,68878892,97.22
SRR614455,55718751,44841007,80.47,86258024,96.18
SRR614479,59573047,27428944,46.04,49649470,90.50
SRR614515,48590390,24836172,51.11,47596921,95.82
SRR614539,40054811,18990063,47.41,34569128,91.01
SRR614563,51185973,44318273,86.58,86173798,97.22
SRR614647,52976545,31663732,59.76,61967792,97.85
SRR614742,50350015,8815968,17.50,12276270,69.62
SRR614802,37308969,23102778,61.92,43788195,94.76
SRR614814,60685162,33889082,55.84,64458304,95.10
SRR614900,50386307,30836667,61.20,58729691,95.22
SRR614924,28143817,7636798,27.13,10133980,66.34
SRR615020,45290498,24838364,54.84,47111467,94.83
SRR615096,41706758,15485456,37.12,25202780,81.37
SRR615141,59777557,31541840,52.76,55162497,87.44
SRR615213,54346093,18243890,33.56,11913562,32.65
SRR615249,53698904,31671323,58.97,59043998,93.21
SRR615467,52910977,33031415,62.42,63720847,96.45
SRR615515,52473725,18752441,35.73,30240508,80.63
SRR615599,51581371,33042373,64.05,59176515,89.54
SRR615731,37161656,13513441,36.36,16730894,61.90
SRR615766,51512760,18306892,35.53,28144038,76.86
SRR615838,33583295,24278820,72.29,46516144,95.79
SRR615934,40756038,28146383,69.06,53575464,95.17
SRR627299,30936005,17259655,55.79,33075601,95.81
SRR627421,25211765,11297752,44.81,21777228,96.37
SRR627425,32499997,16210662,49.87,31155394,96.09
SRR627429,39665115,28090610,70.81,54695041,97.35
SRR627433,29653186,17014508,57.37,32576436,95.73
SRR627449,32181002,23327727,72.48,45464773,97.44
SRR627451,34475292,24427188,70.85,47522038,97.27
SRR627453,25054027,13855623,55.30,26493749,95.60
SRR627455,43462132,30804535,70.87,60076592,97.51
SRR627462,36487822,25519344,69.93,49610171,97.20
SRR654874,44924424,30954076,68.90,59424352,95.98
SRR654886,41362296,29075456,70.29,56098420,96.47
SRR655111,90286739,78241386,86.65,154064016,98.45
SRR655134,64656646,50812635,78.58,99256074,97.66
SRR655146,81609558,66844481,81.90,130835334,97.86
SRR655218,75029782,60796674,81.03,119134518,97.97
SRR655375,97726090,82376098,84.29,159634038,96.89
SRR655435,47693297,37966711,79.60,74443250,98.03
SRR655555,85898952,76447558,88.99,150618510,98.51
SRR655590,19877223,7805029,39.26,13602276,87.13
SRR655649,87662862,77828011,88.78,153180914,98.40
SRR655684,41553678,37327664,89.82,73259209,98.12
SRR655864,67873267,54597666,80.44,105973920,97.04
SRR655923,67816621,43525246,64.18,82705559,95.00
SRR656167,37063551,24827572,66.98,46021622,92.68
SRR656179,62922321,55358579,87.97,108751257,98.22
SRR656493,49676176,20219852,40.70,37255257,92.12
SRR656516,55127529,22564779,40.93,38207142,84.66
SRR656552,26857984,11912016,44.35,18607791,78.10
SRR656564,66639884,37256203,55.90,68317586,91.68
SRR656745,92618061,83346895,89.98,163099892,97.84
SRR657127,51291541,36555948,71.27,69475801,95.02
SRR657151,56518672,47089662,83.31,88926203,94.42
SRR657325,84560985,74802917,88.46,146557970,97.96
SRR657348,62798974,53612395,85.37,105225604,98.13
SRR657587,80814075,66677564,82.50,130234106,97.65
SRR657635,86438953,75713084,87.59,148356797,97.97
SRR657683,32741375,28000077,85.51,53873945,96.20
SRR657731,69980479,55907633,79.89,109031614,97.51
SRR657754,81322822,57475205,70.67,112154656,97.56
SRR657777,39389338,27211723,69.08,51053675,93.80
SRR657891,44636569,36958641,82.79,72328756,97.85
SRR657915,49333096,44610313,90.42,87546342,98.12
SRR657973,60620705,49555531,81.74,97209310,98.08
SRR657997,39408482,35137190,89.16,68691415,97.74
SRR658129,82187066,72252529,87.91,142283005,98.46
SRR658188,33811667,26475739,78.30,51881904,97.98
SRR658247,46036768,28118601,61.07,54598300,97.08
SRR658307,49113650,43893618,89.37,85229672,97.08
SRR658645,41030930,33997447,82.85,66336611,97.56
SRR658813,88343566,74180013,83.96,144877275,97.65
SRR658977,47389626,33794290,71.31,65829045,97.39
SRR659013,52671342,30710013,58.30,58554262,95.33
SRR659121,57680177,51929235,90.02,102515161,98.70
SRR659187,91783845,76685496,83.55,150671582,98.23
SRR659235,61940057,50795188,82.00,99668876,98.10
SRR659331,55342351,45505015,82.22,88463856,97.20
SRR659412,51244013,44095285,86.04,86255388,97.80
SRR659472,38788377,23155351,59.69,43366234,93.64
SRR659484,80081200,70170387,87.62,137881347,98.24
SRR659555,70842559,62377488,88.05,122782846,98.41
SRR659602,87880967,75798118,86.25,148961202,98.26
SRR659625,45736561,34804616,76.09,63511389,91.23
SRR659673,102322356,54938079,53.69,105939766,96.41
SRR659780,75554857,41854183,55.39,79530622,95.00
SRR659899,47807605,40182973,84.05,77906542,96.93
SRR660007,35828350,12194468,34.03,19123504,78.41
SRR660091,58167317,52762070,90.70,104099080,98.64
SRR660103,45494012,40126030,88.20,78325653,97.59
SRR660330,72902681,55357876,75.93,107632464,97.21
SRR660498,37725326,17904588,47.46,32043391,89.48
SRR660626,60464117,52713759,87.18,103877943,98.53
SRR660638,79456807,61087303,76.88,116013208,94.95
SRR660661,30746254,20341894,66.16,37029959,91.01
SRR660733,48234601,27070486,56.12,51034704,94.26
SRR660812,62113043,54310093,87.43,106387905,97.94
SRR660895,65986081,54206638,82.14,106661146,98.38
SRR660933,54947938,49030745,89.23,96548701,98.45
SRR660945,44022467,33236323,75.49,64795474,97.47
SRR660969,58078330,47291346,81.42,91852517,97.11
SRR661005,100934538,57043241,56.51,110747914,97.07
SRR661133,46298503,12282552,26.52,16924678,68.89
SRR661179,38032257,29199424,76.77,56929465,97.48
SRR661255,50630138,43661701,86.23,85690027,98.12
SRR661290,87707311,74449924,84.88,145544375,97.74
SRR661325,72195583,63886867,88.49,126186172,98.75
SRR661349,52456867,42651597,81.30,83521993,97.91
SRR661433,31712275,22170011,69.90,39783514,89.72
SRR661445,70860796,55686842,78.58,106577032,95.69
SRR661723,58421786,50831471,87.00,99846828,98.21
SRR661779,74756075,30783077,41.17,57622834,93.59
SRR661818,51325075,34782997,67.76,65142753,93.64
SRR661925,35961967,31137606,86.58,60620384,97.34
SRR661973,74056024,64313268,86.84,126536801,98.37
SRR661995,46969498,38595940,82.17,75494203,97.80
SRR662007,27817407,15711813,56.48,29189616,92.89
SRR662091,54532034,48908688,89.68,96228923,98.37
SRR662138,40562515,32814938,80.89,64353068,98.05
SRR662233,72796327,59567436,81.82,116702773,97.95
SRR662342,57327246,32132334,56.05,60994662,94.91
SRR662534,48854704,41788017,85.53,82205308,98.35
SRR662546,47417491,38904720,82.04,74786398,96.11
SRR662570,95638401,72624417,75.93,141257660,97.25
SRR662689,70336356,50154423,71.30,97001718,96.70
SRR662725,105223699,62190933,59.10,120468023,96.85
SRR662799,41540226,37036765,89.15,72338568,97.65
SRR662871,72069974,63878319,88.63,125148698,97.95
SRR662978,59088750,43310454,73.29,84617361,97.68
SRR663261,79357942,59363891,74.80,116055529,97.74
SRR663320,85015960,75913305,89.29,148654213,97.91
SRR663453,56408853,49581126,87.89,97356417,98.17
SRR663633,41811555,30147620,72.10,58267088,96.63
SRR663681,48797615,43482572,89.10,85271759,98.05
SRR663693,58781934,37394468,63.61,72229545,96.57
SRR663753,73197063,64363442,87.93,126411161,98.20
SRR664048,33858754,27722350,81.87,54512629,98.31
SRR664819,78413674,61350538,78.23,119654027,97.51
SRR664842,52533232,47920574,91.21,94147138,98.23
SRR664854,64910059,54111315,83.36,105753229,97.71
SRR665241,51411096,10904655,21.21,14620782,67.03
SRR665298,27974665,16807328,60.08,31000814,92.22
SRR665334,93913322,76368617,81.31,150316817,98.41
SRR665393,36140401,29577242,81.83,55633253,94.04
SRR665502,53932097,42890830,79.52,84023718,97.95
SRR665563,84842662,76618750,90.30,150834962,98.43
SRR665670,62718194,54284099,86.55,106652538,98.23
SRR807591,69726773,59594737,85.46,117920763,98.93
SRR807657,61336829,51821380,84.48,102072561,98.48
SRR808614,62890776,55985039,89.01,110636351,98.80
SRR810319,65055387,54654869,84.01,107830260,98.64
SRR810571,59285683,49169252,82.93,78572940,79.90
SRR810877,63990733,48045022,75.08,94114827,97.94
SRR810957,51970127,43500043,83.70,85217070,97.95
SRR812012,53785681,47866272,88.99,94613246,98.83
SRR812436,57693635,52196148,90.47,103104180,98.76
SRR814563,58816415,52312083,88.94,102940501,98.39
SRR814967,61510287,52782124,85.81,104302090,98.80
SRR814989,53805786,47186672,87.69,93480527,99.05
SRR815232,69097887,58091444,84.07,113524269,97.71
SRR816292,63845988,52962612,82.95,103898717,98.08
SRR816721,60288863,53685030,89.04,106221016,98.92
SRR816770,54904014,46379777,84.47,91781907,98.94
SRR817190,44586606,35949378,80.62,69643862,96.86
SRR817258,68124290,61382165,90.10,120756720,98.36
SRR817629,48906817,43432346,88.80,85707453,98.66
SRR817658,56278313,46771922,83.10,64166603,68.59
SRR817686,61421961,51759892,84.26,102312263,98.83
SRR817715,71051028,60051070,84.51,118922783,99.01
SRR817751,68497278,60166262,87.83,119056618,98.93
SRR817758,52137317,42442351,81.40,81351341,95.83
SRR817775,62212813,52827852,84.91,104630618,99.02
SRR817797,57211505,49682877,86.84,97814625,98.43
SRR817832,59147414,49918068,84.39,98899921,99.06
SRR817856,67923722,57360750,84.44,113664070,99.07
SRR817880,79725474,67055136,84.10,132470858,98.77
SRR817905,63417813,54492038,85.92,107778523,98.89
SRR817927,68745145,58546993,85.16,115040086,98.24
SRR817978,61699408,51761267,83.89,102305593,98.82
SRR818033,65925982,55499577,84.18,109295137,98.46
SRR818057,54687074,48215023,88.16,95321271,98.85
SRR818086,62272713,51314223,82.40,101194732,98.60
SRR818110,61300878,51868322,84.61,102564560,98.87
SRR818146,61760665,52363451,84.78,103670582,98.99
SRR818188,60346268,51633946,85.56,101738263,98.51
SRR818210,71001394,57009603,80.29,112219496,98.42
SRR818270,85074305,75737556,89.02,148477028,98.02
SRR818348,63175112,53441856,84.59,105831655,99.01
SRR818396,67773296,57548613,84.91,113743755,98.82
SRR818418,108213279,90744376,83.85,179597830,98.95
SRR818469,60023609,50412482,83.98,99528917,98.71
SRR818971,71227434,59978202,84.20,117937137,98.31
SRR819134,50177362,40176370,80.06,77943677,97.00
SRR819346,59318962,48678957,82.06,63691355,65.41
SRR819370,55171819,45210428,81.94,89152671,98.59
SRR819534,64410895,54247526,84.22,106914781,98.54
SRR819793,60220666,50046366,83.10,98886007,98.79
SRR819946,102519913,79172513,77.22,155358840,98.11
SRR819999,61772347,52610254,85.16,103430547,98.29
SRR820078,66315295,55183906,83.21,109014893,98.77
SRR820107,66332332,55900813,84.27,110173051,98.54
SRR820133,61012762,51767419,84.84,101895660,98.41
SRR820157,68940814,58171616,84.37,114548811,98.45
SRR820209,63447075,53488520,84.30,103749782,96.98
SRR820256,67134874,56529622,84.20,111350301,98.48
SRR820292,57252600,47272084,82.56,93448540,98.84
SRR820379,55977418,47649718,85.12,94349432,99.00
SRR820468,65784689,55707794,84.68,109843267,98.58
SRR820518,57652353,48655555,84.39,96307087,98.96
SRR820623,101951408,91617165,89.86,179923010,98.19
SRR820883,60790768,50842427,83.63,100658540,98.99
SRR820962,48602807,40300532,82.91,78938717,97.93
SRR821019,54429793,45423661,83.45,85311284,93.90
SRR821434,44147944,39598810,89.69,78168189,98.70
SRR821468,69837659,59901943,85.77,117647289,98.19
SRR821549,57802497,51122661,88.44,101102082,98.88
SRR821581,57037654,50452460,88.45,99386083,98.49
SRR821602,74903800,45549394,60.81,85625512,93.99
SRR821626,58457667,52271045,89.41,103390098,98.89
SRR821690,94446403,78431181,83.04,150043064,95.65
