accession,description,length,masked Ns,masked Ns %,custom-25 Ns,custom-25 Ns %,masked custom-25 Ns,masked custom-25 Ns %,dev-25 Ns,dev-25 Ns %,masked dev-25 Ns,masked dev-25 Ns %,vsl-25 Ns,vsl-25 Ns %,masked vsl-25 Ns,masked vsl-25 Ns %,custom-50 Ns,custom-50 Ns %,masked custom-50 Ns,masked custom-50 Ns %,dev-50 Ns,dev-50 Ns %,masked dev-50 Ns,masked dev-50 Ns %,vsl-50 Ns,vsl-50 Ns %,masked vsl-50 Ns,masked vsl-50 Ns %,custom-75 Ns,custom-75 Ns %,masked custom-75 Ns,masked custom-75 Ns %,dev-75 Ns,dev-75 Ns %,masked dev-75 Ns,masked dev-75 Ns %,vsl-75 Ns,vsl-75 Ns %,masked vsl-75 Ns,masked vsl-75 Ns %,custom-100 Ns,custom-100 Ns %,masked custom-100 Ns,masked custom-100 Ns %,dev-100 Ns,dev-100 Ns %,masked dev-100 Ns,masked dev-100 Ns %,vsl-100 Ns,vsl-100 Ns %,masked vsl-100 Ns,masked vsl-100 Ns %
AC_000192.1,Murine hepatitis virus strain JHM  complete genome,31526,45,.14,589,1.86,634,2.01,196,.62,241,.76,98,.31,143,.45,0,0,45,.14,0,0,45,.14,0,0,45,.14,0,0,45,.14,0,0,45,.14,0,0,45,.14,0,0,45,.14,0,0,45,.14,0,0,45,.14
NC_000898.1,Human herpesvirus 6B  complete genome,162114,2543,1.56,5851,3.60,5957,3.67,2972,1.83,3673,2.26,2238,1.38,2863,1.76,3139,1.93,3226,1.98,2042,1.25,2742,1.69,2542,1.56,2778,1.71,3217,1.98,2978,1.83,1496,.92,2679,1.65,3217,1.98,2978,1.83,3692,2.27,3113,1.92,1695,1.04,2913,1.79,3592,2.21,3013,1.85
NC_001344.1,Duck hepatitis B virus  complete genome,3027,0,0,123,4.06,0,0,0,0,0,0,0,0,0,0,0,0,0,0,0,0,0,0,0,0,0,0,0,0,0,0,0,0,0,0,0,0,0,0,0,0,0,0,0,0,0,0,0,0,0,0
NC_001348.1,Human herpesvirus 3  complete genome,124884,401,.32,1178,.94,1284,1.02,540,.43,744,.59,295,.23,401,.32,745,.59,401,.32,347,.27,401,.32,298,.23,401,.32,448,.35,401,.32,0,0,401,.32,448,.35,401,.32,598,.47,401,.32,0,0,401,.32,598,.47,401,.32
NC_001352.1,Human papillomavirus - 2  complete genome,7860,105,1.33,172,2.18,277,3.52,49,.62,154,1.95,49,.62,154,1.95,99,1.25,204,2.59,0,0,105,1.33,0,0,105,1.33,0,0,105,1.33,0,0,105,1.33,0,0,105,1.33,0,0,105,1.33,0,0,105,1.33,0,0,105,1.33
NC_001354.1,Human papillomavirus type 41  complete genome,7614,34,.44,49,.64,83,1.09,0,0,34,.44,0,0,34,.44,0,0,34,.44,0,0,34,.44,0,0,34,.44,0,0,34,.44,0,0,34,.44,0,0,34,.44,0,0,34,.44,0,0,34,.44,0,0,34,.44
NC_001355.1,Human papillomavirus type 6b  complete genome,7902,110,1.39,246,3.11,257,3.25,0,0,110,1.39,74,.93,110,1.39,149,1.88,110,1.39,0,0,110,1.39,99,1.25,110,1.39,149,1.88,110,1.39,0,0,110,1.39,0,0,110,1.39,299,3.78,110,1.39,0,0,110,1.39,0,0,110,1.39
NC_001356.1,Human papillomavirus - 1  complete genome,7815,115,1.47,270,3.45,311,3.97,0,0,115,1.47,49,.62,115,1.47,0,0,115,1.47,0,0,115,1.47,0,0,115,1.47,0,0,115,1.47,0,0,115,1.47,0,0,115,1.47,0,0,115,1.47,0,0,115,1.47,0,0,115,1.47
NC_001357.1,Human papillomavirus - 18  complete genome,7857,55,.70,319,4.06,374,4.76,172,2.18,227,2.88,49,.62,104,1.32,99,1.26,154,1.96,0,0,55,.70,99,1.26,154,1.96,224,2.85,279,3.55,0,0,55,.70,149,1.89,204,2.59,299,3.80,354,4.50,0,0,55,.70,0,0,55,.70
NC_001422.1,Coliphage phi-X174  complete genome,5386,34,.63,0,0,34,.63,0,0,34,.63,0,0,34,.63,0,0,34,.63,0,0,34,.63,0,0,34,.63,0,0,34,.63,0,0,34,.63,0,0,34,.63,0,0,34,.63,0,0,34,.63,0,0,34,.63
NC_001434.1,Hepatitis E virus  complete genome,7176,0,0,74,1.03,0,0,49,.68,0,0,0,0,0,0,99,1.37,0,0,0,0,0,0,0,0,0,0,0,0,0,0,0,0,0,0,0,0,0,0,0,0,0,0,0,0,0,0,0,0,0,0
NC_001457.1,Human papillomavirus type 4  complete genome,7353,52,.70,319,4.33,297,4.03,147,1.99,150,2.03,74,1.00,52,.70,149,2.02,52,.70,0,0,52,.70,149,2.02,52,.70,224,3.04,52,.70,0,0,52,.70,224,3.04,52,.70,199,2.70,52,.70,0,0,52,.70,199,2.70,52,.70
NC_001458.1,Human papillomavirus type 63  complete genome,7348,88,1.19,98,1.33,186,2.53,49,.66,137,1.86,0,0,88,1.19,0,0,88,1.19,0,0,88,1.19,0,0,88,1.19,0,0,88,1.19,0,0,88,1.19,0,0,88,1.19,0,0,88,1.19,0,0,88,1.19,0,0,88,1.19
NC_001482.1,Feline immunodeficiency virus complete genome,9474,152,1.60,270,2.84,373,3.93,49,.51,201,2.12,49,.51,152,1.60,149,1.57,152,1.60,0,0,152,1.60,149,1.57,152,1.60,0,0,152,1.60,0,0,152,1.60,0,0,152,1.60,0,0,152,1.60,0,0,152,1.60,0,0,152,1.60
NC_001484.1,Ground squirrel hepatitis virus  complete genome,3311,0,0,0,0,0,0,0,0,0,0,0,0,0,0,0,0,0,0,0,0,0,0,0,0,0,0,0,0,0,0,0,0,0,0,0,0,0,0,0,0,0,0,0,0,0,0,0,0,0,0
NC_001486.1,Heron hepatitis B virus  complete genome,3027,0,0,0,0,0,0,0,0,0,0,0,0,0,0,0,0,0,0,0,0,0,0,0,0,0,0,0,0,0,0,0,0,0,0,0,0,0,0,0,0,0,0,0,0,0,0,0,0,0,0
NC_001489.1,Hepatitis A virus  complete genome,7478,34,.45,270,3.61,230,3.07,49,.65,83,1.10,0,0,34,.45,0,0,34,.45,0,0,34,.45,0,0,34,.45,0,0,34,.45,0,0,34,.45,0,0,34,.45,0,0,34,.45,0,0,34,.45,0,0,34,.45
NC_001526.4,Human papillomavirus type 16  complete genome,7906,258,3.26,467,5.90,577,7.29,196,2.47,454,5.74,74,.93,258,3.26,99,1.25,258,3.26,0,0,258,3.26,149,1.88,258,3.26,224,2.83,258,3.26,0,0,258,3.26,224,2.83,258,3.26,199,2.51,258,3.26,0,0,258,3.26,199,2.51,258,3.26
NC_001549.1,Simian immunodeficiency virus  complete genome,9623,0,0,368,3.82,0,0,123,1.27,0,0,0,0,0,0,0,0,0,0,0,0,0,0,0,0,0,0,0,0,0,0,0,0,0,0,0,0,0,0,0,0,0,0,0,0,0,0,0,0,0,0
NC_001583.1,Human papillomavirus type 26  complete genome,7855,215,2.73,417,5.30,534,6.79,49,.62,215,2.73,49,.62,215,2.73,149,1.89,215,2.73,0,0,215,2.73,0,0,215,2.73,0,0,215,2.73,0,0,215,2.73,0,0,215,2.73,0,0,215,2.73,0,0,215,2.73,0,0,215,2.73
NC_001586.1,Human papillomavirus type 32  complete genome,7961,66,.82,49,.61,66,.82,49,.61,115,1.44,0,0,66,.82,149,1.87,66,.82,0,0,66,.82,0,0,66,.82,0,0,66,.82,0,0,66,.82,0,0,66,.82,0,0,66,.82,0,0,66,.82,0,0,66,.82
NC_001587.1,Human papillomavirus type 34  complete genome,7723,180,2.33,247,3.19,229,2.96,49,.63,180,2.33,172,2.22,229,2.96,149,1.92,180,2.33,0,0,180,2.33,198,2.56,180,2.33,149,1.92,180,2.33,0,0,180,2.33,149,1.92,180,2.33,299,3.87,180,2.33,0,0,180,2.33,199,2.57,180,2.33
NC_001591.1,Human papillomavirus type 49  complete genome,7560,97,1.28,49,.64,97,1.28,49,.64,146,1.93,0,0,97,1.28,0,0,97,1.28,0,0,97,1.28,0,0,97,1.28,0,0,97,1.28,0,0,97,1.28,0,0,97,1.28,0,0,97,1.28,0,0,97,1.28,0,0,97,1.28
NC_001593.1,Human papillomavirus type 53  complete genome,7856,194,2.46,172,2.18,366,4.65,49,.62,243,3.09,49,.62,243,3.09,0,0,194,2.46,0,0,194,2.46,0,0,194,2.46,0,0,194,2.46,0,0,194,2.46,0,0,194,2.46,0,0,194,2.46,0,0,194,2.46,0,0,194,2.46
NC_001596.1,Human papillomavirus type 9  complete genome,7434,85,1.14,270,3.63,232,3.12,98,1.31,183,2.46,49,.65,85,1.14,149,2.00,85,1.14,0,0,85,1.14,149,2.00,85,1.14,224,3.01,85,1.14,0,0,85,1.14,224,3.01,85,1.14,299,4.02,85,1.14,0,0,85,1.14,299,4.02,85,1.14
NC_001653.2,Hepatitis delta virus  complete genome,1682,0,0,49,2.91,0,0,0,0,0,0,0,0,0,0,0,0,0,0,0,0,0,0,0,0,0,0,0,0,0,0,0,0,0,0,0,0,0,0,0,0,0,0,0,0,0,0,0,0,0,0
NC_001655.1,Hepatitis GB virus B  complete genome,9399,23,.24,246,2.61,195,2.07,172,1.82,146,1.55,49,.52,23,.24,149,1.58,23,.24,0,0,23,.24,149,1.58,23,.24,149,1.58,23,.24,0,0,23,.24,149,1.58,23,.24,299,3.18,23,.24,0,0,23,.24,0,0,23,.24
NC_001676.1,Human papillomavirus 54  complete genome,7759,180,2.31,343,4.42,425,5.47,49,.63,229,2.95,0,0,180,2.31,0,0,180,2.31,0,0,180,2.31,0,0,180,2.31,0,0,180,2.31,0,0,180,2.31,0,0,180,2.31,0,0,180,2.31,0,0,180,2.31,0,0,180,2.31
NC_001690.1,Human papillomavirus type 48  complete genome,7100,0,0,369,5.19,0,0,147,2.07,0,0,0,0,0,0,0,0,0,0,0,0,0,0,0,0,0,0,0,0,0,0,0,0,0,0,0,0,0,0,0,0,0,0,0,0,0,0,0,0,0,0
NC_001691.1,Human papillomavirus type 50  complete genome,7184,0,0,221,3.07,0,0,0,0,0,0,0,0,0,0,0,0,0,0,0,0,0,0,0,0,0,0,0,0,0,0,0,0,0,0,0,0,0,0,0,0,0,0,0,0,0,0,0,0,0,0
NC_001693.1,Human papillomavirus type 60  complete genome,7313,61,.83,319,4.36,331,4.52,98,1.34,110,1.50,0,0,61,.83,0,0,61,.83,0,0,61,.83,0,0,61,.83,0,0,61,.83,0,0,61,.83,0,0,61,.83,0,0,61,.83,0,0,61,.83,0,0,61,.83
NC_001694.1,Human papillomavirus - 61  complete genome,7989,63,.78,245,3.06,259,3.24,0,0,63,.78,49,.61,63,.78,99,1.23,63,.78,0,0,63,.78,99,1.23,63,.78,149,1.86,63,.78,0,0,63,.78,0,0,63,.78,199,2.49,63,.78,0,0,63,.78,0,0,63,.78
NC_001710.1,GB virus C Hepatitis G virus  complete genome,9392,0,0,74,.78,0,0,74,.78,0,0,49,.52,0,0,99,1.05,0,0,99,1.05,0,0,0,0,0,0,0,0,0,0,0,0,0,0,0,0,0,0,0,0,0,0,0,0,0,0,0,0,0,0
NC_001716.2,Human herpesvirus 7  complete genome,153080,2519,1.64,16592,10.83,17271,11.28,10440,6.81,11620,7.59,9754,6.37,10885,7.11,11286,7.37,11511,7.51,7523,4.91,9197,6.00,10541,6.88,10916,7.13,10794,7.05,10917,7.13,5308,3.46,7155,4.67,10644,6.95,10767,7.03,11194,7.31,10917,7.13,3195,2.08,5116,3.34,11094,7.24,10917,7.13
NC_001722.1,Human immunodeficiency virus 2  complete genome,10359,502,4.84,245,2.36,747,7.21,245,2.36,747,7.21,0,0,502,4.84,0,0,502,4.84,0,0,502,4.84,0,0,502,4.84,0,0,502,4.84,0,0,502,4.84,0,0,502,4.84,0,0,502,4.84,0,0,502,4.84,0,0,502,4.84
NC_001798.2,Human herpesvirus 2 strain HG52  complete genome,154675,5884,3.80,6360,4.11,9725,6.28,4240,2.74,8400,5.43,2342,1.51,6896,4.45,5070,3.27,8419,5.44,1985,1.28,6976,4.51,3032,1.96,7326,4.73,4258,2.75,8030,5.19,1119,.72,6630,4.28,2390,1.54,7004,4.52,5583,3.60,8627,5.57,797,.51,6482,4.19,3091,1.99,7331,4.73
NC_001802.1,Human immunodeficiency virus 1  complete genome,9181,52,.56,491,5.34,494,5.38,98,1.06,150,1.63,0,0,52,.56,0,0,52,.56,0,0,52,.56,0,0,52,.56,0,0,52,.56,0,0,52,.56,0,0,52,.56,0,0,52,.56,0,0,52,.56,0,0,52,.56
NC_001806.2,Human herpesvirus 1 strain 17  complete genome,152222,4143,2.72,5038,3.30,7084,4.65,3905,2.56,6936,4.55,1859,1.22,5089,3.34,4327,2.84,6087,3.99,1940,1.27,5239,3.44,2735,1.79,5289,3.47,4264,2.80,5564,3.65,2167,1.42,5339,3.50,3662,2.40,5564,3.65,4588,3.01,5839,3.83,2193,1.44,5639,3.70,3291,2.16,5839,3.83
NC_001837.1,Hepatitis GB virus A  complete genome,9550,0,0,49,.51,0,0,0,0,0,0,0,0,0,0,0,0,0,0,0,0,0,0,0,0,0,0,0,0,0,0,0,0,0,0,0,0,0,0,0,0,0,0,0,0,0,0,0,0,0,0
NC_001846.1,Murine hepatitis virus strain MHV-A59 C12 mutant  complete genome,31357,23,.07,540,1.72,489,1.55,343,1.09,317,1.01,98,.31,72,.22,248,.79,172,.54,0,0,23,.07,99,.31,23,.07,149,.47,23,.07,0,0,23,.07,149,.47,23,.07,199,.63,23,.07,0,0,23,.07,199,.63,23,.07
NC_002512.2,Rat cytomegalovirus Maastricht  complete genome,230138,6293,2.73,4839,2.10,8913,3.87,2455,1.06,7397,3.21,812,.35,6465,2.80,2332,1.01,6938,3.01,1090,.47,6491,2.82,1191,.51,6293,2.73,2088,.90,6442,2.79,596,.25,6293,2.73,1193,.51,6293,2.73,2292,.99,6592,2.86,498,.21,6293,2.73,1993,.86,6293,2.73
NC_002645.1,Human coronavirus 229E  complete genome,27317,86,.31,515,1.88,478,1.74,270,.98,282,1.03,74,.27,86,.31,149,.54,86,.31,99,.36,86,.31,149,.54,86,.31,224,.82,86,.31,0,0,86,.31,149,.54,86,.31,199,.72,86,.31,0,0,86,.31,199,.72,86,.31
NC_003045.1,Bovine coronavirus isolate BCoV-ENT  complete genome,31028,0,0,294,.94,0,0,98,.31,0,0,0,0,0,0,0,0,0,0,0,0,0,0,0,0,0,0,0,0,0,0,0,0,0,0,0,0,0,0,0,0,0,0,0,0,0,0,0,0,0,0
NC_003309.1,Burkholderia phage phiE125  complete genome,53373,154,.28,49,.09,203,.38,0,0,154,.28,0,0,154,.28,0,0,154,.28,0,0,154,.28,0,0,154,.28,0,0,154,.28,0,0,154,.28,0,0,154,.28,0,0,154,.28,0,0,154,.28,0,0,154,.28
NC_004102.1,Hepatitis C virus genotype 1  complete genome,9646,128,1.32,149,1.54,128,1.32,99,1.02,128,1.32,149,1.54,128,1.32,249,2.58,128,1.32,0,0,128,1.32,249,2.58,128,1.32,299,3.09,128,1.32,0,0,128,1.32,299,3.09,128,1.32,299,3.09,128,1.32,0,0,128,1.32,299,3.09,128,1.32
NC_004104.1,Human papillomavirus type 90  complete genome,8033,136,1.69,196,2.43,283,3.52,98,1.21,185,2.30,0,0,136,1.69,0,0,136,1.69,0,0,136,1.69,0,0,136,1.69,0,0,136,1.69,0,0,136,1.69,0,0,136,1.69,0,0,136,1.69,0,0,136,1.69,0,0,136,1.69
NC_004107.1,Woodchuck hepatitis virus  complete genome,3323,0,0,49,1.47,0,0,0,0,0,0,0,0,0,0,0,0,0,0,0,0,0,0,0,0,0,0,0,0,0,0,0,0,0,0,0,0,0,0,0,0,0,0,0,0,0,0,0,0,0,0
NC_004313.1,Salmonella phage ST64B  complete genome,40149,0,0,147,.36,0,0,49,.12,0,0,0,0,0,0,0,0,0,0,0,0,0,0,0,0,0,0,0,0,0,0,0,0,0,0,0,0,0,0,0,0,0,0,0,0,0,0,0,0,0,0
NC_004333.2,Burkholderia phage Bcep781  complete genome,48247,297,.61,49,.10,346,.71,49,.10,346,.71,0,0,297,.61,0,0,297,.61,0,0,297,.61,0,0,297,.61,0,0,297,.61,0,0,297,.61,0,0,297,.61,0,0,297,.61,0,0,297,.61,0,0,297,.61
NC_004455.1,Simian immunodeficiency virus 2 isolate SIVmnd-2  complete genome,9518,88,.92,196,2.05,284,2.98,49,.51,137,1.43,0,0,88,.92,0,0,88,.92,0,0,88,.92,0,0,88,.92,0,0,88,.92,0,0,88,.92,0,0,88,.92,0,0,88,.92,0,0,88,.92,0,0,88,.92
NC_004500.1,Human papillomavirus type 92  complete genome,7461,185,2.47,221,2.96,332,4.44,49,.65,234,3.13,0,0,185,2.47,0,0,185,2.47,0,0,185,2.47,0,0,185,2.47,0,0,185,2.47,0,0,185,2.47,0,0,185,2.47,0,0,185,2.47,0,0,185,2.47,0,0,185,2.47
NC_004718.3,SARS coronavirus Tor2  complete genome,29751,24,.08,565,1.89,515,1.73,319,1.07,294,.98,74,.24,24,.08,149,.50,24,.08,0,0,24,.08,149,.50,24,.08,149,.50,24,.08,0,0,24,.08,149,.50,24,.08,199,.66,24,.08,0,0,24,.08,199,.66,24,.08
NC_005091.2,Burkholderia phage BcepNazgul  complete genome,57455,125,.21,196,.34,315,.54,49,.08,174,.30,0,0,125,.21,0,0,125,.21,0,0,125,.21,0,0,125,.21,0,0,125,.21,0,0,125,.21,0,0,125,.21,0,0,125,.21,0,0,125,.21,0,0,125,.21
NC_005134.2,Human papillomavirus type 96  complete genome,7438,60,.80,98,1.31,158,2.12,0,0,60,.80,0,0,60,.80,99,1.33,60,.80,0,0,60,.80,0,0,60,.80,0,0,60,.80,0,0,60,.80,0,0,60,.80,0,0,60,.80,0,0,60,.80,0,0,60,.80
NC_005262.3,Burkholderia cepacia phage Bcep22  complete genome,63882,504,.78,98,.15,504,.78,98,.15,504,.78,49,.07,504,.78,149,.23,504,.78,149,.23,504,.78,149,.23,504,.78,224,.35,504,.78,224,.35,504,.78,224,.35,504,.78,299,.46,504,.78,0,0,504,.78,299,.46,504,.78
NC_005263.2,Burkholderia phage Bcep1  complete genome,48177,534,1.10,98,.20,534,1.10,49,.10,534,1.10,0,0,534,1.10,0,0,534,1.10,0,0,534,1.10,0,0,534,1.10,0,0,534,1.10,0,0,534,1.10,0,0,534,1.10,0,0,534,1.10,0,0,534,1.10,0,0,534,1.10
NC_005342.2,Burkholderia phage Bcep43  complete genome,48024,305,.63,49,.10,354,.73,98,.20,403,.83,0,0,305,.63,0,0,305,.63,0,0,305,.63,0,0,305,.63,0,0,305,.63,0,0,305,.63,0,0,305,.63,0,0,305,.63,0,0,305,.63,0,0,305,.63
NC_005831.2,Human Coronavirus NL63  complete genome,27553,301,1.09,1006,3.65,1209,4.38,343,1.24,595,2.15,0,0,301,1.09,0,0,301,1.09,0,0,301,1.09,0,0,301,1.09,0,0,301,1.09,0,0,301,1.09,0,0,301,1.09,0,0,301,1.09,0,0,301,1.09,0,0,301,1.09
NC_005882.1,Burkholderia cenocepacia phage BcepMu  complete genome,36748,411,1.11,0,0,411,1.11,0,0,411,1.11,0,0,411,1.11,0,0,411,1.11,0,0,411,1.11,0,0,411,1.11,0,0,411,1.11,0,0,411,1.11,0,0,411,1.11,0,0,411,1.11,0,0,411,1.11,0,0,411,1.11
NC_005886.2,Burkholderia cenocepacia phage BcepB1A  complete genome,47399,34,.07,98,.20,132,.27,98,.20,132,.27,49,.10,83,.17,99,.20,133,.28,99,.20,133,.28,0,0,34,.07,0,0,34,.07,0,0,34,.07,0,0,34,.07,0,0,34,.07,0,0,34,.07,0,0,34,.07
NC_005887.1,Burkholderia phage BcepC6B  complete genome,42415,442,1.04,49,.11,491,1.15,49,.11,491,1.15,0,0,442,1.04,0,0,442,1.04,0,0,442,1.04,0,0,442,1.04,0,0,442,1.04,0,0,442,1.04,0,0,442,1.04,0,0,442,1.04,0,0,442,1.04,0,0,442,1.04
NC_005888.1,Ross's goose hepatitis B virus  complete genome,3018,0,0,49,1.62,0,0,0,0,0,0,0,0,0,0,0,0,0,0,0,0,0,0,0,0,0,0,0,0,0,0,0,0,0,0,0,0,0,0,0,0,0,0,0,0,0,0,0,0,0,0
NC_005890.1,Sheldgoose hepatitis B virus  complete genome,3051,0,0,49,1.60,0,0,0,0,0,0,0,0,0,0,0,0,0,0,0,0,0,0,0,0,0,0,0,0,0,0,0,0,0,0,0,0,0,0,0,0,0,0,0,0,0,0,0,0,0,0
NC_005950.1,Snow goose hepatitis B virus  complete genome,3024,0,0,74,2.44,0,0,49,1.62,0,0,0,0,0,0,0,0,0,0,0,0,0,0,0,0,0,0,0,0,0,0,0,0,0,0,0,0,0,0,0,0,0,0,0,0,0,0,0,0,0,0
NC_006213.1,Human coronavirus OC43 strain ATCC VR-759  complete genome,30741,131,.42,491,1.59,548,1.78,147,.47,229,.74,49,.15,131,.42,99,.32,131,.42,0,0,131,.42,99,.32,131,.42,149,.48,131,.42,0,0,131,.42,149,.48,131,.42,199,.64,131,.42,0,0,131,.42,199,.64,131,.42
NC_006273.2,Human herpesvirus 5 strain Merlin  complete genome,235646,3141,1.33,3217,1.36,4980,2.11,1472,.62,3729,1.58,637,.27,3190,1.35,1289,.54,3290,1.39,496,.21,3240,1.37,595,.25,3141,1.33,1119,.47,3141,1.33,149,.06,3141,1.33,224,.09,3141,1.33,797,.33,3141,1.33,0,0,3141,1.33,0,0,3141,1.33
NC_006577.2,Human coronavirus HKU1  complete genome,29926,215,.71,1326,4.43,1541,5.14,245,.81,460,1.53,49,.16,264,.88,0,0,215,.71,0,0,215,.71,0,0,215,.71,0,0,215,.71,0,0,215,.71,0,0,215,.71,0,0,215,.71,0,0,215,.71,0,0,215,.71
NC_006940.2,Salmonella phage SS3e  complete genome,40793,36,.08,368,.90,404,.99,172,.42,208,.50,0,0,36,.08,0,0,36,.08,0,0,36,.08,0,0,36,.08,0,0,36,.08,0,0,36,.08,0,0,36,.08,0,0,36,.08,0,0,36,.08,0,0,36,.08
NC_007145.2,Burkholderia prophage phi52237  complete genome,37639,434,1.15,49,.13,434,1.15,0,0,434,1.15,0,0,434,1.15,0,0,434,1.15,0,0,434,1.15,0,0,434,1.15,0,0,434,1.15,0,0,434,1.15,0,0,434,1.15,0,0,434,1.15,0,0,434,1.15,0,0,434,1.15
NC_007497.1,Burkholderia phage Bcep176  complete genome,44856,162,.36,221,.49,334,.74,98,.21,260,.57,49,.10,162,.36,0,0,162,.36,0,0,162,.36,0,0,162,.36,0,0,162,.36,0,0,162,.36,0,0,162,.36,0,0,162,.36,0,0,162,.36,0,0,162,.36
NC_007818.1,Coliphage ID21  complete genome,6068,104,1.71,98,1.61,202,3.32,49,.80,153,2.52,0,0,104,1.71,0,0,104,1.71,0,0,104,1.71,0,0,104,1.71,0,0,104,1.71,0,0,104,1.71,0,0,104,1.71,0,0,104,1.71,0,0,104,1.71,0,0,104,1.71
NC_007819.1,Coliphage ID32  complete genome,6071,0,0,49,.80,0,0,49,.80,0,0,0,0,0,0,0,0,0,0,0,0,0,0,0,0,0,0,0,0,0,0,0,0,0,0,0,0,0,0,0,0,0,0,0,0,0,0,0,0,0,0
NC_007820.1,Coliphage NC35  complete genome,6039,68,1.12,0,0,68,1.12,0,0,68,1.12,0,0,68,1.12,0,0,68,1.12,0,0,68,1.12,0,0,68,1.12,0,0,68,1.12,0,0,68,1.12,0,0,68,1.12,0,0,68,1.12,0,0,68,1.12,0,0,68,1.12
NC_007822.1,Coliphage WA45  complete genome,6068,0,0,0,0,0,0,0,0,0,0,0,0,0,0,0,0,0,0,0,0,0,0,0,0,0,0,0,0,0,0,0,0,0,0,0,0,0,0,0,0,0,0,0,0,0,0,0,0,0,0
NC_007823.1,Coliphage NC28  complete genome,6065,0,0,98,1.61,0,0,49,.80,0,0,0,0,0,0,0,0,0,0,0,0,0,0,0,0,0,0,0,0,0,0,0,0,0,0,0,0,0,0,0,0,0,0,0,0,0,0,0,0,0,0
NC_007824.1,Coliphage ID62  complete genome,6051,66,1.09,0,0,66,1.09,0,0,66,1.09,0,0,66,1.09,0,0,66,1.09,0,0,66,1.09,0,0,66,1.09,0,0,66,1.09,0,0,66,1.09,0,0,66,1.09,0,0,66,1.09,0,0,66,1.09,0,0,66,1.09
NC_007825.1,Coliphage ID52  complete genome,5538,37,.66,49,.88,86,1.55,0,0,37,.66,0,0,37,.66,0,0,37,.66,0,0,37,.66,0,0,37,.66,0,0,37,.66,0,0,37,.66,0,0,37,.66,0,0,37,.66,0,0,37,.66,0,0,37,.66
NC_007827.1,Coliphage NC29  complete genome,6259,0,0,49,.78,0,0,49,.78,0,0,0,0,0,0,0,0,0,0,0,0,0,0,0,0,0,0,0,0,0,0,0,0,0,0,0,0,0,0,0,0,0,0,0,0,0,0,0,0,0,0
NC_008188.1,Human papillomavirus type 103  complete genome,7263,33,.45,196,2.69,180,2.47,49,.67,82,1.12,49,.67,33,.45,99,1.36,33,.45,0,0,33,.45,0,0,33,.45,0,0,33,.45,0,0,33,.45,0,0,33,.45,0,0,33,.45,0,0,33,.45,0,0,33,.45
NC_008189.1,Human papillomavirus type 101  complete genome,7259,24,.33,196,2.70,220,3.03,49,.67,73,1.00,0,0,24,.33,0,0,24,.33,0,0,24,.33,0,0,24,.33,0,0,24,.33,0,0,24,.33,0,0,24,.33,0,0,24,.33,0,0,24,.33,0,0,24,.33
NC_008250.2,Duck hepatitis A virus 1 strain R85952  complete genome,7711,21,.27,147,1.90,119,1.54,49,.63,21,.27,49,.63,21,.27,248,3.21,170,2.20,99,1.28,21,.27,99,1.28,21,.27,149,1.93,21,.27,0,0,21,.27,149,1.93,21,.27,199,2.58,21,.27,0,0,21,.27,199,2.58,21,.27
NC_009015.1,Burkholderia ambifaria phage BcepF1  complete genome,72415,187,.25,49,.06,236,.32,0,0,187,.25,0,0,187,.25,0,0,187,.25,0,0,187,.25,0,0,187,.25,0,0,187,.25,0,0,187,.25,0,0,187,.25,0,0,187,.25,0,0,187,.25,0,0,187,.25
NC_009019.1,Tylonycteris bat coronavirus HKU4  complete genome,30286,19,.06,613,2.02,583,1.92,196,.64,215,.70,49,.16,19,.06,0,0,19,.06,0,0,19,.06,0,0,19,.06,0,0,19,.06,0,0,19,.06,0,0,19,.06,0,0,19,.06,0,0,19,.06,0,0,19,.06
NC_009020.1,Pipistrellus bat coronavirus HKU5  complete genome,30482,0,0,196,.64,0,0,98,.32,0,0,49,.16,0,0,99,.32,0,0,0,0,0,0,0,0,0,0,149,.48,0,0,0,0,0,0,0,0,0,0,0,0,0,0,0,0,0,0,0,0,0,0
NC_009021.1,Rousettus bat coronavirus HKU9  complete genome,29114,40,.13,417,1.43,408,1.40,270,.92,261,.89,49,.16,89,.30,99,.34,139,.47,0,0,40,.13,0,0,40,.13,149,.51,189,.64,0,0,40,.13,0,0,40,.13,0,0,40,.13,0,0,40,.13,0,0,40,.13
NC_009232.2,Salmonella phage SETP3  complete genome,42572,36,.08,196,.46,232,.54,196,.46,232,.54,0,0,36,.08,0,0,36,.08,0,0,36,.08,0,0,36,.08,0,0,36,.08,0,0,36,.08,0,0,36,.08,0,0,36,.08,0,0,36,.08,0,0,36,.08
NC_009234.1,Burkholderia phage phiE202 chromosome  complete genome,35741,402,1.12,0,0,402,1.12,0,0,402,1.12,0,0,402,1.12,0,0,402,1.12,0,0,402,1.12,0,0,402,1.12,0,0,402,1.12,0,0,402,1.12,0,0,402,1.12,0,0,402,1.12,0,0,402,1.12,0,0,402,1.12
NC_009235.2,Burkholderia phage phi644-2 chromosome  complete genome,48674,111,.22,295,.60,357,.73,246,.50,308,.63,0,0,111,.22,0,0,111,.22,0,0,111,.22,0,0,111,.22,0,0,111,.22,0,0,111,.22,0,0,111,.22,0,0,111,.22,0,0,111,.22,0,0,111,.22
NC_009236.1,Burkholderia phage phiE12-2 chromosome  complete genome,36690,363,.98,0,0,363,.98,0,0,363,.98,0,0,363,.98,0,0,363,.98,0,0,363,.98,0,0,363,.98,0,0,363,.98,0,0,363,.98,0,0,363,.98,0,0,363,.98,0,0,363,.98,0,0,363,.98
NC_009237.1,Burkholderia phage phiE255 chromosome  complete genome,37446,290,.77,0,0,290,.77,0,0,290,.77,0,0,290,.77,0,0,290,.77,0,0,290,.77,0,0,290,.77,0,0,290,.77,0,0,290,.77,0,0,290,.77,0,0,290,.77,0,0,290,.77,0,0,290,.77
NC_009333.1,Human herpesvirus 8 strain GK18  complete genome,137969,357,.25,1945,1.40,2007,1.45,838,.60,1146,.83,568,.41,876,.63,1144,.82,1303,.94,348,.25,705,.51,398,.28,755,.54,523,.37,880,.63,149,.10,506,.36,672,.48,805,.58,798,.57,1155,.83,0,0,357,.25,598,.43,955,.69
NC_009334.1,Human herpesvirus 4  complete genome,172764,1365,.79,2608,1.50,3648,2.11,1079,.62,2242,1.29,473,.27,1838,1.06,198,.11,1464,.84,248,.14,1613,.93,396,.22,1761,1.01,449,.25,1814,1.04,447,.25,1812,1.04,0,0,1365,.79,0,0,1365,.79,199,.11,1564,.90,0,0,1365,.79
NC_009447.1,Burkholderia phage BcepGomr  complete genome,52414,147,.28,147,.28,294,.56,49,.09,196,.37,0,0,147,.28,0,0,147,.28,0,0,147,.28,0,0,147,.28,0,0,147,.28,0,0,147,.28,0,0,147,.28,0,0,147,.28,0,0,147,.28,0,0,147,.28
NC_009604.1,Burkholderia phage BcepNY3  complete genome,47382,545,1.15,49,.10,594,1.25,49,.10,594,1.25,0,0,545,1.15,0,0,545,1.15,0,0,545,1.15,0,0,545,1.15,0,0,545,1.15,0,0,545,1.15,0,0,545,1.15,0,0,545,1.15,0,0,545,1.15,0,0,545,1.15
NC_009657.1,Scotophilus bat coronavirus 512  complete genome,28203,110,.39,393,1.39,429,1.52,221,.78,257,.91,74,.26,110,.39,149,.52,110,.39,149,.52,110,.39,99,.35,110,.39,149,.52,110,.39,149,.52,110,.39,149,.52,110,.39,199,.70,110,.39,199,.70,110,.39,199,.70,110,.39
NC_009823.1,Hepatitis C virus genotype 2  complete genome,9711,166,1.70,223,2.29,240,2.47,247,2.54,289,2.97,149,1.53,166,1.70,249,2.56,166,1.70,99,1.01,166,1.70,249,2.56,166,1.70,224,2.30,166,1.70,224,2.30,166,1.70,299,3.07,166,1.70,199,2.04,166,1.70,0,0,166,1.70,299,3.07,166,1.70
NC_009827.1,Hepatitis C virus genotype 6  complete genome,9628,63,.65,124,1.28,63,.65,74,.76,63,.65,124,1.28,63,.65,199,2.06,63,.65,0,0,63,.65,149,1.54,63,.65,224,2.32,63,.65,0,0,63,.65,224,2.32,63,.65,299,3.10,63,.65,0,0,63,.65,299,3.10,63,.65
NC_009988.1,Bat coronavirus HKU2  complete genome,27165,0,0,196,.72,0,0,0,0,0,0,0,0,0,0,0,0,0,0,0,0,0,0,0,0,0,0,0,0,0,0,0,0,0,0,0,0,0,0,0,0,0,0,0,0,0,0,0,0,0,0
NC_010329.1,Human papillomavirus type 88  complete genome,7326,0,0,98,1.33,0,0,0,0,0,0,0,0,0,0,0,0,0,0,0,0,0,0,0,0,0,0,0,0,0,0,0,0,0,0,0,0,0,0,0,0,0,0,0,0,0,0,0,0,0,0
NC_010391.1,Salmonella phage Fels-1  complete genome,42723,97,.22,466,1.09,563,1.31,270,.63,367,.85,0,0,97,.22,0,0,97,.22,0,0,97,.22,0,0,97,.22,0,0,97,.22,0,0,97,.22,0,0,97,.22,0,0,97,.22,0,0,97,.22,0,0,97,.22
NC_010437.1,Bat coronavirus 1A  complete genome,28326,57,.20,368,1.29,351,1.23,196,.69,204,.72,49,.17,57,.20,99,.34,57,.20,0,0,57,.20,0,0,57,.20,0,0,57,.20,0,0,57,.20,0,0,57,.20,0,0,57,.20,0,0,57,.20,0,0,57,.20
NC_010438.1,Bat coronavirus HKU8  complete genome,28773,0,0,467,1.62,0,0,172,.59,0,0,0,0,0,0,0,0,0,0,0,0,0,0,0,0,0,0,0,0,0,0,0,0,0,0,0,0,0,0,0,0,0,0,0,0,0,0,0,0,0,0
NC_010495.1,Salmonella phage E1  complete genome,45051,159,.35,490,1.08,600,1.33,245,.54,404,.89,0,0,159,.35,0,0,159,.35,0,0,159,.35,0,0,159,.35,0,0,159,.35,0,0,159,.35,0,0,159,.35,0,0,159,.35,0,0,159,.35,0,0,159,.35
NC_010646.1,Beluga Whale coronavirus SW1  complete genome,31686,129,.40,368,1.16,374,1.18,196,.61,227,.71,123,.38,129,.40,198,.62,129,.40,0,0,129,.40,99,.31,129,.40,149,.47,129,.40,0,0,129,.40,149,.47,129,.40,199,.62,129,.40,0,0,129,.40,199,.62,129,.40
NC_010800.1,Turkey coronavirus  complete genome,27657,136,.49,417,1.50,479,1.73,245,.88,332,1.20,74,.26,136,.49,149,.53,136,.49,0,0,136,.49,99,.35,136,.49,149,.53,136,.49,0,0,136,.49,149,.53,136,.49,199,.71,136,.49,0,0,136,.49,199,.71,136,.49
NC_010807.1,Salmonella phage phiSG-JL2  complete genome,38815,0,0,246,.63,0,0,221,.56,0,0,0,0,0,0,0,0,0,0,0,0,0,0,0,0,0,0,0,0,0,0,0,0,0,0,0,0,0,0,0,0,0,0,0,0,0,0,0,0,0,0
NC_011216.1,Burkholderia phage KS10  complete genome,37635,185,.49,0,0,185,.49,0,0,185,.49,0,0,185,.49,0,0,185,.49,0,0,185,.49,0,0,185,.49,0,0,185,.49,0,0,185,.49,0,0,185,.49,0,0,185,.49,0,0,185,.49,0,0,185,.49
NC_011547.1,Bulbul coronavirus HKU11-934  complete genome,26487,66,.24,368,1.38,434,1.63,245,.92,311,1.17,49,.18,115,.43,99,.37,165,.62,0,0,66,.24,0,0,66,.24,149,.56,215,.81,0,0,66,.24,0,0,66,.24,0,0,66,.24,0,0,66,.24,0,0,66,.24
NC_011549.1,Thrush coronavirus HKU12-600  complete genome,26396,97,.36,614,2.32,662,2.50,270,1.02,367,1.39,49,.18,146,.55,99,.37,196,.74,99,.37,196,.74,0,0,97,.36,0,0,97,.36,0,0,97,.36,0,0,97,.36,0,0,97,.36,0,0,97,.36,0,0,97,.36
NC_011550.1,Munia coronavirus HKU13-3514  complete genome,26552,0,0,343,1.29,0,0,196,.73,0,0,49,.18,0,0,99,.37,0,0,0,0,0,0,0,0,0,0,0,0,0,0,0,0,0,0,0,0,0,0,0,0,0,0,0,0,0,0,0,0,0,0
NC_011802.1,Salmonella enterica bacteriophage SE1  complete genome,41941,98,.23,418,.99,516,1.23,147,.35,245,.58,0,0,98,.23,0,0,98,.23,0,0,98,.23,0,0,98,.23,0,0,98,.23,0,0,98,.23,0,0,98,.23,0,0,98,.23,0,0,98,.23,0,0,98,.23
NC_011976.1,Salmonella phage epsilon34  complete genome,43016,79,.18,809,1.88,888,2.06,270,.62,349,.81,0,0,79,.18,0,0,79,.18,0,0,79,.18,0,0,79,.18,0,0,79,.18,0,0,79,.18,0,0,79,.18,0,0,79,.18,0,0,79,.18,0,0,79,.18
NC_012213.1,Human papillomavirus type 108  complete genome,7149,0,0,147,2.05,0,0,49,.68,0,0,0,0,0,0,0,0,0,0,0,0,0,0,0,0,0,0,0,0,0,0,0,0,0,0,0,0,0,0,0,0,0,0,0,0,0,0,0,0,0,0
NC_012485.1,Human papillomavirus type 109  complete genome,7346,69,.93,246,3.34,241,3.28,98,1.33,167,2.27,0,0,69,.93,0,0,69,.93,0,0,69,.93,0,0,69,.93,0,0,69,.93,0,0,69,.93,0,0,69,.93,0,0,69,.93,0,0,69,.93,0,0,69,.93
NC_012486.1,Human papillomavirus type 112  complete genome,7227,0,0,172,2.37,0,0,49,.67,0,0,0,0,0,0,0,0,0,0,0,0,0,0,0,0,0,0,0,0,0,0,0,0,0,0,0,0,0,0,0,0,0,0,0,0,0,0,0,0,0,0
NC_012743.2,Burkholderia phage BcepIL02  complete genome,62715,693,1.10,49,.07,742,1.18,49,.07,742,1.18,0,0,693,1.10,0,0,693,1.10,0,0,693,1.10,0,0,693,1.10,0,0,693,1.10,0,0,693,1.10,0,0,693,1.10,0,0,693,1.10,0,0,693,1.10,0,0,693,1.10
NC_012936.1,Rat coronavirus Parker  complete genome,31250,62,.19,564,1.80,626,2.00,221,.70,283,.90,49,.15,111,.35,99,.31,161,.51,0,0,62,.19,0,0,62,.19,0,0,62,.19,0,0,62,.19,0,0,62,.19,0,0,62,.19,0,0,62,.19,0,0,62,.19
NC_013035.1,Human papillomavirus 116  complete genome,7184,0,0,221,3.07,0,0,123,1.71,0,0,0,0,0,0,0,0,0,0,0,0,0,0,0,0,0,0,0,0,0,0,0,0,0,0,0,0,0,0,0,0,0,0,0,0,0,0,0,0,0,0
NC_013055.1,Burkholderia phage KS9  complete genome,39896,48,.12,0,0,48,.12,0,0,48,.12,0,0,48,.12,0,0,48,.12,0,0,48,.12,0,0,48,.12,0,0,48,.12,0,0,48,.12,0,0,48,.12,0,0,48,.12,0,0,48,.12,0,0,48,.12
NC_013059.1,Salmonella phage c341  complete genome,40975,0,0,637,1.55,0,0,245,.59,0,0,0,0,0,0,0,0,0,0,0,0,0,0,0,0,0,0,0,0,0,0,0,0,0,0,0,0,0,0,0,0,0,0,0,0,0,0,0,0,0,0
NC_014185.1,Human papillomavirus type 121  complete genome,7342,30,.40,148,2.01,178,2.42,49,.66,79,1.07,0,0,30,.40,0,0,30,.40,0,0,30,.40,0,0,30,.40,0,0,30,.40,0,0,30,.40,0,0,30,.40,0,0,30,.40,0,0,30,.40,0,0,30,.40
NC_014470.1,Bat coronavirus BM48-31 BGR 2008  complete genome,29276,22,.07,491,1.67,439,1.49,98,.33,71,.24,74,.25,22,.07,99,.33,22,.07,0,0,22,.07,99,.33,22,.07,149,.50,22,.07,0,0,22,.07,149,.50,22,.07,199,.67,22,.07,0,0,22,.07,0,0,22,.07
NC_014900.1,Salmonella phage ST160  complete genome,40986,98,.23,417,1.01,515,1.25,98,.23,196,.47,0,0,98,.23,0,0,98,.23,0,0,98,.23,0,0,98,.23,0,0,98,.23,0,0,98,.23,0,0,98,.23,0,0,98,.23,0,0,98,.23,0,0,98,.23
NC_014952.1,Human papillomavirus type 128  complete genome,7259,0,0,172,2.36,0,0,49,.67,0,0,0,0,0,0,0,0,0,0,0,0,0,0,0,0,0,0,0,0,0,0,0,0,0,0,0,0,0,0,0,0,0,0,0,0,0,0,0,0,0,0
NC_014953.1,Human papillomavirus type 129  complete genome,7219,59,.81,147,2.03,206,2.85,49,.67,108,1.49,0,0,59,.81,0,0,59,.81,0,0,59,.81,0,0,59,.81,0,0,59,.81,0,0,59,.81,0,0,59,.81,0,0,59,.81,0,0,59,.81,0,0,59,.81
NC_014954.1,Human papillomavirus type 131  complete genome,7182,0,0,245,3.41,0,0,98,1.36,0,0,0,0,0,0,99,1.37,0,0,0,0,0,0,0,0,0,0,0,0,0,0,0,0,0,0,0,0,0,0,0,0,0,0,0,0,0,0,0,0,0,0
NC_014955.1,Human papillomavirus type 132  complete genome,7125,0,0,419,5.88,0,0,147,2.06,0,0,0,0,0,0,0,0,0,0,0,0,0,0,0,0,0,0,0,0,0,0,0,0,0,0,0,0,0,0,0,0,0,0,0,0,0,0,0,0,0,0
NC_014956.1,Human papillomavirus type 134  complete genome,7309,0,0,294,4.02,0,0,98,1.34,0,0,0,0,0,0,0,0,0,0,0,0,0,0,0,0,0,0,0,0,0,0,0,0,0,0,0,0,0,0,0,0,0,0,0,0,0,0,0,0,0,0
NC_015265.1,Burkholderia phage KS5  complete genome,37236,412,1.10,49,.13,461,1.23,0,0,412,1.10,0,0,412,1.10,0,0,412,1.10,0,0,412,1.10,0,0,412,1.10,0,0,412,1.10,0,0,412,1.10,0,0,412,1.10,0,0,412,1.10,0,0,412,1.10,0,0,412,1.10
NC_015266.1,Burkholderia phage KL3  complete genome,40555,536,1.32,0,0,536,1.32,0,0,536,1.32,0,0,536,1.32,0,0,536,1.32,0,0,536,1.32,0,0,536,1.32,0,0,536,1.32,0,0,536,1.32,0,0,536,1.32,0,0,536,1.32,0,0,536,1.32,0,0,536,1.32
NC_015273.1,Burkholderia phage KS14  complete genome,32317,521,1.61,49,.15,570,1.76,49,.15,570,1.76,0,0,521,1.61,0,0,521,1.61,0,0,521,1.61,0,0,521,1.61,0,0,521,1.61,0,0,521,1.61,0,0,521,1.61,0,0,521,1.61,0,0,521,1.61,0,0,521,1.61
NC_015296.1,Salmonella phage Vi01  complete genome,157061,268,.17,1423,.90,1691,1.07,515,.32,783,.49,0,0,268,.17,0,0,268,.17,0,0,268,.17,0,0,268,.17,0,0,268,.17,0,0,268,.17,0,0,268,.17,0,0,268,.17,0,0,268,.17,0,0,268,.17
NC_015938.1,Salmonella phage 7-11  complete genome,89916,465,.51,834,.92,1299,1.44,417,.46,882,.98,49,.05,514,.57,248,.27,713,.79,149,.16,614,.68,0,0,465,.51,0,0,465,.51,0,0,465,.51,0,0,465,.51,0,0,465,.51,0,0,465,.51,0,0,465,.51
NC_016071.1,Salmonella phage PVP-SE1  complete genome,145964,603,.41,1252,.85,1732,1.18,369,.25,972,.66,0,0,603,.41,0,0,603,.41,0,0,603,.41,0,0,603,.41,0,0,603,.41,0,0,603,.41,0,0,603,.41,0,0,603,.41,0,0,603,.41,0,0,603,.41
NC_016073.1,Salmonella phage SFP10  complete genome,157950,379,.23,1425,.90,1729,1.09,590,.37,894,.56,74,.04,379,.23,149,.09,379,.23,0,0,379,.23,149,.09,379,.23,149,.09,379,.23,0,0,379,.23,0,0,379,.23,299,.18,379,.23,0,0,379,.23,0,0,379,.23
NC_016157.1,Human papillomavirus type 126  complete genome,7326,0,0,173,2.36,0,0,49,.66,0,0,0,0,0,0,0,0,0,0,0,0,0,0,0,0,0,0,0,0,0,0,0,0,0,0,0,0,0,0,0,0,0,0,0,0,0,0,0,0,0,0
NC_016561.1,Parrot hepatitis B virus  complete genome,3048,25,.82,49,1.60,25,.82,0,0,25,.82,49,1.60,25,.82,149,4.88,25,.82,0,0,25,.82,0,0,25,.82,0,0,25,.82,0,0,25,.82,0,0,25,.82,0,0,25,.82,0,0,25,.82,0,0,25,.82
NC_016761.1,Salmonella phage SPN1S  complete genome,38684,109,.28,245,.63,354,.91,49,.12,158,.40,0,0,109,.28,0,0,109,.28,0,0,109,.28,0,0,109,.28,0,0,109,.28,0,0,109,.28,0,0,109,.28,0,0,109,.28,0,0,109,.28,0,0,109,.28
NC_016763.1,Salmonella phage SE2  complete genome,43221,75,.17,319,.73,394,.91,172,.39,247,.57,0,0,75,.17,0,0,75,.17,0,0,75,.17,0,0,75,.17,0,0,75,.17,0,0,75,.17,0,0,75,.17,0,0,75,.17,0,0,75,.17,0,0,75,.17
NC_016991.1,White-eye coronavirus HKU16  complete genome,26041,99,.38,344,1.32,369,1.41,98,.37,197,.75,49,.18,148,.56,149,.57,248,.95,149,.57,248,.95,0,0,99,.38,0,0,99,.38,0,0,99,.38,0,0,99,.38,0,0,99,.38,0,0,99,.38,0,0,99,.38
NC_016992.1,Sparrow coronavirus HKU17  complete genome,26083,59,.22,147,.56,206,.78,98,.37,157,.60,49,.18,108,.41,0,0,59,.22,0,0,59,.22,0,0,59,.22,0,0,59,.22,0,0,59,.22,0,0,59,.22,0,0,59,.22,0,0,59,.22,0,0,59,.22
NC_016993.1,Magpie-robin coronavirus HKU18  complete genome,26689,85,.31,466,1.74,477,1.78,98,.36,183,.68,49,.18,85,.31,149,.55,85,.31,0,0,85,.31,0,0,85,.31,0,0,85,.31,0,0,85,.31,0,0,85,.31,0,0,85,.31,0,0,85,.31,0,0,85,.31
NC_016994.1,Night-heron coronavirus HKU19  complete genome,26077,82,.31,441,1.69,523,2.00,196,.75,278,1.06,0,0,82,.31,0,0,82,.31,0,0,82,.31,0,0,82,.31,0,0,82,.31,0,0,82,.31,0,0,82,.31,0,0,82,.31,0,0,82,.31,0,0,82,.31
NC_016995.1,Wigeon coronavirus HKU20  complete genome,26227,224,.85,417,1.58,567,2.16,196,.74,420,1.60,49,.18,273,1.04,0,0,224,.85,0,0,224,.85,0,0,224,.85,0,0,224,.85,0,0,224,.85,0,0,224,.85,0,0,224,.85,0,0,224,.85,0,0,224,.85
NC_016996.1,Common-moorhen coronavirus HKU21  complete genome,26223,146,.55,687,2.61,784,2.98,294,1.12,391,1.49,49,.18,195,.74,0,0,146,.55,0,0,146,.55,0,0,146,.55,0,0,146,.55,0,0,146,.55,0,0,146,.55,0,0,146,.55,0,0,146,.55,0,0,146,.55
NC_017083.1,Rabbit coronavirus HKU14  complete genome,31100,0,0,564,1.81,0,0,245,.78,0,0,0,0,0,0,0,0,0,0,0,0,0,0,0,0,0,0,0,0,0,0,0,0,0,0,0,0,0,0,0,0,0,0,0,0,0,0,0,0,0,0
NC_017985.1,Salmonella phage SPN9CC  complete genome,40128,79,.19,540,1.34,619,1.54,172,.42,251,.62,49,.12,128,.31,149,.37,228,.56,99,.24,178,.44,0,0,79,.19,0,0,79,.19,0,0,79,.19,0,0,79,.19,0,0,79,.19,0,0,79,.19,0,0,79,.19
NC_017993.1,Human papillomavirus type 135  complete genome,7293,114,1.56,49,.67,163,2.23,49,.67,163,2.23,0,0,114,1.56,0,0,114,1.56,0,0,114,1.56,0,0,114,1.56,0,0,114,1.56,0,0,114,1.56,0,0,114,1.56,0,0,114,1.56,0,0,114,1.56,0,0,114,1.56
NC_017994.1,Human papillomavirus type 136  complete genome,7319,62,.84,98,1.33,160,2.18,49,.66,111,1.51,0,0,62,.84,0,0,62,.84,0,0,62,.84,0,0,62,.84,0,0,62,.84,0,0,62,.84,0,0,62,.84,0,0,62,.84,0,0,62,.84,0,0,62,.84
NC_017995.1,Human papillomavirus type 137  complete genome,7236,23,.31,98,1.35,121,1.67,49,.67,72,.99,0,0,23,.31,0,0,23,.31,0,0,23,.31,0,0,23,.31,0,0,23,.31,0,0,23,.31,0,0,23,.31,0,0,23,.31,0,0,23,.31,0,0,23,.31
NC_017996.1,Human papillomavirus type 140  complete genome,7341,58,.79,49,.66,107,1.45,0,0,58,.79,0,0,58,.79,0,0,58,.79,0,0,58,.79,0,0,58,.79,0,0,58,.79,0,0,58,.79,0,0,58,.79,0,0,58,.79,0,0,58,.79,0,0,58,.79
NC_017997.1,Human papillomavirus type 144  complete genome,7271,0,0,147,2.02,0,0,49,.67,0,0,0,0,0,0,0,0,0,0,0,0,0,0,0,0,0,0,0,0,0,0,0,0,0,0,0,0,0,0,0,0,0,0,0,0,0,0,0,0,0,0
NC_018275.1,Salmonella phage vB SemP Emek  complete genome,39783,88,.22,270,.67,358,.89,0,0,88,.22,0,0,88,.22,0,0,88,.22,0,0,88,.22,0,0,88,.22,0,0,88,.22,0,0,88,.22,0,0,88,.22,0,0,88,.22,0,0,88,.22,0,0,88,.22
NC_018278.1,Burkholderia phage KL1  complete genome,42832,262,.61,172,.40,360,.84,49,.11,311,.72,49,.11,262,.61,0,0,262,.61,0,0,262,.61,0,0,262,.61,0,0,262,.61,0,0,262,.61,0,0,262,.61,0,0,262,.61,0,0,262,.61,0,0,262,.61
NC_018279.1,Salmonella phage vB SosS Oslo  complete genome,49116,0,0,196,.39,0,0,49,.09,0,0,0,0,0,0,0,0,0,0,0,0,0,0,0,0,0,0,0,0,0,0,0,0,0,0,0,0,0,0,0,0,0,0,0,0,0,0,0,0,0,0
NC_018283.1,Burkholderia phage AH2  complete genome,58065,536,.92,98,.16,585,1.00,98,.16,585,1.00,0,0,536,.92,0,0,536,.92,0,0,536,.92,0,0,536,.92,0,0,536,.92,0,0,536,.92,0,0,536,.92,0,0,536,.92,0,0,536,.92,0,0,536,.92
NC_018452.1,Burkholderia phage DC1  complete genome,61847,918,1.48,147,.23,1016,1.64,98,.15,1016,1.64,0,0,918,1.48,0,0,918,1.48,0,0,918,1.48,0,0,918,1.48,0,0,918,1.48,0,0,918,1.48,0,0,918,1.48,0,0,918,1.48,0,0,918,1.48,0,0,918,1.48
NC_018843.1,Salmonella phage SSU5  complete genome,103299,262,.25,810,.78,998,.96,343,.33,556,.53,0,0,262,.25,0,0,262,.25,0,0,262,.25,0,0,262,.25,0,0,262,.25,0,0,262,.25,0,0,262,.25,0,0,262,.25,0,0,262,.25,0,0,262,.25
NC_018871.1,Rousettus bat coronavirus HKU10  complete genome,28494,72,.25,564,1.97,636,2.23,196,.68,268,.94,0,0,72,.25,0,0,72,.25,0,0,72,.25,0,0,72,.25,0,0,72,.25,0,0,72,.25,0,0,72,.25,0,0,72,.25,0,0,72,.25,0,0,72,.25
NC_019023.1,Human papillomavirus type 166 isolate KC9  complete genome,7212,0,0,98,1.35,0,0,49,.67,0,0,0,0,0,0,0,0,0,0,0,0,0,0,0,0,0,0,0,0,0,0,0,0,0,0,0,0,0,0,0,0,0,0,0,0,0,0,0,0,0,0
NC_019417.1,Salmonella phage SPN19  complete genome,59203,257,.43,147,.24,404,.68,98,.16,355,.59,0,0,257,.43,0,0,257,.43,0,0,257,.43,0,0,257,.43,0,0,257,.43,0,0,257,.43,0,0,257,.43,0,0,257,.43,0,0,257,.43,0,0,257,.43
NC_019488.1,Salmonella phage RE-2010  complete genome,34117,97,.28,172,.50,269,.78,147,.43,244,.71,0,0,97,.28,0,0,97,.28,0,0,97,.28,0,0,97,.28,0,0,97,.28,0,0,97,.28,0,0,97,.28,0,0,97,.28,0,0,97,.28,0,0,97,.28
NC_019530.1,Salmonella phage PhiSH19  complete genome,157785,383,.24,1399,.88,1782,1.12,614,.38,997,.63,0,0,383,.24,0,0,383,.24,0,0,383,.24,0,0,383,.24,0,0,383,.24,0,0,383,.24,0,0,383,.24,0,0,383,.24,0,0,383,.24,0,0,383,.24
NC_019539.1,Salmonella phage vB SenS-Ent1 complete genome,42391,0,0,368,.86,0,0,221,.52,0,0,0,0,0,0,0,0,0,0,0,0,0,0,0,0,0,0,0,0,0,0,0,0,0,0,0,0,0,0,0,0,0,0,0,0,0,0,0,0,0,0
NC_019545.1,Salmonella phage SPN3UB  complete genome,47355,0,0,246,.51,0,0,147,.31,0,0,0,0,0,0,0,0,0,0,0,0,0,0,0,0,0,0,0,0,0,0,0,0,0,0,0,0,0,0,0,0,0,0,0,0,0,0,0,0,0,0
NC_019843.3,Middle East respiratory syndrome-related coronavirus isolate HCoV-EMC 2012  complete genome,30119,36,.11,98,.32,134,.44,49,.16,85,.28,0,0,36,.11,0,0,36,.11,0,0,36,.11,0,0,36,.11,0,0,36,.11,0,0,36,.11,0,0,36,.11,0,0,36,.11,0,0,36,.11,0,0,36,.11
NC_019910.1,Salmonella phage SKML-39  complete genome,159624,299,.18,1079,.67,1378,.86,491,.30,790,.49,0,0,299,.18,0,0,299,.18,0,0,299,.18,0,0,299,.18,0,0,299,.18,0,0,299,.18,0,0,299,.18,0,0,299,.18,0,0,299,.18,0,0,299,.18
NC_019917.1,Burkholderia phage BcepMigl  complete genome,62952,571,.90,147,.23,718,1.14,147,.23,718,1.14,0,0,571,.90,99,.15,670,1.06,0,0,571,.90,0,0,571,.90,0,0,571,.90,0,0,571,.90,0,0,571,.90,0,0,571,.90,0,0,571,.90,0,0,571,.90
NC_020416.1,Salmonella phage S16  complete genome,160221,435,.27,4124,2.57,4461,2.78,1325,.82,1760,1.09,98,.06,533,.33,347,.21,782,.48,0,0,435,.27,0,0,435,.27,0,0,435,.27,0,0,435,.27,0,0,435,.27,0,0,435,.27,0,0,435,.27,0,0,435,.27
NC_020881.1,Long-fingered bat hepatitis B virus isolate 776  complete genome,3230,0,0,49,1.51,0,0,49,1.51,0,0,0,0,0,0,0,0,0,0,0,0,0,0,0,0,0,0,0,0,0,0,0,0,0,0,0,0,0,0,0,0,0,0,0,0,0,0,0,0,0,0
NC_021317.1,Salmonella phage L13  complete genome,21248,0,0,147,.69,0,0,98,.46,0,0,0,0,0,0,0,0,0,0,0,0,0,0,0,0,0,0,0,0,0,0,0,0,0,0,0,0,0,0,0,0,0,0,0,0,0,0,0,0,0,0
NC_021343.1,Burkholderia phage ST79  complete genome,35430,238,.67,0,0,238,.67,0,0,238,.67,0,0,238,.67,0,0,238,.67,0,0,238,.67,0,0,238,.67,0,0,238,.67,0,0,238,.67,0,0,238,.67,0,0,238,.67,0,0,238,.67,0,0,238,.67
NC_021483.1,Human papillomavirus type 154 isolate PV77  complete genome,7286,0,0,74,1.01,0,0,0,0,0,0,0,0,0,0,0,0,0,0,0,0,0,0,0,0,0,0,0,0,0,0,0,0,0,0,0,0,0,0,0,0,0,0,0,0,0,0,0,0,0,0
NC_021772.1,Salmonella phage FSL SP-058  complete genome,72394,313,.43,982,1.35,1295,1.78,466,.64,779,1.07,0,0,313,.43,0,0,313,.43,0,0,313,.43,0,0,313,.43,0,0,313,.43,0,0,313,.43,0,0,313,.43,0,0,313,.43,0,0,313,.43,0,0,313,.43
NC_021774.1,Salmonella phage FSL SP-004  complete genome,29742,0,0,123,.41,0,0,74,.24,0,0,0,0,0,0,0,0,0,0,0,0,0,0,0,0,0,0,0,0,0,0,0,0,0,0,0,0,0,0,0,0,0,0,0,0,0,0,0,0,0,0
NC_021775.1,Salmonella phage FSL SP-031  complete genome,42215,54,.12,196,.46,250,.59,147,.34,201,.47,0,0,54,.12,0,0,54,.12,0,0,54,.12,0,0,54,.12,0,0,54,.12,0,0,54,.12,0,0,54,.12,0,0,54,.12,0,0,54,.12,0,0,54,.12
NC_021777.1,Salmonella phage Jersey  complete genome,43447,0,0,294,.67,0,0,245,.56,0,0,0,0,0,0,0,0,0,0,0,0,0,0,0,0,0,0,0,0,0,0,0,0,0,0,0,0,0,0,0,0,0,0,0,0,0,0,0,0,0,0
NC_021779.1,Salmonella phage FSL SP-030  complete genome,59746,96,.16,49,.08,145,.24,49,.08,145,.24,0,0,96,.16,0,0,96,.16,0,0,96,.16,0,0,96,.16,0,0,96,.16,0,0,96,.16,0,0,96,.16,0,0,96,.16,0,0,96,.16,0,0,96,.16
NC_021780.1,Salmonella phage FSL SP-088  complete genome,59454,198,.33,49,.08,247,.41,0,0,198,.33,0,0,198,.33,0,0,198,.33,0,0,198,.33,0,0,198,.33,0,0,198,.33,0,0,198,.33,0,0,198,.33,0,0,198,.33,0,0,198,.33,0,0,198,.33
NC_021782.1,Salmonella phage FSL SP-076  complete genome,72098,448,.62,833,1.15,1232,1.70,392,.54,840,1.16,0,0,448,.62,0,0,448,.62,0,0,448,.62,0,0,448,.62,0,0,448,.62,0,0,448,.62,0,0,448,.62,0,0,448,.62,0,0,448,.62,0,0,448,.62
NC_021783.1,Salmonella phage iEPS5  complete genome,59254,22,.03,49,.08,71,.11,49,.08,71,.11,0,0,22,.03,0,0,22,.03,0,0,22,.03,0,0,22,.03,0,0,22,.03,0,0,22,.03,0,0,22,.03,0,0,22,.03,0,0,22,.03,0,0,22,.03
NC_022103.1,Bat coronavirus CDPHE15 USA 2006  complete genome,28035,182,.64,270,.96,452,1.61,196,.69,378,1.34,0,0,182,.64,0,0,182,.64,0,0,182,.64,0,0,182,.64,0,0,182,.64,0,0,182,.64,0,0,182,.64,0,0,182,.64,0,0,182,.64,0,0,182,.64
NC_022233.1,Porcine cytomegalovirus strain BJ09  complete genome,128367,462,.35,2407,1.87,2569,2.00,761,.59,1050,.81,295,.22,511,.39,645,.50,611,.47,99,.07,462,.35,397,.30,462,.35,448,.34,462,.35,0,0,462,.35,597,.46,462,.35,498,.38,462,.35,0,0,462,.35,797,.62,462,.35
NC_022752.1,Salmonella phage SETP13  complete genome,42665,32,.07,245,.57,228,.53,147,.34,179,.41,0,0,32,.07,0,0,32,.07,0,0,32,.07,0,0,32,.07,0,0,32,.07,0,0,32,.07,0,0,32,.07,0,0,32,.07,0,0,32,.07,0,0,32,.07
NC_022754.1,Salmonella phage SETP7  complete genome,42749,0,0,319,.74,0,0,221,.51,0,0,0,0,0,0,0,0,0,0,0,0,0,0,0,0,0,0,0,0,0,0,0,0,0,0,0,0,0,0,0,0,0,0,0,0,0,0,0,0,0,0
NC_022768.1,Salmonella phage Maynard  complete genome,154701,269,.17,1571,1.01,1840,1.18,736,.47,1005,.64,0,0,269,.17,0,0,269,.17,0,0,269,.17,0,0,269,.17,0,0,269,.17,0,0,269,.17,0,0,269,.17,0,0,269,.17,0,0,269,.17,0,0,269,.17
NC_022772.1,Salmonella phage Marshall  complete genome,156338,276,.17,1495,.95,1771,1.13,735,.47,1011,.64,0,0,276,.17,0,0,276,.17,0,0,276,.17,0,0,276,.17,0,0,276,.17,0,0,276,.17,0,0,276,.17,0,0,276,.17,0,0,276,.17,0,0,276,.17
NC_022892.1,Human papillomavirus type 167 isolate KC10  complete genome,7228,0,0,147,2.03,0,0,0,0,0,0,0,0,0,0,0,0,0,0,0,0,0,0,0,0,0,0,0,0,0,0,0,0,0,0,0,0,0,0,0,0,0,0,0,0,0,0,0,0,0,0
NC_022916.1,Burkholderia phage JG068  complete genome,41604,200,.48,123,.29,249,.59,123,.29,249,.59,0,0,200,.48,0,0,200,.48,0,0,200,.48,0,0,200,.48,0,0,200,.48,0,0,200,.48,0,0,200,.48,0,0,200,.48,0,0,200,.48,0,0,200,.48
NC_023608.1,Salmonella phage vB SenS-Ent2 complete genome,42093,0,0,418,.99,0,0,270,.64,0,0,0,0,0,0,0,0,0,0,0,0,0,0,0,0,0,0,0,0,0,0,0,0,0,0,0,0,0,0,0,0,0,0,0,0,0,0,0,0,0,0
NC_023760.1,Mink coronavirus strain WD1127  complete genome,28941,93,.32,859,2.96,878,3.03,294,1.01,338,1.16,123,.42,142,.49,248,.85,192,.66,0,0,93,.32,99,.34,93,.32,149,.51,93,.32,0,0,93,.32,149,.51,93,.32,199,.68,93,.32,0,0,93,.32,199,.68,93,.32
NC_023856.1,Salmonella phage vB SalM SJ2  complete genome,152460,299,.19,1397,.91,1696,1.11,588,.38,887,.58,0,0,299,.19,0,0,299,.19,0,0,299,.19,0,0,299,.19,0,0,299,.19,0,0,299,.19,0,0,299,.19,0,0,299,.19,0,0,299,.19,0,0,299,.19
NC_023891.1,Human papillomavirus type 178  complete genome,7314,39,.53,172,2.35,137,1.87,0,0,39,.53,49,.66,39,.53,149,2.03,39,.53,0,0,39,.53,99,1.35,39,.53,149,2.03,39,.53,0,0,39,.53,149,2.03,39,.53,199,2.72,39,.53,0,0,39,.53,0,0,39,.53
NC_024122.1,Salmonella phage vB SalM SJ3  complete genome,162910,257,.15,1768,1.08,2025,1.24,735,.45,992,.60,0,0,257,.15,0,0,257,.15,0,0,257,.15,0,0,257,.15,0,0,257,.15,0,0,257,.15,0,0,257,.15,0,0,257,.15,0,0,257,.15,0,0,257,.15
NC_024204.1,Salmonella phage vB SenS-Ent3 complete genome,42764,0,0,417,.97,0,0,294,.68,0,0,0,0,0,0,0,0,0,0,0,0,0,0,0,0,0,0,0,0,0,0,0,0,0,0,0,0,0,0,0,0,0,0,0,0,0,0,0,0,0,0
NC_024443.1,Roundleaf bat hepatitis B virus isolate RBHBV GB09-256 Hip rub GAB 2009  complete genome,3368,0,0,49,1.45,0,0,49,1.45,0,0,0,0,0,0,0,0,0,0,0,0,0,0,0,0,0,0,0,0,0,0,0,0,0,0,0,0,0,0,0,0,0,0,0,0,0,0,0,0,0,0
NC_024444.1,Horseshoe bat hepatitis B virus isolate HBHBV GB09-403 Rhi alc GAB 2009  complete genome,3377,0,0,0,0,0,0,0,0,0,0,0,0,0,0,0,0,0,0,0,0,0,0,0,0,0,0,0,0,0,0,0,0,0,0,0,0,0,0,0,0,0,0,0,0,0,0,0,0,0,0
NC_024445.1,Tent-making bat hepatitis B virus isolate TBHBV Pan372 Uro bil PAN 2010  complete genome,3149,0,0,49,1.55,0,0,0,0,0,0,0,0,0,0,0,0,0,0,0,0,0,0,0,0,0,0,0,0,0,0,0,0,0,0,0,0,0,0,0,0,0,0,0,0,0,0,0,0,0,0
NC_025217.1,Bat Hp-betacoronavirus Zhejiang2013  complete genome,31491,132,.41,392,1.24,524,1.66,294,.93,426,1.35,49,.15,181,.57,149,.47,281,.89,0,0,132,.41,0,0,132,.41,0,0,132,.41,0,0,132,.41,0,0,132,.41,0,0,132,.41,0,0,132,.41,0,0,132,.41
NC_025442.1,Salmonella phage Chi  complete genome,59578,259,.43,0,0,259,.43,0,0,259,.43,0,0,259,.43,0,0,259,.43,0,0,259,.43,0,0,259,.43,0,0,259,.43,0,0,259,.43,0,0,259,.43,0,0,259,.43,0,0,259,.43,0,0,259,.43
NC_025443.1,Salmonella phage 9NA  complete genome,52869,348,.65,1058,2.00,1133,2.14,565,1.06,765,1.44,99,.18,348,.65,249,.47,348,.65,0,0,348,.65,199,.37,348,.65,374,.70,348,.65,0,0,348,.65,299,.56,348,.65,199,.37,348,.65,0,0,348,.65,0,0,348,.65
NC_026011.1,Betacoronavirus HKU24 strain HKU24-R05005I  complete genome,31249,47,.15,417,1.33,415,1.32,245,.78,292,.93,0,0,47,.15,0,0,47,.15,0,0,47,.15,0,0,47,.15,0,0,47,.15,0,0,47,.15,0,0,47,.15,0,0,47,.15,0,0,47,.15,0,0,47,.15
NC_026017.1,Salmonella phage LSPA1  complete genome,41880,57,.13,320,.76,377,.90,197,.47,254,.60,0,0,57,.13,0,0,57,.13,0,0,57,.13,0,0,57,.13,0,0,57,.13,0,0,57,.13,0,0,57,.13,0,0,57,.13,0,0,57,.13,0,0,57,.13
NC_026607.2,Salmonella phage STP4-a  complete genome,159914,491,.30,3854,2.41,4222,2.64,1202,.75,1693,1.05,147,.09,589,.36,496,.31,888,.55,0,0,491,.30,0,0,491,.30,0,0,491,.30,0,0,491,.30,0,0,491,.30,0,0,491,.30,0,0,491,.30,0,0,491,.30
NC_026946.1,Human papillomavirus KC5  complete genome,7143,0,0,98,1.37,0,0,98,1.37,0,0,0,0,0,0,0,0,0,0,0,0,0,0,0,0,0,0,0,0,0,0,0,0,0,0,0,0,0,0,0,0,0,0,0,0,0,0,0,0,0,0
NC_027016.1,Papio ursinus cytomegalovirus isolate OCOM4-52  complete genome,226084,2203,.97,2356,1.04,3797,1.67,1030,.45,2742,1.21,491,.21,2301,1.01,1092,.48,2401,1.06,347,.15,2203,.97,645,.28,2352,1.04,970,.42,2352,1.04,373,.16,2203,.97,672,.29,2203,.97,1097,.48,2203,.97,598,.26,2203,.97,598,.26,2203,.97
NC_027119.1,Salmonella phage Det7  complete genome,157498,170,.10,1645,1.04,1815,1.15,490,.31,660,.41,0,0,170,.10,0,0,170,.10,0,0,170,.10,0,0,170,.10,0,0,170,.10,0,0,170,.10,0,0,170,.10,0,0,170,.10,0,0,170,.10,0,0,170,.10
NC_027297.1,Salmonella phage Stitch  complete genome,123475,963,.77,1644,1.33,2459,1.99,588,.47,1502,1.21,49,.03,1012,.81,99,.08,1062,.86,99,.08,1062,.86,99,.08,1062,.86,224,.18,1187,.96,224,.18,1187,.96,0,0,963,.77,0,0,963,.77,0,0,963,.77,0,0,963,.77
NC_027329.1,Salmonella phage vB SPuM SP116  complete genome,87510,344,.39,1865,2.13,2160,2.46,711,.81,1055,1.20,98,.11,393,.44,198,.22,443,.50,0,0,344,.39,0,0,344,.39,0,0,344,.39,0,0,344,.39,0,0,344,.39,0,0,344,.39,0,0,344,.39,0,0,344,.39
NC_027344.1,Salmonella phage STML-198  complete genome,158099,625,.39,4004,2.53,4506,2.85,1275,.80,1900,1.20,49,.03,674,.42,99,.06,724,.45,99,.06,724,.45,0,0,625,.39,0,0,625,.39,0,0,625,.39,0,0,625,.39,0,0,625,.39,0,0,625,.39,0,0,625,.39
NC_027351.1,Salmonella phage SSE-121  complete genome,147745,556,.37,1350,.91,1857,1.25,344,.23,900,.60,0,0,556,.37,0,0,556,.37,0,0,556,.37,0,0,556,.37,0,0,556,.37,0,0,556,.37,0,0,556,.37,0,0,556,.37,0,0,556,.37,0,0,556,.37
NC_027402.1,Salmonella phage SPN3US  complete genome,240413,177,.07,1105,.45,1086,.45,589,.24,668,.27,98,.04,177,.07,99,.04,177,.07,0,0,177,.07,0,0,177,.07,0,0,177,.07,0,0,177,.07,0,0,177,.07,0,0,177,.07,0,0,177,.07,0,0,177,.07
NC_027528.1,Human papillomavirus type 201 isolate HPV201  complete genome,7291,35,.48,196,2.68,182,2.49,0,0,35,.48,0,0,35,.48,0,0,35,.48,0,0,35,.48,0,0,35,.48,0,0,35,.48,0,0,35,.48,0,0,35,.48,0,0,35,.48,0,0,35,.48,0,0,35,.48
NC_027779.1,Human papillomavirus isolate SE379  complete genome,7320,72,.98,345,4.71,343,4.68,295,4.03,318,4.34,0,0,72,.98,0,0,72,.98,0,0,72,.98,0,0,72,.98,0,0,72,.98,0,0,72,.98,0,0,72,.98,0,0,72,.98,0,0,72,.98,0,0,72,.98
NC_028125.1,Human papillomavirus type 163 isolate KC3  complete genome,7233,0,0,172,2.37,0,0,0,0,0,0,0,0,0,0,0,0,0,0,0,0,0,0,0,0,0,0,0,0,0,0,0,0,0,0,0,0,0,0,0,0,0,0,0,0,0,0,0,0,0,0
NC_028129.1,Woolly monkey hepatitis B virus clone WMHBV-2  complete genome,3179,0,0,49,1.54,0,0,49,1.54,0,0,0,0,0,0,0,0,0,0,0,0,0,0,0,0,0,0,0,0,0,0,0,0,0,0,0,0,0,0,0,0,0,0,0,0,0,0,0,0,0,0
NC_028696.2,Salmonella phage SEN22  complete genome,41338,78,.18,245,.59,323,.78,98,.23,176,.42,0,0,78,.18,0,0,78,.18,0,0,78,.18,0,0,78,.18,0,0,78,.18,0,0,78,.18,0,0,78,.18,0,0,78,.18,0,0,78,.18,0,0,78,.18
NC_028698.1,Salmonella phage f18SE  complete genome,41868,0,0,221,.52,0,0,172,.41,0,0,0,0,0,0,0,0,0,0,0,0,0,0,0,0,0,0,0,0,0,0,0,0,0,0,0,0,0,0,0,0,0,0,0,0,0,0,0,0,0,0
NC_028699.1,Salmonella phage SEN34  complete genome,40740,36,.08,196,.48,232,.56,0,0,36,.08,0,0,36,.08,0,0,36,.08,0,0,36,.08,0,0,36,.08,0,0,36,.08,0,0,36,.08,0,0,36,.08,0,0,36,.08,0,0,36,.08,0,0,36,.08
NC_028701.2,Salmonella phage SEN5  complete genome,33509,40,.11,0,0,40,.11,0,0,40,.11,0,0,40,.11,0,0,40,.11,0,0,40,.11,0,0,40,.11,0,0,40,.11,0,0,40,.11,0,0,40,.11,0,0,40,.11,0,0,40,.11,0,0,40,.11
NC_028752.1,Camel alphacoronavirus isolate camel Riyadh Ry141 2015  complete genome,27395,73,.26,196,.71,269,.98,98,.35,171,.62,0,0,73,.26,0,0,73,.26,0,0,73,.26,0,0,73,.26,0,0,73,.26,0,0,73,.26,0,0,73,.26,0,0,73,.26,0,0,73,.26,0,0,73,.26
NC_028754.1,Salmonella phage Shivani  complete genome,120098,311,.25,2605,2.16,2916,2.42,1103,.91,1414,1.17,49,.04,360,.29,149,.12,460,.38,149,.12,460,.38,149,.12,460,.38,224,.18,535,.44,224,.18,535,.44,0,0,311,.25,0,0,311,.25,0,0,311,.25,0,0,311,.25
NC_028806.1,Swine enteric coronavirus strain Italy 213306 2009  complete genome,28111,147,.52,516,1.83,614,2.18,221,.78,368,1.30,0,0,147,.52,0,0,147,.52,0,0,147,.52,0,0,147,.52,0,0,147,.52,0,0,147,.52,0,0,147,.52,0,0,147,.52,0,0,147,.52,0,0,147,.52
NC_029003.2,Salmonella phage SEN1  complete genome,29733,0,0,196,.65,0,0,0,0,0,0,0,0,0,0,0,0,0,0,0,0,0,0,0,0,0,0,0,0,0,0,0,0,0,0,0,0,0,0,0,0,0,0,0,0,0,0,0,0,0,0
NC_029015.2,Salmonella phage SEN4  complete genome,33509,40,.11,0,0,40,.11,0,0,40,.11,0,0,40,.11,0,0,40,.11,0,0,40,.11,0,0,40,.11,0,0,40,.11,0,0,40,.11,0,0,40,.11,0,0,40,.11,0,0,40,.11,0,0,40,.11
NC_029042.1,Salmonella phage 38  complete genome,156833,419,.26,1596,1.01,2015,1.28,760,.48,1179,.75,49,.03,468,.29,99,.06,518,.33,0,0,419,.26,0,0,419,.26,0,0,419,.26,0,0,419,.26,0,0,419,.26,0,0,419,.26,0,0,419,.26,0,0,419,.26
NC_029045.1,Salmonella phage 37  complete genome,60216,47,.07,172,.28,219,.36,172,.28,219,.36,0,0,47,.07,0,0,47,.07,0,0,47,.07,0,0,47,.07,0,0,47,.07,0,0,47,.07,0,0,47,.07,0,0,47,.07,0,0,47,.07,0,0,47,.07
NC_029071.1,Salmonella phage 36  complete genome,41085,99,.24,564,1.37,614,1.49,147,.35,246,.59,49,.11,99,.24,0,0,99,.24,0,0,99,.24,0,0,99,.24,0,0,99,.24,0,0,99,.24,0,0,99,.24,0,0,99,.24,0,0,99,.24,0,0,99,.24
NC_030292.1,Ferret coronavirus isolate FRCoV-NL-2010  complete genome,28434,18,.06,711,2.50,680,2.39,245,.86,263,.92,49,.17,67,.23,99,.34,117,.41,0,0,18,.06,0,0,18,.06,0,0,18,.06,0,0,18,.06,0,0,18,.06,0,0,18,.06,0,0,18,.06,0,0,18,.06
NC_030445.1,Bluegill hepatitis B virus  complete genome,3260,0,0,147,4.50,0,0,49,1.50,0,0,0,0,0,0,0,0,0,0,0,0,0,0,0,0,0,0,0,0,0,0,0,0,0,0,0,0,0,0,0,0,0,0,0,0,0,0,0,0,0,0
NC_030446.1,Tibetan frog hepatitis B virus isolate 243398  complete genome,3138,0,0,49,1.56,0,0,0,0,0,0,0,0,0,0,0,0,0,0,0,0,0,0,0,0,0,0,0,0,0,0,0,0,0,0,0,0,0,0,0,0,0,0,0,0,0,0,0,0,0,0
NC_030791.1,Hepatitis C virus genotype 7  complete genome,9443,25,.26,49,.51,25,.26,49,.51,74,.78,49,.51,25,.26,99,1.04,25,.26,99,1.04,124,1.31,99,1.04,25,.26,149,1.57,25,.26,0,0,25,.26,149,1.57,25,.26,199,2.10,25,.26,0,0,25,.26,199,2.10,25,.26
NC_030886.1,Rousettus bat coronavirus isolate GCCDC1 356  complete genome,30161,32,.10,172,.57,130,.43,74,.24,32,.10,74,.24,32,.10,149,.49,32,.10,0,0,32,.10,149,.49,32,.10,224,.74,32,.10,0,0,32,.10,224,.74,32,.10,199,.65,32,.10,0,0,32,.10,199,.65,32,.10
NC_030919.1,Salmonella phage 118970 sal4  complete genome,42418,95,.22,932,2.19,1027,2.42,245,.57,340,.80,98,.23,193,.45,248,.58,343,.80,248,.58,343,.80,0,0,95,.22,0,0,95,.22,0,0,95,.22,0,0,95,.22,0,0,95,.22,0,0,95,.22,0,0,95,.22
NC_031021.1,Salmonella phage MA12  complete genome,41224,36,.08,441,1.06,477,1.15,245,.59,281,.68,0,0,36,.08,0,0,36,.08,0,0,36,.08,0,0,36,.08,0,0,36,.08,0,0,36,.08,0,0,36,.08,0,0,36,.08,0,0,36,.08,0,0,36,.08
NC_031026.1,Salmonella phage phSE-2  complete genome,49167,189,.38,344,.69,459,.93,98,.19,287,.58,0,0,189,.38,0,0,189,.38,0,0,189,.38,0,0,189,.38,0,0,189,.38,0,0,189,.38,0,0,189,.38,0,0,189,.38,0,0,189,.38,0,0,189,.38
NC_031042.1,Salmonella phage NR01  complete genome,111325,155,.13,2060,1.85,2141,1.92,980,.88,1086,.97,98,.08,253,.22,248,.22,403,.36,0,0,155,.13,0,0,155,.13,0,0,155,.13,0,0,155,.13,0,0,155,.13,0,0,155,.13,0,0,155,.13,0,0,155,.13
NC_031045.1,Salmonella phage GG32  complete genome,157855,298,.18,1694,1.07,1942,1.23,980,.62,1229,.77,0,0,298,.18,0,0,298,.18,0,0,298,.18,0,0,298,.18,0,0,298,.18,0,0,298,.18,0,0,298,.18,0,0,298,.18,0,0,298,.18,0,0,298,.18
NC_031065.1,Salmonella phage vB SnwM CGG4-1  complete genome,159878,535,.33,3632,2.27,4069,2.54,932,.58,1418,.88,49,.03,584,.36,198,.12,733,.45,0,0,535,.33,0,0,535,.33,0,0,535,.33,0,0,535,.33,0,0,535,.33,0,0,535,.33,0,0,535,.33,0,0,535,.33
NC_031128.1,Salmonella phage vB SalM PM10  complete genome,158081,294,.18,1399,.88,1643,1.03,490,.30,784,.49,0,0,294,.18,0,0,294,.18,0,0,294,.18,0,0,294,.18,0,0,294,.18,0,0,294,.18,0,0,294,.18,0,0,294,.18,0,0,294,.18,0,0,294,.18
NC_031129.1,Salmonella phage SJ46  complete genome,103445,246,.23,736,.71,982,.94,294,.28,540,.52,0,0,246,.23,0,0,246,.23,0,0,246,.23,0,0,246,.23,0,0,246,.23,0,0,246,.23,0,0,246,.23,0,0,246,.23,0,0,246,.23,0,0,246,.23
NC_031228.1,Salmonella phage BP12C  complete genome,60606,129,.21,49,.08,178,.29,49,.08,178,.29,0,0,129,.21,0,0,129,.21,0,0,129,.21,0,0,129,.21,0,0,129,.21,0,0,129,.21,0,0,129,.21,0,0,129,.21,0,0,129,.21,0,0,129,.21
NC_031250.1,Salmonella phage BP63  complete genome,52437,183,.34,417,.79,600,1.14,245,.46,428,.81,0,0,183,.34,0,0,183,.34,0,0,183,.34,0,0,183,.34,0,0,183,.34,0,0,183,.34,0,0,183,.34,0,0,183,.34,0,0,183,.34,0,0,183,.34
NC_031258.1,Salmonella phage BP12A  complete genome,39696,0,0,245,.61,0,0,294,.74,0,0,0,0,0,0,0,0,0,0,0,0,0,0,0,0,0,0,0,0,0,0,0,0,0,0,0,0,0,0,0,0,0,0,0,0,0,0,0,0,0,0
NC_031271.1,Salmonella phage BP12B  complete genome,43602,161,.36,245,.56,406,.93,98,.22,259,.59,0,0,161,.36,0,0,161,.36,0,0,161,.36,0,0,161,.36,0,0,161,.36,0,0,161,.36,0,0,161,.36,0,0,161,.36,0,0,161,.36,0,0,161,.36
NC_031902.1,Salmonella phage 100268 sal2  complete genome,125114,785,.62,1743,1.39,2478,1.98,761,.60,1497,1.19,49,.03,834,.66,149,.11,934,.74,149,.11,934,.74,149,.11,934,.74,224,.17,1009,.80,224,.17,1009,.80,0,0,785,.62,0,0,785,.62,0,0,785,.62,0,0,785,.62
NC_031918.1,Salmonella phage 64795 sal3  complete genome,45342,251,.55,467,1.02,643,1.41,196,.43,447,.98,0,0,251,.55,0,0,251,.55,0,0,251,.55,0,0,251,.55,0,0,251,.55,0,0,251,.55,0,0,251,.55,0,0,251,.55,0,0,251,.55,0,0,251,.55
NC_031924.1,Salmonella phage IME207  complete genome,47564,153,.32,540,1.13,644,1.35,49,.10,202,.42,98,.20,251,.52,248,.52,401,.84,0,0,153,.32,0,0,153,.32,0,0,153,.32,0,0,153,.32,0,0,153,.32,0,0,153,.32,0,0,153,.32,0,0,153,.32
NC_031925.1,Salmonella phage BPS11Q3  complete genome,43788,0,0,564,1.28,0,0,245,.55,0,0,49,.11,0,0,149,.34,0,0,149,.34,0,0,0,0,0,0,0,0,0,0,0,0,0,0,0,0,0,0,0,0,0,0,0,0,0,0,0,0,0,0
NC_031930.1,Salmonella phage 118970 sal1  complete genome,59518,115,.19,0,0,115,.19,0,0,115,.19,0,0,115,.19,0,0,115,.19,0,0,115,.19,0,0,115,.19,0,0,115,.19,0,0,115,.19,0,0,115,.19,0,0,115,.19,0,0,115,.19,0,0,115,.19
NC_031933.1,Salmonella phage 118970 sal2  complete genome,114180,701,.61,1743,1.52,2386,2.08,858,.75,1510,1.32,49,.04,750,.65,99,.08,800,.70,99,.08,800,.70,99,.08,800,.70,149,.13,850,.74,149,.13,850,.74,0,0,701,.61,0,0,701,.61,0,0,701,.61,0,0,701,.61
NC_031939.1,Salmonella phage BPS15Q2  complete genome,89817,273,.30,2137,2.37,2262,2.51,858,.95,1082,1.20,196,.21,420,.46,446,.49,620,.69,99,.11,273,.30,99,.11,273,.30,149,.16,273,.30,0,0,273,.30,149,.16,273,.30,299,.33,273,.30,0,0,273,.30,299,.33,273,.30
NC_031940.1,Salmonella phage 118970 sal3  complete genome,77375,0,0,392,.50,0,0,245,.31,0,0,0,0,0,0,0,0,0,0,0,0,0,0,0,0,0,0,0,0,0,0,0,0,0,0,0,0,0,0,0,0,0,0,0,0,0,0,0,0,0,0
NC_031946.1,Salmonella Phage 103203 sal5  complete genome,40443,95,.23,957,2.36,1052,2.60,417,1.03,512,1.26,98,.24,193,.47,248,.61,343,.84,0,0,95,.23,99,.24,194,.47,224,.55,319,.78,0,0,95,.23,0,0,95,.23,0,0,95,.23,0,0,95,.23,0,0,95,.23
NC_032107.1,NL63-related bat coronavirus strain BtKYNL63-9a  complete genome,28363,33,.11,343,1.20,376,1.32,98,.34,131,.46,0,0,33,.11,0,0,33,.11,0,0,33,.11,0,0,33,.11,0,0,33,.11,0,0,33,.11,0,0,33,.11,0,0,33,.11,0,0,33,.11,0,0,33,.11
NC_032111.1,BeAn 58058 virus  complete genome,163005,4227,2.59,19754,12.11,21707,13.31,3339,2.04,6776,4.15,1476,.90,5036,3.08,2383,1.46,5764,3.53,646,.39,4425,2.71,1639,1.00,4722,2.89,1045,.64,4375,2.68,449,.27,4227,2.59,1046,.64,4451,2.73,1097,.67,4725,2.89,399,.24,4227,2.59,798,.48,4526,2.77
NC_032730.1,Lucheng Rn rat coronavirus isolate Lucheng-19  complete genome,28763,121,.42,393,1.36,440,1.52,270,.93,342,1.18,74,.25,121,.42,149,.51,121,.42,0,0,121,.42,99,.34,121,.42,149,.51,121,.42,0,0,121,.42,149,.51,121,.42,199,.69,121,.42,0,0,121,.42,199,.69,121,.42
NC_033176.1,Cynomolgus cytomegalovirus isolate 31908  complete genome,224064,1594,.71,2578,1.15,3678,1.64,981,.43,2280,1.01,245,.10,1692,.75,595,.26,1842,.82,297,.13,1693,.75,248,.11,1743,.77,448,.19,1818,.81,224,.09,1594,.71,224,.09,1594,.71,598,.26,1893,.84,0,0,1594,.71,299,.13,1594,.71
NC_033781.1,Human papillomavirus type 156 isolate GC01  complete genome,7329,0,0,196,2.67,0,0,98,1.33,0,0,0,0,0,0,0,0,0,0,0,0,0,0,0,0,0,0,0,0,0,0,0,0,0,0,0,0,0,0,0,0,0,0,0,0,0,0,0,0,0,0
NC_034440.1,Bat coronavirus isolate PREDICT PDF-2180  complete genome,29642,0,0,221,.74,0,0,0,0,0,0,0,0,0,0,0,0,0,0,0,0,0,0,0,0,0,0,0,0,0,0,0,0,0,0,0,0,0,0,0,0,0,0,0,0,0,0,0,0,0,0
NC_034616.1,Human papillomavirus type 85 isolate 114B  complete genome,7812,0,0,348,4.45,0,0,201,2.57,0,0,152,1.94,0,0,152,1.94,0,0,152,1.94,0,0,152,1.94,0,0,152,1.94,0,0,152,1.94,0,0,152,1.94,0,0,152,1.94,0,0,152,1.94,0,0,152,1.94,0,0
NC_034972.1,Coronavirus AcCoV-JC34  complete genome,27682,58,.20,221,.79,205,.74,49,.17,58,.20,74,.26,58,.20,99,.35,58,.20,0,0,58,.20,99,.35,58,.20,224,.80,58,.20,0,0,58,.20,149,.53,58,.20,199,.71,58,.20,0,0,58,.20,199,.71,58,.20
NC_035210.1,Tinamou hepatitis B virus isolate 160050  complete genome,3024,0,0,0,0,0,0,0,0,0,0,0,0,0,0,0,0,0,0,0,0,0,0,0,0,0,0,0,0,0,0,0,0,0,0,0,0,0,0,0,0,0,0,0,0,0,0,0,0,0,0
NC_038286.1,Piry virus strain BeAn2423  complete genome,11271,0,0,98,.86,0,0,0,0,0,0,49,.43,0,0,149,1.32,0,0,0,0,0,0,0,0,0,0,0,0,0,0,0,0,0,0,0,0,0,0,0,0,0,0,0,0,0,0,0,0,0,0
NC_038294.1,Betacoronavirus England 1 isolate H123990006  complete genome,30111,36,.11,196,.65,232,.77,98,.32,134,.44,0,0,36,.11,0,0,36,.11,0,0,36,.11,0,0,36,.11,0,0,36,.11,0,0,36,.11,0,0,36,.11,0,0,36,.11,0,0,36,.11,0,0,36,.11
NC_038504.1,Hepatitis E virus rat R63 DEU 2009  complete genome,6965,64,.91,172,2.46,162,2.32,49,.70,64,.91,0,0,64,.91,99,1.42,64,.91,99,1.42,64,.91,0,0,64,.91,0,0,64,.91,0,0,64,.91,0,0,64,.91,0,0,64,.91,0,0,64,.91,0,0,64,.91
NC_038522.1,Human papillomavirus type 161 isolate KC1  complete genome,7238,0,0,172,2.37,0,0,0,0,0,0,0,0,0,0,0,0,0,0,0,0,0,0,0,0,0,0,0,0,0,0,0,0,0,0,0,0,0,0,0,0,0,0,0,0,0,0,0,0,0,0
NC_038523.1,Human papillomavirus type 172  complete genome,7203,88,1.22,0,0,88,1.22,0,0,88,1.22,0,0,88,1.22,0,0,88,1.22,0,0,88,1.22,0,0,88,1.22,0,0,88,1.22,0,0,88,1.22,0,0,88,1.22,0,0,88,1.22,0,0,88,1.22,0,0,88,1.22
NC_038524.1,Human papillomavirus type 175 isolate SE87  complete genome,7226,21,.29,123,1.70,144,1.99,123,1.70,144,1.99,74,1.02,95,1.31,149,2.06,170,2.35,99,1.37,120,1.66,0,0,21,.29,0,0,21,.29,0,0,21,.29,0,0,21,.29,0,0,21,.29,0,0,21,.29,0,0,21,.29
NC_038525.1,Human papillomavirus type 204 isolate A342  complete genome,7227,36,.49,196,2.71,232,3.21,49,.67,85,1.17,0,0,36,.49,0,0,36,.49,0,0,36,.49,0,0,36,.49,0,0,36,.49,0,0,36,.49,0,0,36,.49,0,0,36,.49,0,0,36,.49,0,0,36,.49
NC_038672.1,Mucambo virus strain Mucambo BeAn 8  complete genome,11391,0,0,123,1.07,0,0,0,0,0,0,0,0,0,0,0,0,0,0,0,0,0,0,0,0,0,0,0,0,0,0,0,0,0,0,0,0,0,0,0,0,0,0,0,0,0,0,0,0,0,0
NC_039086.1,Human papillomavirus type 187 isolate ACS447  complete genome,7268,0,0,98,1.34,0,0,49,.67,0,0,0,0,0,0,0,0,0,0,0,0,0,0,0,0,0,0,0,0,0,0,0,0,0,0,0,0,0,0,0,0,0,0,0,0,0,0,0,0,0,0
NC_039089.1,Human papillomavirus type 71 DNA  complete genome,8017,198,2.46,395,4.92,418,5.21,148,1.84,198,2.46,148,1.84,198,2.46,199,2.48,198,2.46,149,1.85,198,2.46,248,3.09,198,2.46,373,4.65,198,2.46,149,1.85,198,2.46,224,2.79,198,2.46,299,3.72,198,2.46,199,2.48,198,2.46,299,3.72,198,2.46
NC_039207.1,Betacoronavirus Erinaceus VMC DEU 2012 isolate ErinaceusCoV 2012-174 GER 2012  complete genome,30148,63,.20,466,1.54,529,1.75,196,.65,259,.85,49,.16,112,.37,149,.49,212,.70,0,0,63,.20,149,.49,212,.70,224,.74,287,.95,0,0,63,.20,0,0,63,.20,0,0,63,.20,0,0,63,.20,0,0,63,.20
NC_039208.1,Porcine coronavirus HKU15 strain HKU15-155  complete genome,25425,0,0,147,.57,0,0,98,.38,0,0,0,0,0,0,0,0,0,0,0,0,0,0,0,0,0,0,0,0,0,0,0,0,0,0,0,0,0,0,0,0,0,0,0,0,0,0,0,0,0,0
NC_040640.1,Human papillomavirus type 203 isolate SE369  complete genome,7372,32,.43,49,.66,81,1.09,0,0,32,.43,0,0,32,.43,0,0,32,.43,0,0,32,.43,0,0,32,.43,0,0,32,.43,0,0,32,.43,0,0,32,.43,0,0,32,.43,0,0,32,.43,0,0,32,.43
NC_041922.1,Salmonella phage Si3  complete genome,84419,224,.26,1473,1.74,1697,2.01,564,.66,788,.93,49,.05,273,.32,149,.17,373,.44,0,0,224,.26,0,0,224,.26,0,0,224,.26,0,0,224,.26,0,0,224,.26,0,0,224,.26,0,0,224,.26,0,0,224,.26
NC_041923.1,Salmonella phage Mushroom  complete genome,87709,383,.43,2137,2.43,2471,2.81,662,.75,1045,1.19,49,.05,432,.49,99,.11,482,.54,0,0,383,.43,0,0,383,.43,0,0,383,.43,0,0,383,.43,0,0,383,.43,0,0,383,.43,0,0,383,.43,0,0,383,.43
NC_041991.1,Salmonella phage vB SenS AG11  complete genome,41546,0,0,368,.88,0,0,270,.64,0,0,0,0,0,0,0,0,0,0,0,0,0,0,0,0,0,0,0,0,0,0,0,0,0,0,0,0,0,0,0,0,0,0,0,0,0,0,0,0,0,0
NC_041992.1,Salmonella phage wksl3  complete genome,42633,40,.09,392,.91,432,1.01,245,.57,285,.66,0,0,40,.09,0,0,40,.09,0,0,40,.09,0,0,40,.09,0,0,40,.09,0,0,40,.09,0,0,40,.09,0,0,40,.09,0,0,40,.09,0,0,40,.09
NC_042025.1,Salmonella phage SE1 (in:Nonagvirus)  complete genome,60030,158,.26,492,.81,650,1.08,245,.40,403,.67,0,0,158,.26,0,0,158,.26,0,0,158,.26,0,0,158,.26,0,0,158,.26,0,0,158,.26,0,0,158,.26,0,0,158,.26,0,0,158,.26,0,0,158,.26
NC_042044.1,Salmonella phage Melville  complete genome,159323,779,.48,4125,2.58,4855,3.04,1226,.76,2005,1.25,98,.06,877,.55,298,.18,1077,.67,0,0,779,.48,149,.09,928,.58,149,.09,928,.58,0,0,779,.48,0,0,779,.48,0,0,779,.48,0,0,779,.48,0,0,779,.48
NC_042096.1,Salmonella phage BPS17L1  complete genome,84916,289,.34,1770,2.08,2059,2.42,613,.72,902,1.06,98,.11,387,.45,198,.23,487,.57,0,0,289,.34,0,0,289,.34,0,0,289,.34,0,0,289,.34,0,0,289,.34,0,0,289,.34,0,0,289,.34,0,0,289,.34
NC_042097.1,Salmonella phage BPS17W1  complete genome,87609,302,.34,1227,1.40,1529,1.74,417,.47,719,.82,0,0,302,.34,0,0,302,.34,0,0,302,.34,0,0,302,.34,0,0,302,.34,0,0,302,.34,0,0,302,.34,0,0,302,.34,0,0,302,.34,0,0,302,.34
NC_043528.1,Capuchin monkey hepatitis B virus isolate M12  complete genome,3182,0,0,98,3.07,0,0,0,0,0,0,0,0,0,0,0,0,0,0,0,0,0,0,0,0,0,0,0,0,0,0,0,0,0,0,0,0,0,0,0,0,0,0,0,0,0,0,0,0,0,0
NC_045512.2,Severe acute respiratory syndrome coronavirus 2 isolate Wuhan-Hu-1  complete genome,29903,72,.24,491,1.64,489,1.63,98,.32,121,.40,123,.41,121,.40,298,.99,221,.73,149,.49,221,.73,149,.49,72,.24,149,.49,72,.24,0,0,72,.24,149,.49,72,.24,299,.99,72,.24,0,0,72,.24,299,.99,72,.24
NC_046954.1,Rodent coronavirus isolate RtMruf-CoV-2 JL2014  complete genome,31393,40,.12,785,2.50,825,2.62,147,.46,187,.59,0,0,40,.12,99,.31,139,.44,0,0,40,.12,0,0,40,.12,0,0,40,.12,0,0,40,.12,0,0,40,.12,0,0,40,.12,0,0,40,.12,0,0,40,.12
NC_046964.1,Alphacoronavirus Bat-CoV P.kuhlii Italy 3398-19 2015  complete genome,28128,0,0,270,.95,0,0,221,.78,0,0,49,.17,0,0,99,.35,0,0,99,.35,0,0,0,0,0,0,0,0,0,0,0,0,0,0,0,0,0,0,0,0,0,0,0,0,0,0,0,0,0,0
NC_046965.1,Canada goose coronavirus strain Cambridge Bay 2017  complete genome,28539,235,.82,417,1.46,431,1.51,221,.77,333,1.16,98,.34,235,.82,347,1.21,235,.82,149,.52,235,.82,99,.34,235,.82,149,.52,235,.82,0,0,235,.82,149,.52,235,.82,199,.69,235,.82,0,0,235,.82,199,.69,235,.82
NC_047743.1,Burkholderia phage Bp-AMP1 complete genome,42409,492,1.16,49,.11,541,1.27,49,.11,541,1.27,0,0,492,1.16,0,0,492,1.16,0,0,492,1.16,0,0,492,1.16,0,0,492,1.16,0,0,492,1.16,0,0,492,1.16,0,0,492,1.16,0,0,492,1.16,0,0,492,1.16
NC_047752.1,Burkholderia phage vB BceM AP3  complete genome,36499,167,.45,49,.13,216,.59,49,.13,216,.59,0,0,167,.45,0,0,167,.45,0,0,167,.45,0,0,167,.45,0,0,167,.45,0,0,167,.45,0,0,167,.45,0,0,167,.45,0,0,167,.45,0,0,167,.45
NC_047753.1,Salmonella phage SEN8  complete genome,35203,121,.34,49,.13,170,.48,0,0,121,.34,0,0,121,.34,0,0,121,.34,0,0,121,.34,0,0,121,.34,0,0,121,.34,0,0,121,.34,0,0,121,.34,0,0,121,.34,0,0,121,.34,0,0,121,.34
NC_047786.1,Salmonella phage vB SenS Sasha  complete genome,53263,75,.14,417,.78,443,.83,147,.27,222,.41,0,0,75,.14,0,0,75,.14,0,0,75,.14,0,0,75,.14,0,0,75,.14,0,0,75,.14,0,0,75,.14,0,0,75,.14,0,0,75,.14,0,0,75,.14
NC_047859.1,Salmonella phage SP01  complete genome,117842,427,.36,1866,1.58,2293,1.94,883,.74,1310,1.11,147,.12,574,.48,397,.33,824,.69,149,.12,576,.48,149,.12,576,.48,224,.19,651,.55,224,.19,651,.55,0,0,427,.36,0,0,427,.36,0,0,427,.36,0,0,427,.36
NC_047875.1,Salmonella phage UPF BP1  complete genome,39902,39,.09,713,1.78,752,1.88,294,.73,333,.83,49,.12,88,.22,149,.37,188,.47,99,.24,138,.34,0,0,39,.09,0,0,39,.09,0,0,39,.09,0,0,39,.09,0,0,39,.09,0,0,39,.09,0,0,39,.09
NC_047898.1,Salmonella phage YSP2  complete genome,50316,271,.53,711,1.41,884,1.75,294,.58,565,1.12,0,0,271,.53,0,0,271,.53,0,0,271,.53,0,0,271,.53,0,0,271,.53,0,0,271,.53,0,0,271,.53,0,0,271,.53,0,0,271,.53,0,0,271,.53
NC_047941.1,Salmonella phage vB SpuP Spp16  complete genome,41832,122,.29,565,1.35,613,1.46,344,.82,466,1.11,123,.29,171,.40,248,.59,271,.64,0,0,122,.29,0,0,122,.29,0,0,122,.29,0,0,122,.29,0,0,122,.29,0,0,122,.29,0,0,122,.29,0,0,122,.29
NC_047947.1,Salmonella phage vB SenS PHB07  complete genome,51818,179,.34,515,.99,694,1.33,221,.42,400,.77,0,0,179,.34,0,0,179,.34,0,0,179,.34,0,0,179,.34,0,0,179,.34,0,0,179,.34,0,0,179,.34,0,0,179,.34,0,0,179,.34,0,0,179,.34
NC_047958.1,Burkholderia phage vB BmuP KL4  complete genome,42250,325,.76,49,.11,374,.88,49,.11,374,.88,0,0,325,.76,0,0,325,.76,0,0,325,.76,0,0,325,.76,0,0,325,.76,0,0,325,.76,0,0,325,.76,0,0,325,.76,0,0,325,.76,0,0,325,.76
NC_048004.1,Salmonella phage 3A 8767  complete genome,38821,118,.30,172,.44,216,.55,123,.31,167,.43,0,0,118,.30,149,.38,118,.30,0,0,118,.30,99,.25,118,.30,0,0,118,.30,0,0,118,.30,0,0,118,.30,0,0,118,.30,0,0,118,.30,0,0,118,.30
NC_048005.1,Salmonella phage S113  complete genome,112582,400,.35,1864,1.65,2264,2.01,466,.41,866,.76,74,.06,474,.42,149,.13,549,.48,149,.13,549,.48,99,.08,499,.44,224,.19,624,.55,224,.19,624,.55,0,0,400,.35,0,0,400,.35,0,0,400,.35,0,0,400,.35
NC_048006.1,Salmonella phage S114  complete genome,110926,418,.37,1570,1.41,1988,1.79,441,.39,859,.77,49,.04,467,.42,99,.08,517,.46,99,.08,517,.46,99,.08,517,.46,149,.13,567,.51,149,.13,567,.51,0,0,418,.37,0,0,418,.37,0,0,418,.37,0,0,418,.37
NC_048007.1,Salmonella phage S116  complete genome,110664,416,.37,1472,1.33,1740,1.57,589,.53,906,.81,74,.06,416,.37,248,.22,515,.46,99,.08,416,.37,149,.13,416,.37,149,.13,416,.37,149,.13,416,.37,0,0,416,.37,0,0,416,.37,0,0,416,.37,199,.17,416,.37
NC_048008.1,Salmonella phage S126  complete genome,111999,357,.31,1423,1.27,1780,1.58,760,.67,1117,.99,0,0,357,.31,0,0,357,.31,0,0,357,.31,0,0,357,.31,0,0,357,.31,0,0,357,.31,0,0,357,.31,0,0,357,.31,0,0,357,.31,0,0,357,.31
NC_048009.1,Salmonella phage S131  complete genome,110091,326,.29,1766,1.60,2043,1.85,1030,.93,1307,1.18,147,.13,473,.42,347,.31,673,.61,99,.08,425,.38,99,.08,425,.38,224,.20,550,.49,224,.20,550,.49,0,0,326,.29,0,0,326,.29,0,0,326,.29,0,0,326,.29
NC_048010.1,Salmonella phage S132  complete genome,116832,472,.40,1691,1.44,2114,1.80,637,.54,1060,.90,49,.04,521,.44,99,.08,571,.48,99,.08,571,.48,99,.08,571,.48,224,.19,696,.59,224,.19,696,.59,0,0,472,.40,0,0,472,.40,0,0,472,.40,0,0,472,.40
NC_048011.1,Salmonella phage S133  complete genome,110926,418,.37,1570,1.41,1988,1.79,441,.39,859,.77,49,.04,467,.42,99,.08,517,.46,99,.08,517,.46,99,.08,517,.46,149,.13,567,.51,149,.13,567,.51,0,0,418,.37,0,0,418,.37,0,0,418,.37,0,0,418,.37
NC_048012.1,Salmonella phage S147  complete genome,111447,498,.44,1618,1.45,2116,1.89,589,.52,1087,.97,49,.04,547,.49,99,.08,597,.53,99,.08,597,.53,99,.08,597,.53,224,.20,722,.64,224,.20,722,.64,0,0,498,.44,0,0,498,.44,0,0,498,.44,0,0,498,.44
NC_048013.1,Salmonella phage S124  complete genome,112564,394,.35,1302,1.15,1668,1.48,515,.45,860,.76,98,.08,492,.43,248,.22,642,.57,149,.13,543,.48,149,.13,543,.48,149,.13,543,.48,149,.13,543,.48,0,0,394,.35,0,0,394,.35,0,0,394,.35,0,0,394,.35
NC_048062.1,Salmonella phage Sw2  complete genome,114274,387,.33,1203,1.05,1540,1.34,539,.47,926,.81,49,.04,436,.38,149,.13,536,.46,149,.13,536,.46,149,.13,536,.46,149,.13,536,.46,149,.13,536,.46,0,0,387,.33,0,0,387,.33,0,0,387,.33,0,0,387,.33
NC_048089.1,Salmonella phage STG2  complete genome,114275,407,.35,1423,1.24,1707,1.49,637,.55,1044,.91,49,.04,407,.35,149,.13,407,.35,0,0,407,.35,149,.13,407,.35,224,.19,407,.35,0,0,407,.35,224,.19,407,.35,199,.17,407,.35,0,0,407,.35,199,.17,407,.35
NC_048105.1,Salmonella phage BSP161  complete genome,39688,101,.25,368,.92,420,1.05,147,.37,248,.62,0,0,101,.25,0,0,101,.25,0,0,101,.25,0,0,101,.25,0,0,101,.25,0,0,101,.25,0,0,101,.25,0,0,101,.25,0,0,101,.25,0,0,101,.25
NC_048110.1,Salmonella phage Seafire  complete genome,111851,241,.21,1424,1.27,1615,1.44,540,.48,731,.65,49,.04,290,.25,198,.17,439,.39,99,.08,340,.30,99,.08,340,.30,224,.20,465,.41,224,.20,465,.41,0,0,241,.21,0,0,241,.21,0,0,241,.21,0,0,241,.21
NC_048113.1,Salmonella phage Lumpael  complete genome,41126,277,.67,0,0,277,.67,0,0,277,.67,0,0,277,.67,0,0,277,.67,0,0,277,.67,0,0,277,.67,0,0,277,.67,0,0,277,.67,0,0,277,.67,0,0,277,.67,0,0,277,.67,0,0,277,.67
NC_048145.1,Salmonella phage 3-29  complete genome,110377,381,.34,1547,1.40,1804,1.63,565,.51,847,.76,123,.11,430,.38,248,.22,480,.43,248,.22,480,.43,248,.22,480,.43,298,.26,530,.48,149,.13,530,.48,149,.13,381,.34,199,.18,381,.34,0,0,381,.34,299,.27,381,.34
NC_048149.1,Salmonella phage 1-23  complete genome,112496,300,.26,1447,1.28,1747,1.55,490,.43,790,.70,98,.08,398,.35,248,.22,548,.48,99,.08,399,.35,99,.08,399,.35,224,.19,524,.46,224,.19,524,.46,0,0,300,.26,0,0,300,.26,0,0,300,.26,0,0,300,.26
NC_048179.1,Salmonella phage ZCSE2  complete genome,53965,83,.15,368,.68,377,.69,245,.45,328,.60,74,.13,83,.15,99,.18,83,.15,0,0,83,.15,99,.18,83,.15,0,0,83,.15,0,0,83,.15,224,.41,83,.15,0,0,83,.15,0,0,83,.15,299,.55,83,.15
NC_048212.1,Bat coronavirus  complete genome,28975,62,.21,343,1.18,356,1.22,196,.67,209,.72,49,.16,62,.21,99,.34,62,.21,0,0,62,.21,99,.34,62,.21,149,.51,62,.21,0,0,62,.21,149,.51,62,.21,199,.68,62,.21,0,0,62,.21,199,.68,62,.21
NC_048214.1,Duck coronavirus isolate DK GD 27 2014  complete genome,27754,110,.39,393,1.41,355,1.27,98,.35,110,.39,74,.26,110,.39,149,.53,110,.39,0,0,110,.39,99,.35,110,.39,149,.53,110,.39,0,0,110,.39,149,.53,110,.39,199,.71,110,.39,0,0,110,.39,0,0,110,.39
NC_048216.1,NL63-related bat coronavirus strain BtKYNL63-9b  complete genome,28679,0,0,147,.51,0,0,49,.17,0,0,0,0,0,0,0,0,0,0,0,0,0,0,0,0,0,0,0,0,0,0,0,0,0,0,0,0,0,0,0,0,0,0,0,0,0,0,0,0,0,0
NC_048217.1,Murine hepatitis virus strain A59  complete genome,31335,0,0,466,1.48,0,0,245,.78,0,0,49,.15,0,0,99,.31,0,0,0,0,0,0,0,0,0,0,0,0,0,0,0,0,0,0,0,0,0,0,0,0,0,0,0,0,0,0,0,0,0,0
NC_048632.1,Salmonella phage 35  complete genome,55391,97,.17,123,.22,220,.39,123,.22,220,.39,0,0,97,.17,0,0,97,.17,0,0,97,.17,0,0,97,.17,0,0,97,.17,0,0,97,.17,0,0,97,.17,0,0,97,.17,0,0,97,.17,0,0,97,.17
NC_048648.1,Salmonella phage ST-101  complete genome,59132,103,.17,98,.16,152,.25,98,.16,152,.25,0,0,103,.17,0,0,103,.17,0,0,103,.17,0,0,103,.17,0,0,103,.17,0,0,103,.17,0,0,103,.17,0,0,103,.17,0,0,103,.17,0,0,103,.17
NC_048649.1,Salmonella phage UPF BP2  complete genome,54894,382,.69,245,.44,627,1.14,147,.26,529,.96,0,0,382,.69,0,0,382,.69,0,0,382,.69,0,0,382,.69,0,0,382,.69,0,0,382,.69,0,0,382,.69,0,0,382,.69,0,0,382,.69,0,0,382,.69
NC_048655.1,Salmonella phage BSPM4  complete genome,59097,135,.22,49,.08,184,.31,49,.08,184,.31,0,0,135,.22,0,0,135,.22,0,0,135,.22,0,0,135,.22,0,0,135,.22,0,0,135,.22,0,0,135,.22,0,0,135,.22,0,0,135,.22,0,0,135,.22
NC_048683.1,Salmonella phage KFS-SE1  complete genome,59715,82,.13,49,.08,131,.21,49,.08,131,.21,0,0,82,.13,0,0,82,.13,0,0,82,.13,0,0,82,.13,0,0,82,.13,0,0,82,.13,0,0,82,.13,0,0,82,.13,0,0,82,.13,0,0,82,.13
NC_048727.1,Salmonella phage Siskin  complete genome,58476,130,.22,123,.21,253,.43,49,.08,179,.30,0,0,130,.22,0,0,130,.22,0,0,130,.22,0,0,130,.22,0,0,130,.22,0,0,130,.22,0,0,130,.22,0,0,130,.22,0,0,130,.22,0,0,130,.22
NC_048760.1,Salmonella phage Sepoy  complete genome,114080,416,.36,1299,1.13,1617,1.41,686,.60,1102,.96,49,.04,465,.40,99,.08,515,.45,99,.08,515,.45,99,.08,515,.45,224,.19,640,.56,224,.19,640,.56,0,0,416,.36,0,0,416,.36,0,0,416,.36,0,0,416,.36
NC_048763.1,Salmonella phage SE13  complete genome,52438,178,.33,344,.65,448,.85,196,.37,325,.61,74,.14,178,.33,149,.28,178,.33,0,0,178,.33,149,.28,178,.33,149,.28,178,.33,0,0,178,.33,0,0,178,.33,199,.37,178,.33,0,0,178,.33,199,.37,178,.33
NC_048764.1,Salmonella phage SE4  complete genome,53494,131,.24,344,.64,401,.74,221,.41,352,.65,74,.13,131,.24,99,.18,131,.24,0,0,131,.24,149,.27,131,.24,224,.41,131,.24,0,0,131,.24,224,.41,131,.24,0,0,131,.24,0,0,131,.24,199,.37,131,.24
NC_048781.1,Salmonella phage vB SenS SB13  complete genome,112513,354,.31,1498,1.33,1728,1.53,638,.56,918,.81,98,.08,452,.40,99,.08,453,.40,99,.08,453,.40,248,.22,552,.49,149,.13,503,.44,149,.13,503,.44,0,0,354,.31,0,0,354,.31,0,0,354,.31,0,0,354,.31
NC_048785.1,Salmonella phage SE24  complete genome,114855,401,.34,1888,1.64,2240,1.95,736,.64,1088,.94,49,.04,450,.39,297,.25,599,.52,99,.08,500,.43,99,.08,500,.43,149,.12,550,.47,149,.12,550,.47,0,0,401,.34,0,0,401,.34,0,0,401,.34,0,0,401,.34
NC_048786.1,Salmonella phage SE11  complete genome,107763,221,.20,2110,1.95,2257,2.09,1005,.93,1177,1.09,147,.13,319,.29,347,.32,469,.43,149,.13,370,.34,149,.13,370,.34,149,.13,370,.34,149,.13,370,.34,0,0,221,.20,0,0,221,.20,0,0,221,.20,0,0,221,.20
NC_048794.1,Salmonella virus VSe12  complete genome,109654,460,.41,2628,2.39,2965,2.70,907,.82,1293,1.17,98,.08,558,.50,198,.18,658,.60,0,0,460,.41,0,0,460,.41,0,0,460,.41,0,0,460,.41,0,0,460,.41,0,0,460,.41,0,0,460,.41,0,0,460,.41
NC_048795.1,Salmonella phage Th1  complete genome,110466,214,.19,1743,1.57,1883,1.70,613,.55,827,.74,98,.08,312,.28,446,.40,660,.59,198,.17,412,.37,99,.08,313,.28,224,.20,438,.39,224,.20,438,.39,0,0,214,.19,0,0,214,.19,0,0,214,.19,0,0,214,.19
NC_048809.1,Salmonella phage 2-3  complete genome,114986,461,.40,1619,1.40,2080,1.80,589,.51,1050,.91,49,.04,510,.44,198,.17,659,.57,99,.08,560,.48,99,.08,560,.48,224,.19,685,.59,224,.19,685,.59,0,0,461,.40,0,0,461,.40,0,0,461,.40,0,0,461,.40
NC_048811.1,Salmonella phage 1-29  complete genome,111636,383,.34,1572,1.40,1856,1.66,663,.59,972,.87,74,.06,383,.34,149,.13,383,.34,149,.13,383,.34,149,.13,383,.34,224,.20,383,.34,149,.13,383,.34,224,.20,383,.34,199,.17,383,.34,0,0,383,.34,299,.26,383,.34
NC_048819.1,Salmonella phage 1-19  complete genome,110775,451,.40,1720,1.55,1948,1.75,737,.66,1015,.91,247,.22,525,.47,497,.44,600,.54,397,.35,600,.54,397,.35,550,.49,597,.53,600,.54,149,.13,600,.54,373,.33,451,.40,398,.35,451,.40,0,0,451,.40,398,.35,451,.40
NC_048852.1,Salmonella phage L6jm  complete genome,118452,582,.49,1964,1.65,2374,2.00,662,.55,1244,1.05,196,.16,729,.61,397,.33,979,.82,99,.08,681,.57,99,.08,681,.57,224,.18,806,.68,224,.18,806,.68,0,0,582,.49,0,0,582,.49,0,0,582,.49,0,0,582,.49
NC_048862.1,Salmonella phage astrithr  complete genome,11569,0,0,294,2.54,0,0,0,0,0,0,0,0,0,0,0,0,0,0,0,0,0,0,0,0,0,0,0,0,0,0,0,0,0,0,0,0,0,0,0,0,0,0,0,0,0,0,0,0,0,0
NC_048863.1,Salmonella phage yarpen  complete genome,52464,156,.29,491,.93,548,1.04,196,.37,303,.57,49,.09,156,.29,99,.18,156,.29,0,0,156,.29,99,.18,156,.29,149,.28,156,.29,0,0,156,.29,0,0,156,.29,199,.37,156,.29,0,0,156,.29,0,0,156,.29
NC_048864.1,Salmonella phage birk  complete genome,52767,82,.15,663,1.25,622,1.17,392,.74,376,.71,74,.14,82,.15,149,.28,82,.15,99,.18,82,.15,99,.18,82,.15,224,.42,82,.15,0,0,82,.15,0,0,82,.15,199,.37,82,.15,0,0,82,.15,0,0,82,.15
NC_048865.1,Salmonella phage oldekolle  complete genome,109372,184,.16,2160,1.97,2344,2.14,760,.69,944,.86,147,.13,331,.30,447,.40,631,.57,149,.13,333,.30,149,.13,333,.30,149,.13,333,.30,149,.13,333,.30,0,0,184,.16,0,0,184,.16,0,0,184,.16,0,0,184,.16
NC_048866.1,Salmonella phage bombadil  complete genome,109539,211,.19,1767,1.61,1929,1.76,441,.40,652,.59,0,0,211,.19,149,.13,360,.32,0,0,211,.19,0,0,211,.19,0,0,211,.19,0,0,211,.19,0,0,211,.19,0,0,211,.19,0,0,211,.19,0,0,211,.19
NC_048867.1,Salmonella phage faergetype  complete genome,110183,530,.48,1792,1.62,2075,1.88,737,.66,1119,1.01,172,.15,579,.52,397,.36,629,.57,347,.31,629,.57,248,.22,629,.57,448,.40,754,.68,224,.20,754,.68,224,.20,530,.48,299,.27,530,.48,0,0,530,.48,299,.27,530,.48
NC_048868.1,Salmonella phage rokbiter  complete genome,112006,526,.46,1718,1.53,2170,1.93,760,.67,1163,1.03,98,.08,575,.51,248,.22,625,.55,99,.08,625,.55,248,.22,625,.55,373,.33,750,.66,224,.19,750,.66,149,.13,526,.46,299,.26,526,.46,0,0,526,.46,0,0,526,.46
NC_048869.1,Salmonella phage fuchur  complete genome,112117,352,.31,1522,1.35,1824,1.62,589,.52,891,.79,147,.13,450,.40,347,.30,600,.53,198,.17,451,.40,99,.08,451,.40,224,.19,576,.51,224,.19,576,.51,0,0,352,.31,0,0,352,.31,0,0,352,.31,0,0,352,.31
NC_048870.1,Salmonella phage bastian  complete genome,112477,498,.44,1471,1.30,1920,1.70,539,.47,1037,.92,98,.08,596,.52,198,.17,696,.61,99,.08,597,.53,99,.08,597,.53,224,.19,722,.64,224,.19,722,.64,0,0,498,.44,0,0,498,.44,0,0,498,.44,0,0,498,.44
NC_048871.1,Salmonella phage oselot  complete genome,113503,296,.26,2013,1.77,2309,2.03,786,.69,1082,.95,49,.04,345,.30,198,.17,494,.43,99,.08,395,.34,99,.08,395,.34,149,.13,445,.39,149,.13,445,.39,0,0,296,.26,0,0,296,.26,0,0,296,.26,0,0,296,.26
NC_048872.1,Salmonella phage atrejo  complete genome,114059,491,.43,1202,1.05,1693,1.48,490,.42,981,.86,0,0,491,.43,99,.08,590,.51,0,0,491,.43,0,0,491,.43,0,0,491,.43,0,0,491,.43,0,0,491,.43,0,0,491,.43,0,0,491,.43,0,0,491,.43
NC_049378.1,Salmonella phage ST-W77  complete genome,157458,281,.17,1203,.76,1484,.94,540,.34,821,.52,0,0,281,.17,0,0,281,.17,0,0,281,.17,0,0,281,.17,0,0,281,.17,0,0,281,.17,0,0,281,.17,0,0,281,.17,0,0,281,.17,0,0,281,.17
NC_049382.1,Salmonella phage BSP101  complete genome,157665,483,.30,1375,.87,1756,1.11,491,.31,925,.58,0,0,483,.30,0,0,483,.30,0,0,483,.30,0,0,483,.30,0,0,483,.30,0,0,483,.30,0,0,483,.30,0,0,483,.30,0,0,483,.30,0,0,483,.30
NC_049428.1,Salmonella phage Mutine  complete genome,161502,158,.09,1423,.88,1581,.97,686,.42,844,.52,0,0,158,.09,0,0,158,.09,0,0,158,.09,0,0,158,.09,0,0,158,.09,0,0,158,.09,0,0,158,.09,0,0,158,.09,0,0,158,.09,0,0,158,.09
NC_049437.1,Salmonella phage S118  complete genome,157013,456,.29,1816,1.15,2216,1.41,833,.53,1240,.78,0,0,456,.29,0,0,456,.29,0,0,456,.29,0,0,456,.29,0,0,456,.29,0,0,456,.29,0,0,456,.29,0,0,456,.29,0,0,456,.29,0,0,456,.29
NC_049439.1,Salmonella phage SenASZ3  complete genome,157630,635,.40,1252,.79,1837,1.16,662,.41,1248,.79,0,0,635,.40,0,0,635,.40,0,0,635,.40,0,0,635,.40,0,0,635,.40,0,0,635,.40,0,0,635,.40,0,0,635,.40,0,0,635,.40,0,0,635,.40
NC_049440.1,Salmonella phage SenALZ1  complete genome,154811,391,.25,1474,.95,1813,1.17,539,.34,881,.56,0,0,391,.25,0,0,391,.25,0,0,391,.25,0,0,391,.25,0,0,391,.25,0,0,391,.25,0,0,391,.25,0,0,391,.25,0,0,391,.25,0,0,391,.25
NC_049443.1,UNVERIFIED: Salmonella phage SeSz-1  complete genome,155297,307,.19,1645,1.05,1952,1.25,613,.39,920,.59,49,.03,356,.22,99,.06,406,.26,99,.06,406,.26,0,0,307,.19,0,0,307,.19,0,0,307,.19,0,0,307,.19,0,0,307,.19,0,0,307,.19,0,0,307,.19
NC_049458.1,Salmonella phage SS9  complete genome,156329,306,.19,1449,.92,1706,1.09,662,.42,919,.58,0,0,306,.19,0,0,306,.19,0,0,306,.19,0,0,306,.19,0,0,306,.19,0,0,306,.19,0,0,306,.19,0,0,306,.19,0,0,306,.19,0,0,306,.19
NC_049459.1,Salmonella phage SW9  complete genome,31123,0,0,320,1.02,0,0,197,.63,0,0,0,0,0,0,0,0,0,0,0,0,0,0,0,0,0,0,0,0,0,0,0,0,0,0,0,0,0,0,0,0,0,0,0,0,0,0,0,0,0,0
NC_049460.1,Salmonella phage SI7  complete genome,30164,0,0,49,.16,0,0,49,.16,0,0,0,0,0,0,0,0,0,0,0,0,0,0,0,0,0,0,0,0,0,0,0,0,0,0,0,0,0,0,0,0,0,0,0,0,0,0,0,0,0,0
NC_049495.1,Salmonella phage Se-B  complete genome,158087,217,.13,1401,.88,1618,1.02,613,.38,830,.52,0,0,217,.13,0,0,217,.13,0,0,217,.13,0,0,217,.13,0,0,217,.13,0,0,217,.13,0,0,217,.13,0,0,217,.13,0,0,217,.13,0,0,217,.13
NC_049496.1,Salmonella phage Se-G  complete genome,158892,593,.37,1620,1.01,2163,1.36,589,.37,1133,.71,0,0,593,.37,0,0,593,.37,0,0,593,.37,0,0,593,.37,0,0,593,.37,0,0,593,.37,0,0,593,.37,0,0,593,.37,0,0,593,.37,0,0,593,.37
NC_049497.1,Salmonella phage Se-J  complete genome,160400,334,.20,1423,.88,1757,1.09,760,.47,1094,.68,0,0,334,.20,0,0,334,.20,0,0,334,.20,0,0,334,.20,0,0,334,.20,0,0,334,.20,0,0,334,.20,0,0,334,.20,0,0,334,.20,0,0,334,.20
NC_049499.1,Salmonella phage rabagast  complete genome,143249,232,.16,1375,.95,1602,1.11,687,.47,919,.64,0,0,232,.16,0,0,232,.16,0,0,232,.16,0,0,232,.16,0,0,232,.16,0,0,232,.16,0,0,232,.16,0,0,232,.16,0,0,232,.16,0,0,232,.16
NC_049500.1,Salmonella phage heyday  complete genome,144232,323,.22,1204,.83,1423,.98,540,.37,764,.52,0,0,323,.22,0,0,323,.22,0,0,323,.22,0,0,323,.22,0,0,323,.22,0,0,323,.22,0,0,323,.22,0,0,323,.22,0,0,323,.22,0,0,323,.22
NC_049501.1,Salmonella phage allotria  complete genome,151015,493,.32,1056,.69,1549,1.02,490,.32,983,.65,0,0,493,.32,0,0,493,.32,0,0,493,.32,0,0,493,.32,0,0,493,.32,0,0,493,.32,0,0,493,.32,0,0,493,.32,0,0,493,.32,0,0,493,.32
NC_049502.1,Salmonella phage bering  complete genome,156130,379,.24,1669,1.06,1998,1.27,711,.45,1041,.66,49,.03,379,.24,149,.09,379,.24,99,.06,379,.24,149,.09,379,.24,149,.09,379,.24,0,0,379,.24,0,0,379,.24,299,.19,379,.24,0,0,379,.24,0,0,379,.24
NC_049503.1,Salmonella phage aagejoakim  complete genome,156801,161,.10,1399,.89,1560,.99,540,.34,701,.44,0,0,161,.10,0,0,161,.10,0,0,161,.10,0,0,161,.10,0,0,161,.10,0,0,161,.10,0,0,161,.10,0,0,161,.10,0,0,161,.10,0,0,161,.10
NC_049504.1,Salmonella phage dinky  complete genome,157254,572,.36,1179,.74,1652,1.05,466,.29,989,.62,0,0,572,.36,0,0,572,.36,0,0,572,.36,0,0,572,.36,0,0,572,.36,0,0,572,.36,0,0,572,.36,0,0,572,.36,0,0,572,.36,0,0,572,.36
NC_049505.1,Salmonella phage barely  complete genome,157920,296,.18,1326,.83,1622,1.02,564,.35,860,.54,0,0,296,.18,0,0,296,.18,0,0,296,.18,0,0,296,.18,0,0,296,.18,0,0,296,.18,0,0,296,.18,0,0,296,.18,0,0,296,.18,0,0,296,.18
NC_049506.1,Salmonella phage moki  complete genome,158230,538,.34,1448,.91,1986,1.25,613,.38,1151,.72,0,0,538,.34,0,0,538,.34,0,0,538,.34,0,0,538,.34,0,0,538,.34,0,0,538,.34,0,0,538,.34,0,0,538,.34,0,0,538,.34,0,0,538,.34
NC_049507.1,Salmonella phage pertopsoe  complete genome,158905,468,.29,1277,.80,1745,1.09,491,.30,959,.60,49,.03,517,.32,149,.09,617,.38,0,0,468,.29,0,0,468,.29,0,0,468,.29,0,0,468,.29,0,0,468,.29,0,0,468,.29,0,0,468,.29,0,0,468,.29
NC_049508.1,Salmonella phage maane  complete genome,159128,352,.22,1448,.90,1800,1.13,784,.49,1136,.71,0,0,352,.22,0,0,352,.22,0,0,352,.22,0,0,352,.22,0,0,352,.22,0,0,352,.22,0,0,352,.22,0,0,352,.22,0,0,352,.22,0,0,352,.22
NC_049509.1,Salmonella phage P46FS4  complete genome,158706,163,.10,834,.52,997,.62,466,.29,629,.39,0,0,163,.10,0,0,163,.10,0,0,163,.10,0,0,163,.10,0,0,163,.10,0,0,163,.10,0,0,163,.10,0,0,163,.10,0,0,163,.10,0,0,163,.10
NC_049512.1,Salmonella phage SE14  complete genome,152926,514,.33,1251,.81,1765,1.15,490,.32,1004,.65,0,0,514,.33,0,0,514,.33,0,0,514,.33,0,0,514,.33,0,0,514,.33,0,0,514,.33,0,0,514,.33,0,0,514,.33,0,0,514,.33,0,0,514,.33
NC_049821.1,Salmonella phage slyngel  complete genome,51048,181,.35,589,1.15,721,1.41,147,.28,279,.54,74,.14,255,.49,149,.29,330,.64,0,0,181,.35,99,.19,280,.54,224,.43,405,.79,0,0,181,.35,0,0,181,.35,0,0,181,.35,0,0,181,.35,0,0,181,.35
NC_049850.1,Burkholderia phage BcepSaruman  complete genome,263735,1298,.49,541,.20,1617,.61,615,.23,1617,.61,49,.01,1298,.49,349,.13,1298,.49,448,.16,1298,.49,99,.03,1298,.49,374,.14,1298,.49,523,.19,1441,.54,0,0,1298,.49,0,0,1298,.49,399,.15,1298,.49,0,0,1298,.49
NC_049851.1,Burkholderia phage BcepSauron  complete genome,262653,1381,.52,912,.34,1750,.66,814,.30,1676,.63,172,.06,1381,.52,298,.11,1381,.52,496,.18,1480,.56,198,.07,1381,.52,374,.14,1381,.52,374,.14,1381,.52,0,0,1381,.52,299,.11,1381,.52,499,.18,1381,.52,0,0,1381,.52
NC_052990.1,Salmonella phage Season12  complete genome,59047,128,.21,0,0,128,.21,0,0,128,.21,0,0,128,.21,0,0,128,.21,0,0,128,.21,0,0,128,.21,0,0,128,.21,0,0,128,.21,0,0,128,.21,0,0,128,.21,0,0,128,.21,0,0,128,.21
NC_052993.1,Salmonella phage ER19  complete genome,58344,152,.26,98,.16,201,.34,98,.16,201,.34,0,0,152,.26,0,0,152,.26,0,0,152,.26,0,0,152,.26,0,0,152,.26,0,0,152,.26,0,0,152,.26,0,0,152,.26,0,0,152,.26,0,0,152,.26
NC_052994.1,Salmonella phage BPS1  complete genome,58852,93,.15,172,.29,265,.45,123,.20,216,.36,0,0,93,.15,0,0,93,.15,0,0,93,.15,0,0,93,.15,0,0,93,.15,0,0,93,.15,0,0,93,.15,0,0,93,.15,0,0,93,.15,0,0,93,.15
NC_052995.1,Salmonella phage BPS2  complete genome,58526,93,.15,172,.29,265,.45,123,.21,216,.36,0,0,93,.15,0,0,93,.15,0,0,93,.15,0,0,93,.15,0,0,93,.15,0,0,93,.15,0,0,93,.15,0,0,93,.15,0,0,93,.15,0,0,93,.15
NC_052996.1,Salmonella phage BPS4  complete genome,58529,93,.15,172,.29,265,.45,98,.16,191,.32,0,0,93,.15,0,0,93,.15,0,0,93,.15,0,0,93,.15,0,0,93,.15,0,0,93,.15,0,0,93,.15,0,0,93,.15,0,0,93,.15,0,0,93,.15
NC_052997.1,Salmonella phage ST-118  complete genome,59106,85,.14,0,0,85,.14,0,0,85,.14,0,0,85,.14,0,0,85,.14,0,0,85,.14,0,0,85,.14,0,0,85,.14,0,0,85,.14,0,0,85,.14,0,0,85,.14,0,0,85,.14,0,0,85,.14
NC_052998.1,Salmonella phage ST-374  complete genome,59934,50,.08,98,.16,99,.16,98,.16,99,.16,0,0,50,.08,0,0,50,.08,0,0,50,.08,0,0,50,.08,0,0,50,.08,0,0,50,.08,0,0,50,.08,0,0,50,.08,0,0,50,.08,0,0,50,.08
NC_052999.1,Salmonella phage ER24  complete genome,60438,47,.07,221,.36,268,.44,147,.24,194,.32,0,0,47,.07,0,0,47,.07,0,0,47,.07,0,0,47,.07,0,0,47,.07,0,0,47,.07,0,0,47,.07,0,0,47,.07,0,0,47,.07,0,0,47,.07
NC_053000.1,UNVERIFIED: Salmonella phage SeWh-1  complete genome,59878,95,.15,123,.20,218,.36,123,.20,218,.36,0,0,95,.15,0,0,95,.15,0,0,95,.15,0,0,95,.15,0,0,95,.15,0,0,95,.15,0,0,95,.15,0,0,95,.15,0,0,95,.15,0,0,95,.15
NC_053001.1,UNVERIFIED: Salmonella phage SeZq-1  complete genome,60188,95,.15,98,.16,193,.32,98,.16,193,.32,0,0,95,.15,0,0,95,.15,0,0,95,.15,0,0,95,.15,0,0,95,.15,0,0,95,.15,0,0,95,.15,0,0,95,.15,0,0,95,.15,0,0,95,.15
NC_053003.1,Salmonella phage vB SalS ABTNLsp1  complete genome,58922,103,.17,245,.41,348,.59,147,.24,250,.42,0,0,103,.17,0,0,103,.17,0,0,103,.17,0,0,103,.17,0,0,103,.17,0,0,103,.17,0,0,103,.17,0,0,103,.17,0,0,103,.17,0,0,103,.17
NC_053004.1,Salmonella phage TS13  complete genome,59168,195,.32,98,.16,293,.49,98,.16,293,.49,0,0,195,.32,0,0,195,.32,0,0,195,.32,0,0,195,.32,0,0,195,.32,0,0,195,.32,0,0,195,.32,0,0,195,.32,0,0,195,.32,0,0,195,.32
NC_053006.1,Salmonella phage ER3  complete genome,58971,199,.33,172,.29,371,.62,74,.12,273,.46,0,0,199,.33,0,0,199,.33,0,0,199,.33,0,0,199,.33,0,0,199,.33,0,0,199,.33,0,0,199,.33,0,0,199,.33,0,0,199,.33,0,0,199,.33
NC_053007.1,Salmonella phage ER6  complete genome,58872,98,.16,49,.08,147,.24,49,.08,147,.24,0,0,98,.16,0,0,98,.16,0,0,98,.16,0,0,98,.16,0,0,98,.16,0,0,98,.16,0,0,98,.16,0,0,98,.16,0,0,98,.16,0,0,98,.16
