  ,SFHH005aa,SFHH005aa,SFHH005aa,SFHH005aa,SFHH005aa,SFHH005aa,SFHH005ab,SFHH005ab,SFHH005ab,SFHH005ab,SFHH005ab,SFHH005ab,SFHH005ac,SFHH005ac,SFHH005ac,SFHH005ac,SFHH005ac,SFHH005ac,SFHH005ad,SFHH005ad,SFHH005ad,SFHH005ad,SFHH005ad,SFHH005ad,SFHH005ae,SFHH005ae,SFHH005ae,SFHH005ae,SFHH005ae,SFHH005ae,SFHH005af,SFHH005af,SFHH005af,SFHH005af,SFHH005af,SFHH005af,SFHH005ag,SFHH005ag,SFHH005ag,SFHH005ag,SFHH005ag,SFHH005ag,SFHH005ah,SFHH005ah,SFHH005ah,SFHH005ah,SFHH005ah,SFHH005ah,SFHH005ai,SFHH005ai,SFHH005ai,SFHH005ai,SFHH005ai,SFHH005ai,SFHH005aj,SFHH005aj,SFHH005aj,SFHH005aj,SFHH005aj,SFHH005aj,SFHH005ak,SFHH005ak,SFHH005ak,SFHH005ak,SFHH005ak,SFHH005ak,SFHH005al,SFHH005al,SFHH005al,SFHH005al,SFHH005al,SFHH005al,SFHH005am,SFHH005am,SFHH005am,SFHH005am,SFHH005am,SFHH005am,SFHH005an,SFHH005an,SFHH005an,SFHH005an,SFHH005an,SFHH005an,SFHH005ao,SFHH005ao,SFHH005ao,SFHH005ao,SFHH005ao,SFHH005ao,SFHH005ap,SFHH005ap,SFHH005ap,SFHH005ap,SFHH005ap,SFHH005ap,SFHH005aq,SFHH005aq,SFHH005aq,SFHH005aq,SFHH005aq,SFHH005aq,SFHH005ar,SFHH005ar,SFHH005ar,SFHH005ar,SFHH005ar,SFHH005ar,SFHH005a,SFHH005a,SFHH005a,SFHH005a,SFHH005a,SFHH005a,SFHH005b,SFHH005b,SFHH005b,SFHH005b,SFHH005b,SFHH005b,SFHH005c,SFHH005c,SFHH005c,SFHH005c,SFHH005c,SFHH005c,SFHH005d,SFHH005d,SFHH005d,SFHH005d,SFHH005d,SFHH005d,SFHH005e,SFHH005e,SFHH005e,SFHH005e,SFHH005e,SFHH005e,SFHH005f,SFHH005f,SFHH005f,SFHH005f,SFHH005f,SFHH005f,SFHH005g,SFHH005g,SFHH005g,SFHH005g,SFHH005g,SFHH005g,SFHH005h,SFHH005h,SFHH005h,SFHH005h,SFHH005h,SFHH005h,SFHH005i,SFHH005i,SFHH005i,SFHH005i,SFHH005i,SFHH005i,SFHH005j,SFHH005j,SFHH005j,SFHH005j,SFHH005j,SFHH005j,SFHH005k,SFHH005k,SFHH005k,SFHH005k,SFHH005k,SFHH005k,SFHH005l,SFHH005l,SFHH005l,SFHH005l,SFHH005l,SFHH005l,SFHH005m,SFHH005m,SFHH005m,SFHH005m,SFHH005m,SFHH005m,SFHH005n,SFHH005n,SFHH005n,SFHH005n,SFHH005n,SFHH005n,SFHH005o,SFHH005o,SFHH005o,SFHH005o,SFHH005o,SFHH005o,SFHH005p,SFHH005p,SFHH005p,SFHH005p,SFHH005p,SFHH005p,SFHH005q,SFHH005q,SFHH005q,SFHH005q,SFHH005q,SFHH005q,SFHH005r,SFHH005r,SFHH005r,SFHH005r,SFHH005r,SFHH005r,SFHH005s,SFHH005s,SFHH005s,SFHH005s,SFHH005s,SFHH005s,SFHH005t,SFHH005t,SFHH005t,SFHH005t,SFHH005t,SFHH005t,SFHH005u,SFHH005u,SFHH005u,SFHH005u,SFHH005u,SFHH005u,SFHH005v,SFHH005v,SFHH005v,SFHH005v,SFHH005v,SFHH005v,SFHH005w,SFHH005w,SFHH005w,SFHH005w,SFHH005w,SFHH005w,SFHH005x,SFHH005x,SFHH005x,SFHH005x,SFHH005x,SFHH005x,SFHH005y,SFHH005y,SFHH005y,SFHH005y,SFHH005y,SFHH005y,SFHH005z,SFHH005z,SFHH005z,SFHH005z,SFHH005z,SFHH005z
---,---,---,---,---,---,---,---,---,---,---,---,---,---,---,---,---,---,---,---,---,---,---,---,---,---,---,---,---,---,---,---,---,---,---,---,---,---,---,---,---,---,---,---,---,---,---,---,---,---,---,---,---,---,---,---,---,---,---,---,---,---,---,---,---,---,---,---,---,---,---,---,---,---,---,---,---,---,---,---,---,---,---,---,---,---,---,---,---,---,---,---,---,---,---,---,---,---,---,---,---,---,---,---,---,---,---,---,---,---,---,---,---,---,---,---,---,---,---,---,---,---,---,---,---,---,---,---,---,---,---,---,---,---,---,---,---,---,---,---,---,---,---,---,---,---,---,---,---,---,---,---,---,---,---,---,---,---,---,---,---,---,---,---,---,---,---,---,---,---,---,---,---,---,---,---,---,---,---,---,---,---,---,---,---,---,---,---,---,---,---,---,---,---,---,---,---,---,---,---,---,---,---,---,---,---,---,---,---,---,---,---,---,---,---,---,---,---,---,---,---,---,---,---,---,---,---,---,---,---,---,---,---,---,---,---,---,---,---,---,---,---,---,---,---,---,---,---,---,---,---,---,---,---,---,---,---,---,---,---,---,---,---,---,---
Subject,3_5,3_5,3_5,3_5,3_5,3_5,3_6,3_6,3_6,3_6,3_6,3_6,3_7,3_7,3_7,3_7,3_7,3_7,3_8,3_8,3_8,3_8,3_8,3_8,3_9,3_9,3_9,3_9,3_9,3_9,3_10,3_10,3_10,3_10,3_10,3_10,3_11,3_11,3_11,3_11,3_11,3_11,4_1,4_1,4_1,4_1,4_1,4_1,4_2,4_2,4_2,4_2,4_2,4_2,4_3,4_3,4_3,4_3,4_3,4_3,4_4,4_4,4_4,4_4,4_4,4_4,4_5,4_5,4_5,4_5,4_5,4_5,4_6,4_6,4_6,4_6,4_6,4_6,4_7,4_7,4_7,4_7,4_7,4_7,4_8,4_8,4_8,4_8,4_8,4_8,4_9,4_9,4_9,4_9,4_9,4_9,4_10,4_10,4_10,4_10,4_10,4_10,4_11,4_11,4_11,4_11,4_11,4_11,1_1,1_1,1_1,1_1,1_1,1_1,1_2,1_2,1_2,1_2,1_2,1_2,1_3,1_3,1_3,1_3,1_3,1_3,1_4,1_4,1_4,1_4,1_4,1_4,1_5,1_5,1_5,1_5,1_5,1_5,1_6,1_6,1_6,1_6,1_6,1_6,1_7,1_7,1_7,1_7,1_7,1_7,1_8,1_8,1_8,1_8,1_8,1_8,1_9,1_9,1_9,1_9,1_9,1_9,1_10,1_10,1_10,1_10,1_10,1_10,1_11,1_11,1_11,1_11,1_11,1_11,2_1,2_1,2_1,2_1,2_1,2_1,2_2,2_2,2_2,2_2,2_2,2_2,2_3,2_3,2_3,2_3,2_3,2_3,2_4,2_4,2_4,2_4,2_4,2_4,2_5,2_5,2_5,2_5,2_5,2_5,2_6,2_6,2_6,2_6,2_6,2_6,2_7,2_7,2_7,2_7,2_7,2_7,2_8,2_8,2_8,2_8,2_8,2_8,2_9,2_9,2_9,2_9,2_9,2_9,2_10,2_10,2_10,2_10,2_10,2_10,2_11,2_11,2_11,2_11,2_11,2_11,3_1,3_1,3_1,3_1,3_1,3_1,3_2,3_2,3_2,3_2,3_2,3_2,3_3,3_3,3_3,3_3,3_3,3_3,3_4,3_4,3_4,3_4,3_4,3_4
Lab kit,D-plex,D-plex,D-plex,D-plex,D-plex,D-plex,D-plex,D-plex,D-plex,D-plex,D-plex,D-plex,D-plex,D-plex,D-plex,D-plex,D-plex,D-plex,D-plex,D-plex,D-plex,D-plex,D-plex,D-plex,D-plex,D-plex,D-plex,D-plex,D-plex,D-plex,D-plex,D-plex,D-plex,D-plex,D-plex,D-plex,D-plex,D-plex,D-plex,D-plex,D-plex,D-plex,D-plex,D-plex,D-plex,D-plex,D-plex,D-plex,D-plex,D-plex,D-plex,D-plex,D-plex,D-plex,D-plex,D-plex,D-plex,D-plex,D-plex,D-plex,D-plex,D-plex,D-plex,D-plex,D-plex,D-plex,D-plex,D-plex,D-plex,D-plex,D-plex,D-plex,D-plex,D-plex,D-plex,D-plex,D-plex,D-plex,D-plex,D-plex,D-plex,D-plex,D-plex,D-plex,D-plex,D-plex,D-plex,D-plex,D-plex,D-plex,D-plex,D-plex,D-plex,D-plex,D-plex,D-plex,D-plex,D-plex,D-plex,D-plex,D-plex,D-plex,D-plex,D-plex,D-plex,D-plex,D-plex,D-plex,D-plex,D-plex,D-plex,D-plex,D-plex,D-plex,D-plex,D-plex,D-plex,D-plex,D-plex,D-plex,D-plex,D-plex,D-plex,D-plex,D-plex,D-plex,D-plex,D-plex,D-plex,D-plex,D-plex,D-plex,D-plex,D-plex,D-plex,D-plex,D-plex,D-plex,D-plex,D-plex,D-plex,D-plex,D-plex,D-plex,D-plex,D-plex,D-plex,D-plex,D-plex,D-plex,D-plex,D-plex,D-plex,D-plex,D-plex,D-plex,D-plex,D-plex,D-plex,D-plex,D-plex,D-plex,D-plex,D-plex,D-plex,D-plex,D-plex,D-plex,D-plex,D-plex,D-plex,D-plex,D-plex,D-plex,D-plex,D-plex,D-plex,D-plex,D-plex,D-plex,D-plex,D-plex,D-plex,D-plex,D-plex,D-plex,D-plex,D-plex,D-plex,D-plex,D-plex,D-plex,D-plex,D-plex,D-plex,D-plex,D-plex,D-plex,D-plex,D-plex,D-plex,D-plex,D-plex,D-plex,D-plex,D-plex,D-plex,D-plex,D-plex,D-plex,D-plex,D-plex,D-plex,D-plex,D-plex,D-plex,D-plex,D-plex,D-plex,D-plex,D-plex,D-plex,D-plex,D-plex,D-plex,D-plex,D-plex,D-plex,D-plex,D-plex,D-plex,D-plex,D-plex,D-plex,D-plex,D-plex,D-plex,D-plex,D-plex,D-plex,D-plex,D-plex,D-plex,D-plex,D-plex,D-plex,D-plex,D-plex,D-plex,D-plex,D-plex,D-plex,D-plex,D-plex,D-plex,D-plex,D-plex,D-plex,D-plex,D-plex,D-plex,D-plex,D-plex,D-plex
Trimmer,bbduk1,bbduk2,bbduk3,cutadapt1,cutadapt2,cutadapt3,bbduk1,bbduk2,bbduk3,cutadapt1,cutadapt2,cutadapt3,bbduk1,bbduk2,bbduk3,cutadapt1,cutadapt2,cutadapt3,bbduk1,bbduk2,bbduk3,cutadapt1,cutadapt2,cutadapt3,bbduk1,bbduk2,bbduk3,cutadapt1,cutadapt2,cutadapt3,bbduk1,bbduk2,bbduk3,cutadapt1,cutadapt2,cutadapt3,bbduk1,bbduk2,bbduk3,cutadapt1,cutadapt2,cutadapt3,bbduk1,bbduk2,bbduk3,cutadapt1,cutadapt2,cutadapt3,bbduk1,bbduk2,bbduk3,cutadapt1,cutadapt2,cutadapt3,bbduk1,bbduk2,bbduk3,cutadapt1,cutadapt2,cutadapt3,bbduk1,bbduk2,bbduk3,cutadapt1,cutadapt2,cutadapt3,bbduk1,bbduk2,bbduk3,cutadapt1,cutadapt2,cutadapt3,bbduk1,bbduk2,bbduk3,cutadapt1,cutadapt2,cutadapt3,bbduk1,bbduk2,bbduk3,cutadapt1,cutadapt2,cutadapt3,bbduk1,bbduk2,bbduk3,cutadapt1,cutadapt2,cutadapt3,bbduk1,bbduk2,bbduk3,cutadapt1,cutadapt2,cutadapt3,bbduk1,bbduk2,bbduk3,cutadapt1,cutadapt2,cutadapt3,bbduk1,bbduk2,bbduk3,cutadapt1,cutadapt2,cutadapt3,bbduk1,bbduk2,bbduk3,cutadapt1,cutadapt2,cutadapt3,bbduk1,bbduk2,bbduk3,cutadapt1,cutadapt2,cutadapt3,bbduk1,bbduk2,bbduk3,cutadapt1,cutadapt2,cutadapt3,bbduk1,bbduk2,bbduk3,cutadapt1,cutadapt2,cutadapt3,bbduk1,bbduk2,bbduk3,cutadapt1,cutadapt2,cutadapt3,bbduk1,bbduk2,bbduk3,cutadapt1,cutadapt2,cutadapt3,bbduk1,bbduk2,bbduk3,cutadapt1,cutadapt2,cutadapt3,bbduk1,bbduk2,bbduk3,cutadapt1,cutadapt2,cutadapt3,bbduk1,bbduk2,bbduk3,cutadapt1,cutadapt2,cutadapt3,bbduk1,bbduk2,bbduk3,cutadapt1,cutadapt2,cutadapt3,bbduk1,bbduk2,bbduk3,cutadapt1,cutadapt2,cutadapt3,bbduk1,bbduk2,bbduk3,cutadapt1,cutadapt2,cutadapt3,bbduk1,bbduk2,bbduk3,cutadapt1,cutadapt2,cutadapt3,bbduk1,bbduk2,bbduk3,cutadapt1,cutadapt2,cutadapt3,bbduk1,bbduk2,bbduk3,cutadapt1,cutadapt2,cutadapt3,bbduk1,bbduk2,bbduk3,cutadapt1,cutadapt2,cutadapt3,bbduk1,bbduk2,bbduk3,cutadapt1,cutadapt2,cutadapt3,bbduk1,bbduk2,bbduk3,cutadapt1,cutadapt2,cutadapt3,bbduk1,bbduk2,bbduk3,cutadapt1,cutadapt2,cutadapt3,bbduk1,bbduk2,bbduk3,cutadapt1,cutadapt2,cutadapt3,bbduk1,bbduk2,bbduk3,cutadapt1,cutadapt2,cutadapt3,bbduk1,bbduk2,bbduk3,cutadapt1,cutadapt2,cutadapt3,bbduk1,bbduk2,bbduk3,cutadapt1,cutadapt2,cutadapt3,bbduk1,bbduk2,bbduk3,cutadapt1,cutadapt2,cutadapt3,bbduk1,bbduk2,bbduk3,cutadapt1,cutadapt2,cutadapt3,bbduk1,bbduk2,bbduk3,cutadapt1,cutadapt2,cutadapt3
Raw Read Count,7706323,7706323,7706323,7706323,7706323,7706323,10555114,10555114,10555114,10555114,10555114,10555114,10952810,10952810,10952810,10952810,10952810,10952810,15199567,15199567,15199567,15199567,15199567,15199567,11581885,11581885,11581885,11581885,11581885,11581885,10094714,10094714,10094714,10094714,10094714,10094714,16039740,16039740,16039740,16039740,16039740,16039740,10278745,10278745,10278745,10278745,10278745,10278745,9283590,9283590,9283590,9283590,9283590,9283590,10888095,10888095,10888095,10888095,10888095,10888095,8563219,8563219,8563219,8563219,8563219,8563219,9971742,9971742,9971742,9971742,9971742,9971742,10062593,10062593,10062593,10062593,10062593,10062593,9517041,9517041,9517041,9517041,9517041,9517041,8621768,8621768,8621768,8621768,8621768,8621768,9538332,9538332,9538332,9538332,9538332,9538332,11443471,11443471,11443471,11443471,11443471,11443471,26561996,26561996,26561996,26561996,26561996,26561996,6638059,6638059,6638059,6638059,6638059,6638059,4944342,4944342,4944342,4944342,4944342,4944342,7163147,7163147,7163147,7163147,7163147,7163147,5615248,5615248,5615248,5615248,5615248,5615248,5656794,5656794,5656794,5656794,5656794,5656794,4300432,4300432,4300432,4300432,4300432,4300432,14977284,14977284,14977284,14977284,14977284,14977284,20597730,20597730,20597730,20597730,20597730,20597730,7143729,7143729,7143729,7143729,7143729,7143729,5031729,5031729,5031729,5031729,5031729,5031729,7200644,7200644,7200644,7200644,7200644,7200644,6868769,6868769,6868769,6868769,6868769,6868769,10481781,10481781,10481781,10481781,10481781,10481781,9343503,9343503,9343503,9343503,9343503,9343503,4256754,4256754,4256754,4256754,4256754,4256754,6506072,6506072,6506072,6506072,6506072,6506072,7153863,7153863,7153863,7153863,7153863,7153863,5802099,5802099,5802099,5802099,5802099,5802099,5174665,5174665,5174665,5174665,5174665,5174665,10263895,10263895,10263895,10263895,10263895,10263895,20705343,20705343,20705343,20705343,20705343,20705343,38423097,38423097,38423097,38423097,38423097,38423097,7844787,7844787,7844787,7844787,7844787,7844787,6122104,6122104,6122104,6122104,6122104,6122104,6410347,6410347,6410347,6410347,6410347,6410347,8936774,8936774,8936774,8936774,8936774,8936774
Raw Read Length,201,201,201,201,201,201,201,201,201,201,201,201,201,201,201,201,201,201,201,201,201,201,201,201,201,201,201,201,201,201,201,201,201,201,201,201,201,201,201,201,201,201,201,201,201,201,201,201,201,201,201,201,201,201,201,201,201,201,201,201,201,201,201,201,201,201,201,201,201,201,201,201,201,201,201,201,201,201,201,201,201,201,201,201,201,201,201,201,201,201,201,201,201,201,201,201,201,201,201,201,201,201,201,201,201,201,201,201,201,201,201,201,201,201,201,201,201,201,201,201,201,201,201,201,201,201,201,201,201,201,201,201,201,201,201,201,201,201,201,201,201,201,201,201,201,201,201,201,201,201,201,201,201,201,201,201,201,201,201,201,201,201,201,201,201,201,201,201,201,201,201,201,201,201,201,201,201,201,201,201,201,201,201,201,201,201,201,201,201,201,201,201,201,201,201,201,201,201,201,201,201,201,201,201,201,201,201,201,201,201,201,201,201,201,201,201,201,201,201,201,201,201,201,201,201,201,201,201,201,201,201,201,201,201,201,201,201,201,201,201,201,201,201,201,201,201,201,201,201,201,201,201,201,201,201,201,201,201,201,201,201,201,201,201
Consolidated Read Count,389715,389715,389715,389715,389715,389715,670890,670890,670890,670890,670890,670890,561802,561802,561802,561802,561802,561802,764682,764682,764682,764682,764682,764682,455408,455408,455408,455408,455408,455408,605675,605675,605675,605675,605675,605675,422744,422744,422744,422744,422744,422744,575256,575256,575256,575256,575256,575256,484146,484146,484146,484146,484146,484146,806409,806409,806409,806409,806409,806409,732332,732332,732332,732332,732332,732332,439136,439136,439136,439136,439136,439136,1040513,1040513,1040513,1040513,1040513,1040513,1186696,1186696,1186696,1186696,1186696,1186696,701248,701248,701248,701248,701248,701248,911925,911925,911925,911925,911925,911925,1305633,1305633,1305633,1305633,1305633,1305633,2527489,2527489,2527489,2527489,2527489,2527489,1232940,1232940,1232940,1232940,1232940,1232940,1481574,1481574,1481574,1481574,1481574,1481574,884951,884951,884951,884951,884951,884951,1384690,1384690,1384690,1384690,1384690,1384690,901845,901845,901845,901845,901845,901845,860044,860044,860044,860044,860044,860044,834765,834765,834765,834765,834765,834765,1451063,1451063,1451063,1451063,1451063,1451063,703826,703826,703826,703826,703826,703826,1405558,1405558,1405558,1405558,1405558,1405558,279744,279744,279744,279744,279744,279744,670255,670255,670255,670255,670255,670255,442225,442225,442225,442225,442225,442225,975293,975293,975293,975293,975293,975293,362591,362591,362591,362591,362591,362591,472213,472213,472213,472213,472213,472213,450916,450916,450916,450916,450916,450916,413129,413129,413129,413129,413129,413129,335320,335320,335320,335320,335320,335320,1156441,1156441,1156441,1156441,1156441,1156441,613663,613663,613663,613663,613663,613663,,,,,,,413031,413031,413031,413031,413031,413031,363752,363752,363752,363752,363752,363752,449629,449629,449629,449629,449629,449629,491703,491703,491703,491703,491703,491703
Consolidated Read %,5.05,5.05,5.05,5.05,5.05,5.05,6.35,6.35,6.35,6.35,6.35,6.35,5.12,5.12,5.12,5.12,5.12,5.12,5.03,5.03,5.03,5.03,5.03,5.03,3.93,3.93,3.93,3.93,3.93,3.93,5.99,5.99,5.99,5.99,5.99,5.99,2.63,2.63,2.63,2.63,2.63,2.63,5.59,5.59,5.59,5.59,5.59,5.59,5.21,5.21,5.21,5.21,5.21,5.21,7.40,7.40,7.40,7.40,7.40,7.40,8.55,8.55,8.55,8.55,8.55,8.55,4.40,4.40,4.40,4.40,4.40,4.40,10.34,10.34,10.34,10.34,10.34,10.34,12.46,12.46,12.46,12.46,12.46,12.46,8.13,8.13,8.13,8.13,8.13,8.13,9.56,9.56,9.56,9.56,9.56,9.56,11.40,11.40,11.40,11.40,11.40,11.40,9.51,9.51,9.51,9.51,9.51,9.51,18.57,18.57,18.57,18.57,18.57,18.57,29.96,29.96,29.96,29.96,29.96,29.96,12.35,12.35,12.35,12.35,12.35,12.35,24.65,24.65,24.65,24.65,24.65,24.65,15.94,15.94,15.94,15.94,15.94,15.94,19.99,19.99,19.99,19.99,19.99,19.99,5.57,5.57,5.57,5.57,5.57,5.57,7.04,7.04,7.04,7.04,7.04,7.04,9.85,9.85,9.85,9.85,9.85,9.85,27.93,27.93,27.93,27.93,27.93,27.93,3.88,3.88,3.88,3.88,3.88,3.88,9.75,9.75,9.75,9.75,9.75,9.75,4.21,4.21,4.21,4.21,4.21,4.21,10.43,10.43,10.43,10.43,10.43,10.43,8.51,8.51,8.51,8.51,8.51,8.51,7.25,7.25,7.25,7.25,7.25,7.25,6.30,6.30,6.30,6.30,6.30,6.30,7.12,7.12,7.12,7.12,7.12,7.12,6.48,6.48,6.48,6.48,6.48,6.48,11.26,11.26,11.26,11.26,11.26,11.26,2.96,2.96,2.96,2.96,2.96,2.96,,,,,,,5.26,5.26,5.26,5.26,5.26,5.26,5.94,5.94,5.94,5.94,5.94,5.94,7.01,7.01,7.01,7.01,7.01,7.01,5.50,5.50,5.50,5.50,5.50,5.50
Trimmed Read Count,99564,285676,286024,129407,130588,131045,179563,504557,505369,230022,231712,232549,137484,387043,387596,177501,179014,179703,191131,554936,555894,242305,243922,245056,118410,334411,334908,154313,155850,156452,142086,398215,398671,188504,190247,191350,116563,326908,327359,148944,149979,150549,155667,431641,432337,197809,199096,200013,124016,365710,366231,158567,159615,160243,189355,513699,514243,241742,244184,246008,175864,539163,539894,222545,223940,225051,129022,343698,344129,163014,164435,165131,242715,694611,695544,309503,311937,313537,49963,398761,399027,72120,73679,74306,162238,496476,497233,207505,209284,210492,217689,624354,625462,275626,277092,278779,63308,459280,459671,82324,84489,85820,357166,993595,994859,461170,464512,469059,330841,733521,734216,431523,433297,435442,406611,857667,858200,516501,517361,520144,246865,641449,642139,316283,318063,319563,286026,779437,780310,381727,383117,384800,312423,576231,576535,407952,409121,410940,277876,557927,558267,362814,363758,365214,246690,500445,500805,325481,327952,329950,386757,810467,811010,519700,522470,525344,207860,462826,463237,272011,273718,275266,393022,816097,816755,497926,498786,501395,94589,226041,226247,120992,121722,122067,120423,426904,427340,162649,164095,165352,99434,322536,323103,129013,130470,130998,159363,558603,559313,216724,218285,219334,80000,260339,260704,104069,105367,105888,109819,335742,336124,144055,145603,146445,91479,293447,293799,122437,124001,124776,85857,265861,266218,117188,118388,119206,87519,254313,254699,112081,112992,113401,271178,759427,760477,344415,346708,348854,160516,469943,470655,203922,205250,205844,,,,,,,109312,272655,272969,141998,143081,143643,86189,255657,256011,112894,113909,114412,137884,326813,327106,178069,179321,180038,127797,354151,354643,162836,164138,164632
Trimmed Ave Read Length,34.9853,35.8717,36.0344,52.4444,53.2184,53.8525,35.2555,37.1301,37.5676,53.9808,54.8589,55.5716,36.2277,36.6949,37.0775,59.4443,61.2565,62.9701,36.0699,37.2052,37.6499,56.7583,57.7392,58.4411,35.1529,36.2488,36.5383,53.8668,54.7591,55.5731,34.2296,34.8699,35.0553,53.078,54.6755,56.3566,35.7389,37.0597,37.3094,55.2258,56.0779,56.6341,36.1688,37.0604,37.44,58.0166,59.235,60.2561,36.1467,36.6071,36.8181,56.6263,57.5964,58.3796,36.8869,37.1692,37.4732,66.4668,69.6474,72.9838,35.9028,36.6197,36.8355,55.4322,56.2895,56.8529,36.0196,37.1369,37.4547,56.3929,57.3589,58.2895,35.3982,36.5878,36.9667,54.7556,55.9657,57.0245,34.3914,29.0784,29.3785,54.8141,56.1511,57.905,35.3921,36.4922,36.7907,53.5621,54.3877,54.9532,36.3209,37.6734,38.2446,57.0245,57.9942,58.5421,37.0026,31.5586,31.8724,60.541,61.2413,62.0172,35.1574,36.6597,37.1416,54.2837,55.4325,56.1479,34.7869,37.3782,37.6335,54.6443,56.0538,57.1298,28.8685,36.2328,36.7489,31.3653,31.4195,31.4165,34.5044,36.4323,36.5769,51.1162,52.0943,52.8935,29.2891,33.4266,34.2723,33.7329,33.9467,34.0854,30.3465,35.7089,36.0122,36.9809,37.2569,37.459,31.1267,35.949,36.2078,38.0471,38.3231,38.5265,36.6978,37.6845,37.8715,72.9577,77.7669,82.5,29.9957,34.0361,34.2864,35.9827,36.1827,36.3,34.3227,35.8108,36.0212,53.5786,55.3808,57.1402,30.111,36.2659,36.3238,33.657,33.7579,33.7825,34.4795,36.6257,36.9361,51.1157,51.9668,52.8405,29.8085,32.3014,32.5417,36.7698,36.998,37.2123,35.2888,35.7528,36.1034,53.8158,54.4493,54.9554,29.5508,31.6097,31.754,36.4803,36.7822,37.0076,34.3342,34.8662,35.21,51.253,51.9256,52.4626,34.0385,35.0087,35.1715,49.4858,50.0915,50.6758,33.6341,34.2102,34.5763,48.54,49.1872,49.7904,32.1144,33.4526,33.7467,43.6865,44.1948,44.643,35.318,36.1473,36.4769,54.0988,55.0366,55.7225,35.4086,37.2683,37.5479,54.331,55.4054,56.2381,35.1648,36.9812,37.5111,53.6977,54.5414,55.2473,,,,,,,35.1627,34.8675,35.0536,55.1189,56.6784,58.359,34.16,34.4754,34.7072,49.5438,50.2585,50.9607,36.2766,37.3682,37.5749,63.9435,66.8774,69.7159,36.8295,37.4233,37.6366,61.3215,63.337,65.1575
STAR Aligned to Transcriptome,6486,11067,11017,7040,7294,7295,11683,19699,19581,12712,13078,13067,7981,15518,15356,8678,8947,8950,12574,22221,22039,13553,13922,13927,7677,13066,13018,8247,8543,8550,8951,16466,16396,9640,9912,9893,7882,13208,13200,8241,8546,8541,9831,16900,16711,10044,10333,10347,8292,14615,14532,8571,8899,8890,9655,19253,19099,10375,10586,10552,11552,22365,22318,12590,12866,12876,8215,13456,13344,8071,8374,8378,15808,27763,27495,17484,17704,17712,2633,29727,29665,3281,3470,3469,10808,20834,20750,11872,12131,12112,13973,24811,24579,15607,15859,15868,3911,30065,29856,4437,4646,4645,24228,43916,43267,26102,26482,26481,19486,29062,28780,20306,20365,20328,36239,29000,28011,40239,40250,40244,16001,26075,26080,17234,17282,17261,25276,32051,30998,30741,30778,30775,22764,21284,20911,22266,22333,22292,19734,20725,20388,20585,20629,20609,12083,20858,20736,11630,11823,11702,29264,31662,31370,29982,30063,30056,12040,17535,17410,11813,11856,11834,30985,27621,27214,33675,33704,33708,6855,9789,9716,5892,6142,6136,10346,18590,18477,10542,10741,10745,6893,12449,12310,7471,7817,7822,13151,23856,23842,14050,14109,14103,5658,10795,10730,6043,6266,6273,7445,13513,13507,8299,8566,8566,6245,11833,11760,6771,6994,6997,6257,10826,10775,6772,6976,6974,5922,9930,9824,6253,6494,6490,18157,30254,30128,19615,19918,19911,11361,19157,18948,11899,12271,12270,,,,,,,6339,10920,10897,6277,6492,6467,5709,10336,10353,6017,6246,6243,7827,12597,12512,8322,8525,8496,7703,13744,13618,8198,8486,8478
STAR Aligned to Transcriptome %,6.51,3.87,3.85,5.44,5.58,5.56,6.50,3.90,3.87,5.52,5.64,5.61,5.80,4.00,3.96,4.88,4.99,4.98,6.57,4.00,3.96,5.59,5.70,5.68,6.48,3.90,3.88,5.34,5.48,5.46,6.29,4.13,4.11,5.11,5.21,5.17,6.76,4.04,4.03,5.53,5.69,5.67,6.31,3.91,3.86,5.07,5.18,5.17,6.68,3.99,3.96,5.40,5.57,5.54,5.09,3.74,3.71,4.29,4.33,4.28,6.56,4.14,4.13,5.65,5.74,5.72,6.36,3.91,3.87,4.95,5.09,5.07,6.51,3.99,3.95,5.64,5.67,5.64,5.26,7.45,7.43,4.54,4.70,4.66,6.66,4.19,4.17,5.72,5.79,5.75,6.41,3.97,3.92,5.66,5.72,5.69,6.17,6.54,6.49,5.38,5.49,5.41,6.78,4.41,4.34,5.65,5.70,5.64,5.88,3.96,3.91,4.70,4.70,4.66,8.91,3.38,3.26,7.79,7.77,7.73,6.48,4.06,4.06,5.44,5.43,5.40,8.83,4.11,3.97,8.05,8.03,7.99,7.28,3.69,3.62,5.45,5.45,5.42,7.10,3.71,3.65,5.67,5.67,5.64,4.89,4.16,4.14,3.57,3.60,3.54,7.56,3.90,3.86,5.76,5.75,5.72,5.79,3.78,3.75,4.34,4.33,4.29,7.88,3.38,3.33,6.76,6.75,6.72,7.24,4.33,4.29,4.86,5.04,5.02,8.59,4.35,4.32,6.48,6.54,6.49,6.93,3.85,3.80,5.79,5.99,5.97,8.25,4.27,4.26,6.48,6.46,6.42,7.07,4.14,4.11,5.80,5.94,5.92,6.77,4.02,4.01,5.76,5.88,5.84,6.82,4.03,4.00,5.53,5.64,5.60,7.28,4.07,4.04,5.77,5.89,5.85,6.76,3.90,3.85,5.57,5.74,5.72,6.69,3.98,3.96,5.69,5.74,5.70,7.07,4.07,4.02,5.83,5.97,5.96,,,,,,,5.79,4.00,3.99,4.42,4.53,4.50,6.62,4.04,4.04,5.32,5.48,5.45,5.67,3.85,3.82,4.67,4.75,4.71,6.02,3.88,3.83,5.03,5.17,5.14
STAR Aligned to Genome,47341,127219,125948,56365,56730,56791,91923,239243,233550,111042,111756,111778,75547,189173,185480,92741,93181,93212,97631,263744,257245,118086,118751,118913,58587,153486,150983,69667,70133,70225,71669,186075,183957,86483,86941,87036,57299,151025,148561,67883,68319,68372,82580,206943,202678,99857,100339,100449,61278,168855,166173,73736,74192,74317,120079,262174,258178,151110,151806,151998,87299,253456,249027,105643,106158,106324,67246,161902,158915,80207,80729,80842,127445,331492,323411,155710,156333,156445,23314,194149,190903,33779,34148,34247,79257,231001,226321,95461,96007,96142,111929,297572,289137,136368,136870,137070,30987,209850,206645,39056,39580,39773,181420,479744,465691,220408,221381,221765,171801,353828,347358,205981,206247,206063,172426,324824,307397,193154,193196,193287,119783,303706,299500,141590,141835,141897,125752,346920,327160,153718,153901,154015,123327,208836,203120,127666,127693,127701,109398,209453,204083,118117,118142,118188,177166,305219,303273,226202,226586,226276,149421,308841,303508,154437,154679,154765,103863,215724,213577,120309,120496,120475,155332,297768,288927,169768,169834,169890,47212,104309,102681,53910,54220,54233,51593,198358,196102,57974,58485,58849,48755,145097,141927,59111,59635,59687,70419,251996,250399,80451,80701,80836,37944,118851,116645,44927,45408,45502,53718,153347,151246,64399,64863,64996,42261,127859,125435,49959,50359,50432,37911,114299,112537,44403,44738,44770,42121,114393,112143,49989,50366,50391,142904,363517,356420,173205,173976,174139,79933,220334,213684,95631,96294,96356,,,,,,,60284,132551,131581,71893,72142,72086,38871,110995,109499,45218,45553,45624,85309,173158,170966,105314,105615,105502,70242,171373,168613,85969,86449,86533
STAR Aligned to Genome %,47.54,44.53,44.03,43.55,43.44,43.33,51.19,47.41,46.21,48.27,48.23,48.06,54.94,48.87,47.85,52.24,52.05,51.87,51.08,47.52,46.27,48.73,48.68,48.52,49.47,45.89,45.08,45.14,45.00,44.88,50.44,46.72,46.14,45.87,45.69,45.48,49.15,46.19,45.38,45.57,45.55,45.41,53.04,47.94,46.87,50.48,50.39,50.22,49.41,46.17,45.37,46.50,46.48,46.37,63.41,51.03,50.20,62.50,62.16,61.78,49.64,47.00,46.12,47.47,47.40,47.24,52.11,47.10,46.17,49.20,49.09,48.95,52.50,47.72,46.49,50.30,50.11,49.89,46.66,48.68,47.84,46.83,46.34,46.08,48.85,46.52,45.51,46.00,45.87,45.67,51.41,47.66,46.22,49.47,49.39,49.16,48.94,45.69,44.95,47.44,46.84,46.34,50.79,48.28,46.80,47.79,47.65,47.27,51.92,48.23,47.31,47.73,47.59,47.32,42.40,37.87,35.81,37.39,37.34,37.16,48.52,47.34,46.64,44.76,44.59,44.40,43.96,44.50,41.92,40.26,40.17,40.02,39.47,36.24,35.23,31.29,31.21,31.07,39.36,37.54,36.55,32.55,32.47,32.36,71.81,60.98,60.55,69.49,69.09,68.57,38.63,38.10,37.42,29.71,29.60,29.45,49.96,46.61,46.10,44.22,44.02,43.76,39.52,36.48,35.37,34.09,34.04,33.88,49.91,46.14,45.38,44.55,44.54,44.42,42.84,46.46,45.88,35.64,35.64,35.59,49.03,44.98,43.92,45.81,45.70,45.56,44.18,45.11,44.76,37.12,36.97,36.85,47.43,45.65,44.74,43.17,43.09,42.97,48.91,45.67,44.99,44.70,44.54,44.38,46.19,43.57,42.69,40.80,40.61,40.41,44.15,42.99,42.27,37.89,37.78,37.55,48.12,44.98,44.02,44.60,44.57,44.43,52.69,47.86,46.86,50.28,50.17,49.91,49.79,46.88,45.40,46.89,46.91,46.81,,,,,,,55.14,48.61,48.20,50.62,50.42,50.18,45.09,43.41,42.77,40.05,39.99,39.87,61.87,52.98,52.26,59.14,58.89,58.59,54.96,48.38,47.54,52.79,52.66,52.56
STAR Unaligned,52223,158457,160076,73042,73858,74254,87640,265314,271819,118980,119956,120771,61937,197870,202116,84760,85833,86491,93500,291192,298649,124219,125171,126143,59823,180925,183925,84646,85717,86227,70417,212140,214714,102021,103306,104314,59264,175883,178798,81061,81660,82177,73087,224698,229659,97952,98757,99564,62738,196855,200058,84831,85423,85926,69276,251525,256065,90632,92378,94010,88565,285707,290867,116902,117782,118727,61776,181796,185214,82807,83706,84289,115270,363119,372133,153793,155604,157092,26649,204612,208124,38341,39531,40059,82981,265475,270912,112044,113277,114350,105760,326782,336325,139258,140222,141709,32321,249430,253026,43268,44909,46047,175746,513851,529168,240762,243131,247294,159040,379693,386858,225542,227050,229379,234185,532843,550803,323347,324165,326857,127082,337743,342639,174693,176228,177666,160274,432517,453150,228009,229216,230785,189096,367395,373415,280286,281428,283239,168478,348474,354184,244697,245616,247026,69524,195226,197532,99279,101366,103674,237336,501626,507502,365263,367791,370579,103997,247102,249660,151702,153222,154791,237690,518329,527828,328158,328952,331505,47377,121732,123566,67082,67502,67834,68830,228546,231238,104675,105610,106503,50679,177439,181176,69902,70835,71311,88944,306607,308914,136273,137584,138498,42056,141488,144059,59142,59959,60386,56101,182395,184878,79656,80740,81449,49218,165588,168364,72478,73642,74344,47946,151562,153681,72785,73650,74436,45398,139920,142556,62092,62626,63010,128274,395910,404057,171210,172732,174715,80583,249609,256971,108291,108956,109488,,,,,,,49028,140104,141388,70105,70939,71557,47318,144662,146512,67676,68356,68788,52575,153655,156140,72755,73706,74536,57555,182778,186030,76867,77689,78099
STAR Unaligned %,52.45,55.46,55.96,56.44,56.55,56.66,48.80,52.58,53.78,51.72,51.76,51.93,45.05,51.12,52.14,47.75,47.94,48.12,48.91,52.47,53.72,51.26,51.31,51.47,50.52,54.10,54.91,54.85,54.99,55.11,49.55,53.27,53.85,54.12,54.30,54.51,50.84,53.80,54.61,54.42,54.44,54.58,46.95,52.05,53.12,49.51,49.60,49.77,50.58,53.82,54.62,53.49,53.51,53.62,36.58,48.96,49.79,37.49,37.83,38.21,50.35,52.99,53.87,52.52,52.59,52.75,47.88,52.89,53.82,50.79,50.90,51.04,47.49,52.27,53.50,49.69,49.88,50.10,53.33,51.31,52.15,53.16,53.65,53.91,51.14,53.47,54.48,53.99,54.12,54.32,48.58,52.33,53.77,50.52,50.60,50.83,51.05,54.30,55.04,52.55,53.15,53.65,49.20,51.71,53.19,52.20,52.34,52.72,48.07,51.76,52.68,52.26,52.40,52.67,57.59,62.12,64.18,62.60,62.65,62.83,51.47,52.65,53.35,55.23,55.40,55.59,56.03,55.49,58.07,59.73,59.82,59.97,60.52,63.75,64.76,68.70,68.78,68.92,60.63,62.45,63.44,67.44,67.52,67.63,28.18,39.01,39.44,30.50,30.90,31.42,61.36,61.89,62.57,70.28,70.39,70.54,50.03,53.38,53.89,55.77,55.97,56.23,60.47,63.51,64.62,65.90,65.95,66.11,50.08,53.85,54.61,55.44,55.45,55.57,57.15,53.53,54.11,64.35,64.35,64.40,50.96,55.01,56.07,54.18,54.29,54.43,55.81,54.88,55.23,62.87,63.02,63.14,52.57,54.34,55.25,56.82,56.90,57.02,51.08,54.32,55.00,55.29,55.45,55.61,53.80,56.42,57.30,59.19,59.38,59.58,55.84,57.00,57.72,62.10,62.21,62.44,51.87,55.01,55.97,55.39,55.42,55.56,47.30,52.13,53.13,49.71,49.82,50.08,50.20,53.11,54.59,53.10,53.08,53.18,,,,,,,44.85,51.38,51.79,49.37,49.57,49.81,54.90,56.58,57.22,59.94,60.00,60.12,38.12,47.01,47.73,40.85,41.10,41.40,45.03,51.61,52.45,47.20,47.33,47.43
STAR Unmapped,52223,158457,160076,73042,73858,74254,87640,265314,271819,118980,119956,120771,61937,197870,202116,84760,85833,86491,93500,291192,298649,124219,125171,126143,59823,180925,183925,84646,85717,86227,70417,212140,214714,102021,103306,104314,59264,175883,178798,81061,81660,82177,73087,224698,229659,97952,98757,99564,62738,196855,200058,84831,85423,85926,69276,251525,256065,90632,92378,94010,88565,285707,290867,116902,117782,118727,61776,181796,185214,82807,83706,84289,115270,363119,372133,153793,155604,157092,26649,204612,208124,38341,39531,40059,82981,265475,270912,112044,113277,114350,105760,326782,336325,139258,140222,141709,32321,249430,253026,43268,44909,46047,175746,513851,529168,240762,243131,247294,159040,379693,386858,225542,227050,229379,234185,532843,550803,323347,324165,326857,127082,337743,342639,174693,176228,177666,160274,432517,453150,228009,229216,230785,189096,367395,373415,280286,281428,283239,168478,348474,354184,244697,245616,247026,69524,195226,197532,99279,101366,103674,237336,501626,507502,365263,367791,370579,103997,247102,249660,151702,153222,154791,237690,518329,527828,328158,328952,331505,47377,121732,123566,67082,67502,67834,68830,228546,231238,104675,105610,106503,50679,177439,181176,69902,70835,71311,88944,306607,308914,136273,137584,138498,42056,141488,144059,59142,59959,60386,56101,182395,184878,79656,80740,81449,49218,165588,168364,72478,73642,74344,47946,151562,153681,72785,73650,74436,45398,139920,142556,62092,62626,63010,128274,395910,404057,171210,172732,174715,80583,249609,256971,108291,108956,109488,,,,,,,49028,140104,141388,70105,70939,71557,47318,144662,146512,67676,68356,68788,52575,153655,156140,72755,73706,74536,57555,182778,186030,76867,77689,78099
STAR Unmapped %,52.45,55.46,55.96,56.44,56.55,56.66,48.80,52.58,53.78,51.72,51.76,51.93,45.05,51.12,52.14,47.75,47.94,48.12,48.91,52.47,53.72,51.26,51.31,51.47,50.52,54.10,54.91,54.85,54.99,55.11,49.55,53.27,53.85,54.12,54.30,54.51,50.84,53.80,54.61,54.42,54.44,54.58,46.95,52.05,53.12,49.51,49.60,49.77,50.58,53.82,54.62,53.49,53.51,53.62,36.58,48.96,49.79,37.49,37.83,38.21,50.35,52.99,53.87,52.52,52.59,52.75,47.88,52.89,53.82,50.79,50.90,51.04,47.49,52.27,53.50,49.69,49.88,50.10,53.33,51.31,52.15,53.16,53.65,53.91,51.14,53.47,54.48,53.99,54.12,54.32,48.58,52.33,53.77,50.52,50.60,50.83,51.05,54.30,55.04,52.55,53.15,53.65,49.20,51.71,53.19,52.20,52.34,52.72,48.07,51.76,52.68,52.26,52.40,52.67,57.59,62.12,64.18,62.60,62.65,62.83,51.47,52.65,53.35,55.23,55.40,55.59,56.03,55.49,58.07,59.73,59.82,59.97,60.52,63.75,64.76,68.70,68.78,68.92,60.63,62.45,63.44,67.44,67.52,67.63,28.18,39.01,39.44,30.50,30.90,31.42,61.36,61.89,62.57,70.28,70.39,70.54,50.03,53.38,53.89,55.77,55.97,56.23,60.47,63.51,64.62,65.90,65.95,66.11,50.08,53.85,54.61,55.44,55.45,55.57,57.15,53.53,54.11,64.35,64.35,64.40,50.96,55.01,56.07,54.18,54.29,54.43,55.81,54.88,55.23,62.87,63.02,63.14,52.57,54.34,55.25,56.82,56.90,57.02,51.08,54.32,55.00,55.29,55.45,55.61,53.80,56.42,57.30,59.19,59.38,59.58,55.84,57.00,57.72,62.10,62.21,62.44,51.87,55.01,55.97,55.39,55.42,55.56,47.30,52.13,53.13,49.71,49.82,50.08,50.20,53.11,54.59,53.10,53.08,53.18,,,,,,,44.85,51.38,51.79,49.37,49.57,49.81,54.90,56.58,57.22,59.94,60.00,60.12,38.12,47.01,47.73,40.85,41.10,41.40,45.03,51.61,52.45,47.20,47.33,47.43
Bowtie2 Aligned to hg38 (1),20698,85622,88859,24233,24377,24220,45673,154862,164121,55284,55418,54827,46015,133492,138848,47595,46642,45024,48643,167253,176836,59470,59521,59187,28087,103056,107334,32491,32514,32200,36487,129644,133753,35854,35103,33786,26373,97020,101352,32094,32168,32030,47125,142991,149478,53710,53369,52531,29934,112302,117363,35936,36014,35766,92543,233719,239576,86302,83237,78616,41855,160175,168509,51667,51796,51670,38797,119214,123943,43424,43156,42443,67057,217109,227881,76218,75571,74199,13957,99430,104052,14251,14132,13559,36102,141296,149011,44240,44390,44258,57091,189438,200766,70076,70045,69723,,,,,,,87959,298132,312726,102983,102191,100998,92438,229050,236348,100672,98458,95953,9131,148912,162762,11794,11942,12054,57453,193456,201210,65852,65367,64406,15881,149854,165682,19130,19197,19159,19566,107862,112988,22543,22418,22217,20734,112767,118123,24152,24014,23860,144484,267779,270844,124124,116405,107347,16132,149854,156054,19569,19974,20148,57447,162846,166378,54018,52090,49657,11734,137457,145886,14623,14804,14881,23886,74102,76685,26633,26407,25920,9156,129270,133505,11219,11817,12348,21663,94662,99588,26710,26966,26966,14571,159136,164500,17315,17487,17604,14610,81471,84761,17800,18154,18227,24223,106914,110835,28069,28406,28356,16054,89823,93189,18564,18874,18802,11538,74276,77318,13215,13506,13484,18791,76672,80117,22220,22389,22291,73055,234571,246276,85382,84829,83774,35494,136322,144997,43921,44214,43953,,,,,,,38491,102526,104840,36658,35559,34188,15333,75505,78500,17344,17466,17307,59304,132822,135817,53729,51221,48137,42210,120714,125589,44439,43457,41993
Bowtie2 Aligned to hg38 (1) %,20.78,29.97,31.06,18.72,18.66,18.48,25.43,30.69,32.47,24.03,23.91,23.57,33.46,34.49,35.82,26.81,26.05,25.05,25.45,30.13,31.81,24.54,24.40,24.15,23.72,30.81,32.04,21.05,20.86,20.58,25.67,32.55,33.54,19.02,18.45,17.65,22.62,29.67,30.96,21.54,21.44,21.27,30.27,33.12,34.57,27.15,26.80,26.26,24.13,30.70,32.04,22.66,22.56,22.31,48.87,45.49,46.58,35.70,34.08,31.95,23.79,29.70,31.21,23.21,23.12,22.95,30.07,34.68,36.01,26.63,26.24,25.70,27.62,31.25,32.76,24.62,24.22,23.66,27.93,24.93,26.07,19.76,19.18,18.24,22.25,28.45,29.96,21.31,21.21,21.02,26.22,30.34,32.09,25.42,25.27,25.01,,,,,,,24.62,30.00,31.43,22.33,21.99,21.53,27.94,31.22,32.19,23.32,22.72,22.03,2.24,17.36,18.96,2.28,2.30,2.31,23.27,30.15,31.33,20.82,20.55,20.15,5.55,19.22,21.23,5.01,5.01,4.97,6.26,18.71,19.59,5.52,5.47,5.40,7.46,20.21,21.15,6.65,6.60,6.53,58.56,53.50,54.08,38.13,35.49,32.53,4.17,18.48,19.24,3.76,3.82,3.83,27.63,35.18,35.91,19.85,19.03,18.03,2.98,16.84,17.86,2.93,2.96,2.96,25.25,32.78,33.89,22.01,21.69,21.23,7.60,30.28,31.24,6.89,7.20,7.46,21.78,29.34,30.82,20.70,20.66,20.58,9.14,28.48,29.41,7.98,8.01,8.02,18.26,31.29,32.51,17.10,17.22,17.21,22.05,31.84,32.97,19.48,19.50,19.36,17.54,30.60,31.71,15.16,15.22,15.06,13.43,27.93,29.04,11.27,11.40,11.31,21.47,30.14,31.45,19.82,19.81,19.65,26.93,30.88,32.38,24.79,24.46,24.01,22.11,29.00,30.80,21.53,21.54,21.35,,,,,,,35.21,37.60,38.40,25.81,24.85,23.80,17.78,29.53,30.66,15.36,15.33,15.12,43.01,40.64,41.52,30.17,28.56,26.73,33.02,34.08,35.41,27.29,26.47,25.50
STAR Aligned to mirna,8404,52173,51409,9512,9829,9928,15846,86678,84178,17782,18027,18088,12125,67372,66107,13026,13330,13472,16107,97129,95017,18298,18507,18604,9779,58808,57604,11090,11384,11517,11832,68589,67633,13286,13655,13852,9605,58212,57038,11021,11222,11296,13189,77862,76331,13928,14186,14289,10465,67693,66425,12194,12411,12508,15598,90891,89696,14161,14805,15146,14935,100583,98520,17383,17659,17804,10850,61721,60695,11233,11548,11723,21413,122052,119856,24003,24370,24591,8327,80591,79349,11584,11733,11817,14034,87802,85600,16467,16671,16825,18522,107557,104800,21151,21308,21488,6117,95190,93221,7920,8309,8572,29834,153361,150708,33459,33612,33751,25127,98116,96441,25408,25515,25516,34110,94378,92586,39996,40005,40008,19659,104415,102690,21470,21701,21827,29791,103721,101136,40067,40091,40118,21254,55333,54380,22570,22624,22642,20539,60344,59289,23229,23279,23304,16895,66273,65609,12235,12656,12812,28439,97969,96764,32904,33228,33361,13440,68089,67356,12887,13197,13356,30580,90880,89038,36004,36030,36029,7276,36655,35980,7297,7430,7478,9399,84203,83262,11662,12028,12281,8623,61928,60919,10108,10436,10602,13176,110561,109535,16025,16325,16487,6610,51476,50775,7789,8144,8313,9617,63931,63063,10996,11417,11626,7884,56999,56281,9319,9747,9944,7414,49543,48978,9090,9415,9586,7470,46791,45942,8492,8730,8852,23311,129786,126980,25841,26198,26321,13831,82992,81249,16172,16348,16373,,,,,,,7855,48038,47616,7433,7724,7840,6676,49336,48716,7622,7901,8033,10603,50433,49739,10237,10493,10578,10305,60839,59630,11021,11254,11349
STAR Aligned to mirna %,8.44,18.26,17.97,7.35,7.52,7.57,8.82,17.17,16.65,7.73,7.77,7.77,8.81,17.40,17.05,7.33,7.44,7.49,8.42,17.50,17.09,7.55,7.58,7.59,8.25,17.58,17.19,7.18,7.30,7.36,8.32,17.22,16.96,7.04,7.17,7.23,8.24,17.80,17.42,7.39,7.48,7.50,8.47,18.03,17.65,7.04,7.12,7.14,8.43,18.51,18.13,7.69,7.77,7.80,8.23,17.69,17.44,5.85,6.06,6.15,8.49,18.65,18.24,7.81,7.88,7.91,8.40,17.95,17.63,6.89,7.02,7.09,8.82,17.57,17.23,7.75,7.81,7.84,16.66,20.21,19.88,16.06,15.92,15.90,8.65,17.68,17.21,7.93,7.96,7.99,8.50,17.22,16.75,7.67,7.68,7.70,9.66,20.72,20.27,9.62,9.83,9.98,8.35,15.43,15.14,7.25,7.23,7.19,7.59,13.37,13.13,5.88,5.88,5.85,8.38,11.00,10.78,7.74,7.73,7.69,7.96,16.27,15.99,6.78,6.82,6.83,10.41,13.30,12.96,10.49,10.46,10.42,6.80,9.60,9.43,5.53,5.52,5.50,7.39,10.81,10.62,6.40,6.39,6.38,6.84,13.24,13.10,3.75,3.85,3.88,7.35,12.08,11.93,6.33,6.35,6.35,6.46,14.71,14.54,4.73,4.82,4.85,7.78,11.13,10.90,7.23,7.22,7.18,7.69,16.21,15.90,6.03,6.10,6.12,7.80,19.72,19.48,7.17,7.32,7.42,8.67,19.20,18.85,7.83,7.99,8.09,8.26,19.79,19.58,7.39,7.47,7.51,8.26,19.77,19.47,7.48,7.72,7.85,8.75,19.04,18.76,7.63,7.84,7.93,8.61,19.42,19.15,7.61,7.86,7.96,8.63,18.63,18.39,7.75,7.95,8.04,8.53,18.39,18.03,7.57,7.72,7.80,8.59,17.08,16.69,7.50,7.55,7.54,8.61,17.66,17.26,7.93,7.96,7.95,,,,,,,7.18,17.61,17.44,5.23,5.39,5.45,7.74,19.29,19.02,6.75,6.93,7.02,7.68,15.43,15.20,5.74,5.85,5.87,8.06,17.17,16.81,6.76,6.85,6.89
Bowtie Aligned to mirna,2466,14912,14714,2881,3009,3040,4699,23661,23047,5415,5489,5501,4054,17941,17671,4546,4640,4661,4819,26635,26188,5482,5554,5551,2998,16333,16038,3463,3600,3610,3558,17234,17057,4217,4344,4401,2778,15893,15576,3172,3261,3278,3800,21797,21403,4202,4300,4336,3286,18861,18523,3893,3984,4002,4123,23942,23689,3801,4049,4167,4525,26641,26165,5382,5490,5530,3093,17190,16955,3292,3407,3432,6420,32582,32124,7386,7549,7577,5110,9997,9891,6442,6458,6454,4255,23591,23124,5121,5202,5222,5616,29346,28635,6449,6510,6548,2152,17074,16926,2977,3095,3148,8672,38436,38138,9861,9883,9921,6884,24715,24372,7447,7479,7469,7393,21155,20814,8650,8659,8658,5632,24884,24511,6296,6373,6386,8864,22533,22189,11378,11379,11368,5022,11920,11729,5584,5610,5615,5472,14332,14108,6508,6523,6531,4280,15276,15120,3198,3369,3444,7290,21988,21691,8375,8514,8523,3505,16507,16305,3577,3683,3750,7380,21646,21239,8691,8706,8703,1919,9736,9567,1949,1996,2021,2169,17840,17570,2882,2983,3030,2494,18023,17764,2924,3097,3117,2997,25620,25330,3673,3778,3798,1829,13205,13043,2215,2348,2368,2811,16935,16727,3213,3357,3397,2406,16352,16144,2768,2936,3015,1988,13983,13791,2454,2577,2632,2169,12967,12732,2504,2600,2614,6792,35429,34792,7762,7888,7885,4081,22035,21631,4925,4977,4956,,,,,,,1886,12828,12653,1899,2025,2066,1816,13545,13410,2152,2256,2283,2791,13120,12936,2780,2864,2915,2981,16486,16214,3265,3354,3361
Bowtie Aligned to mirna %,2.47,5.21,5.14,2.22,2.30,2.31,2.61,4.68,4.56,2.35,2.36,2.36,2.94,4.63,4.55,2.56,2.59,2.59,2.52,4.79,4.71,2.26,2.27,2.26,2.53,4.88,4.78,2.24,2.30,2.30,2.50,4.32,4.27,2.23,2.28,2.29,2.38,4.86,4.75,2.12,2.17,2.17,2.44,5.04,4.95,2.12,2.15,2.16,2.64,5.15,5.05,2.45,2.49,2.49,2.17,4.66,4.60,1.57,1.65,1.69,2.57,4.94,4.84,2.41,2.45,2.45,2.39,5.00,4.92,2.01,2.07,2.07,2.64,4.69,4.61,2.38,2.42,2.41,10.22,2.50,2.47,8.93,8.76,8.68,2.62,4.75,4.65,2.46,2.48,2.48,2.57,4.70,4.57,2.33,2.34,2.34,3.39,3.71,3.68,3.61,3.66,3.66,2.42,3.86,3.83,2.13,2.12,2.11,2.08,3.36,3.31,1.72,1.72,1.71,1.81,2.46,2.42,1.67,1.67,1.66,2.28,3.87,3.81,1.99,2.00,1.99,3.09,2.89,2.84,2.98,2.97,2.95,1.60,2.06,2.03,1.36,1.37,1.36,1.96,2.56,2.52,1.79,1.79,1.78,1.73,3.05,3.01,.98,1.02,1.04,1.88,2.71,2.67,1.61,1.62,1.62,1.68,3.56,3.51,1.31,1.34,1.36,1.87,2.65,2.60,1.74,1.74,1.73,2.02,4.30,4.22,1.61,1.63,1.65,1.80,4.17,4.11,1.77,1.81,1.83,2.50,5.58,5.49,2.26,2.37,2.37,1.88,4.58,4.52,1.69,1.73,1.73,2.28,5.07,5.00,2.12,2.22,2.23,2.55,5.04,4.97,2.23,2.30,2.31,2.63,5.57,5.49,2.26,2.36,2.41,2.31,5.25,5.18,2.09,2.17,2.20,2.47,5.09,4.99,2.23,2.30,2.30,2.50,4.66,4.57,2.25,2.27,2.26,2.54,4.68,4.59,2.41,2.42,2.40,,,,,,,1.72,4.70,4.63,1.33,1.41,1.43,2.10,5.29,5.23,1.90,1.98,1.99,2.02,4.01,3.95,1.56,1.59,1.61,2.33,4.65,4.57,2.00,2.04,2.04
Bowtie2 Aligned to mirna,122,188,189,129,127,125,321,502,508,328,323,317,273,428,430,270,268,262,301,520,523,313,316,315,191,282,282,193,191,186,188,299,298,164,169,162,158,265,265,168,166,164,317,493,493,297,302,286,204,300,302,214,213,210,605,878,873,479,479,438,287,501,502,329,331,327,262,404,405,243,238,234,461,694,697,427,429,415,112,159,158,101,106,97,243,402,407,247,248,243,388,603,601,415,409,408,122,184,185,109,107,103,530,844,848,511,514,502,522,754,754,481,484,465,46,78,79,49,50,49,367,544,547,350,357,347,78,128,127,72,70,68,91,131,131,93,93,91,127,178,177,105,101,98,738,925,923,569,559,516,107,149,149,102,105,104,302,429,427,241,240,230,68,92,92,67,68,67,151,233,233,128,130,121,62,98,98,72,71,71,131,224,224,133,136,136,77,136,135,75,73,72,87,155,154,100,102,101,171,259,259,171,169,170,102,172,172,92,93,91,69,120,120,81,82,81,125,204,206,132,133,131,463,709,713,450,450,444,240,383,381,261,260,255,,,,,,,188,272,272,168,167,154,103,157,157,105,107,105,346,478,478,319,317,305,276,397,399,256,244,241
Bowtie2 Aligned to mirna %,.12,.06,.06,.09,.09,.09,.17,.09,.10,.14,.13,.13,.19,.11,.11,.15,.14,.14,.15,.09,.09,.12,.12,.12,.16,.08,.08,.12,.12,.11,.13,.07,.07,.08,.08,.08,.13,.08,.08,.11,.11,.10,.20,.11,.11,.15,.15,.14,.16,.08,.08,.13,.13,.13,.31,.17,.16,.19,.19,.17,.16,.09,.09,.14,.14,.14,.20,.11,.11,.14,.14,.14,.18,.09,.10,.13,.13,.13,.22,.03,.03,.14,.14,.13,.14,.08,.08,.11,.11,.11,.17,.09,.09,.15,.14,.14,.19,.04,.04,.13,.12,.12,.14,.08,.08,.11,.11,.10,.15,.10,.10,.11,.11,.10,.01,0,0,0,0,0,.14,.08,.08,.11,.11,.10,.02,.01,.01,.01,.01,.01,.02,.02,.02,.02,.02,.02,.04,.03,.03,.02,.02,.02,.29,.18,.18,.17,.17,.15,.02,.01,.01,.01,.02,.01,.14,.09,.09,.08,.08,.08,.01,.01,.01,.01,.01,.01,.15,.10,.10,.10,.10,.09,.05,.02,.02,.04,.04,.04,.13,.06,.06,.10,.10,.10,.04,.02,.02,.03,.03,.03,.10,.05,.05,.09,.09,.09,.15,.07,.07,.11,.11,.11,.11,.05,.05,.07,.07,.07,.08,.04,.04,.06,.06,.06,.14,.08,.08,.11,.11,.11,.17,.09,.09,.13,.12,.12,.14,.08,.08,.12,.12,.12,,,,,,,.17,.09,.09,.11,.11,.10,.11,.06,.06,.09,.09,.09,.25,.14,.14,.17,.17,.16,.21,.11,.11,.15,.14,.14
Bowtie2 Aligned to RMSK,12100,64996,67311,15034,15171,15152,27545,114364,120626,34712,34970,34637,26540,95840,99396,29095,28751,27944,28699,122672,128999,37117,37245,37160,16533,77147,80018,20227,20322,20221,21088,96135,98797,21881,21553,21000,15577,72433,75328,20098,20195,20159,28475,104965,109352,33867,33783,33367,17880,83524,87015,22544,22617,22560,56351,173595,177488,54680,53380,50781,24890,119429,125053,32568,32730,32741,23825,89187,92286,27465,27449,27067,40117,158916,165842,47924,47758,47041,8596,70861,73260,9259,9202,8828,21629,104929,109952,27837,28040,28033,33836,138595,146190,43922,44034,43944,10447,115135,118423,12885,13270,13452,51681,214616,223894,63473,63306,62738,53530,155997,160781,61109,60174,58818,5568,108712,117497,7325,7469,7593,34194,141391,146732,40941,40979,40517,9460,108056,117688,11683,11822,11896,11594,78662,81903,13684,13754,13739,12587,83057,86533,14979,14997,14990,81488,173292,175232,73148,69322,64593,9482,112817,116832,12030,12465,12718,32617,117269,119742,32133,31345,30230,7045,100278,105801,8995,9183,9310,14960,55653,57319,17138,17027,16738,5265,107396,110394,6828,7342,7879,12633,71951,75359,16619,16796,16861,8253,126386,130252,10312,10534,10732,8516,64203,66362,11059,11404,11519,14404,82443,85171,17369,17667,17765,9401,70688,72941,11515,11847,11910,6871,58361,60423,8230,8447,8518,11173,58371,60653,13950,14109,14130,43282,170413,178129,53207,53097,52598,21259,101310,107035,27716,27962,27838,,,,,,,21979,72463,74128,21890,21422,20790,8831,57852,59864,10715,10849,10829,33713,90672,92651,32210,30977,29422,24718,87262,90479,27568,27103,26385
Bowtie2 Aligned to RMSK %,12.15,22.75,23.53,11.61,11.61,11.56,15.34,22.66,23.86,15.09,15.09,14.89,19.30,24.76,25.64,16.39,16.06,15.55,15.01,22.10,23.20,15.31,15.26,15.16,13.96,23.06,23.89,13.10,13.03,12.92,14.84,24.14,24.78,11.60,11.32,10.97,13.36,22.15,23.01,13.49,13.46,13.39,18.29,24.31,25.29,17.12,16.96,16.68,14.41,22.83,23.75,14.21,14.16,14.07,29.75,33.79,34.51,22.61,21.86,20.64,14.15,22.15,23.16,14.63,14.61,14.54,18.46,25.94,26.81,16.84,16.69,16.39,16.52,22.87,23.84,15.48,15.31,15.00,17.20,17.77,18.35,12.83,12.48,11.88,13.33,21.13,22.11,13.41,13.39,13.31,15.54,22.19,23.37,15.93,15.89,15.76,16.50,25.06,25.76,15.65,15.70,15.67,14.46,21.59,22.50,13.76,13.62,13.37,16.17,21.26,21.89,14.16,13.88,13.50,1.36,12.67,13.69,1.41,1.44,1.45,13.85,22.04,22.85,12.94,12.88,12.67,3.30,13.86,15.08,3.06,3.08,3.09,3.71,13.65,14.20,3.35,3.36,3.34,4.52,14.88,15.50,4.12,4.12,4.10,33.03,34.62,34.99,22.47,21.13,19.57,2.45,13.91,14.40,2.31,2.38,2.42,15.69,25.33,25.84,11.81,11.45,10.98,1.79,12.28,12.95,1.80,1.84,1.85,15.81,24.62,25.33,14.16,13.98,13.71,4.37,25.15,25.83,4.19,4.47,4.76,12.70,22.30,23.32,12.88,12.87,12.87,5.17,22.62,23.28,4.75,4.82,4.89,10.64,24.66,25.45,10.62,10.82,10.87,13.11,24.55,25.33,12.05,12.13,12.13,10.27,24.08,24.82,9.40,9.55,9.54,8.00,21.95,22.69,7.02,7.13,7.14,12.76,22.95,23.81,12.44,12.48,12.46,15.96,22.43,23.42,15.44,15.31,15.07,13.24,21.55,22.74,13.59,13.62,13.52,,,,,,,20.10,26.57,27.15,15.41,14.97,14.47,10.24,22.62,23.38,9.49,9.52,9.46,24.45,27.74,28.32,18.08,17.27,16.34,19.34,24.63,25.51,16.92,16.51,16.02
Bowtie2 Aligned to phiX,4247,4929,4929,4495,4392,4306,4762,5461,5461,4546,4344,4167,5511,6440,6440,5414,5232,5064,6214,7168,7168,5425,5200,4884,5386,6257,6257,5416,5295,5125,4340,5058,5058,4618,4502,4397,5046,5813,5814,5194,5064,4927,5604,6498,6497,5417,5237,5037,5704,6598,6598,5524,5364,5180,5354,6239,6239,5270,5113,4939,6451,7448,7448,5601,5309,4978,5014,5826,5826,5150,5024,4863,6233,7162,7162,4923,4612,4226,3792,4402,4402,4073,3991,3891,6214,7206,7206,5555,5339,5083,6498,7507,7507,5340,5031,4648,4730,5461,5461,4735,4632,4501,12811,14755,14755,11507,11079,10217,6154,7124,7124,5459,5199,4911,401,473,473,468,460,454,5937,6944,6944,5517,5301,5059,1021,1209,1209,1181,1166,1160,1085,1264,1264,1258,1233,1219,1343,1568,1568,1506,1492,1467,2493,2917,2917,2795,2768,2722,3593,4194,4194,3793,3740,3658,2278,2663,2663,2520,2490,2458,914,1062,1062,1013,996,992,2789,3254,3254,3030,2994,2941,2399,2759,2759,2618,2596,2565,4995,5774,5774,5079,4963,4827,2721,3157,3157,2949,2888,2849,4388,5110,5110,4518,4390,4284,5093,5901,5901,5101,4986,4832,3531,4106,4106,3830,3764,3708,3383,3929,3929,3667,3595,3548,5242,6054,6054,5197,5024,4880,5967,6850,6850,4871,4646,4218,6330,7299,7299,5555,5280,4952,,,,,,,1911,2213,2213,2263,2239,2206,3243,3785,3785,3569,3522,3465,4156,4866,4866,4530,4465,4351,5459,6312,6312,5417,5226,5078
Bowtie2 Aligned to phiX %,4.26,1.72,1.72,3.47,3.36,3.28,2.65,1.08,1.08,1.97,1.87,1.79,4.00,1.66,1.66,3.05,2.92,2.81,3.25,1.29,1.28,2.23,2.13,1.99,4.54,1.87,1.86,3.50,3.39,3.27,3.05,1.27,1.26,2.44,2.36,2.29,4.32,1.77,1.77,3.48,3.37,3.27,3.59,1.50,1.50,2.73,2.63,2.51,4.59,1.80,1.80,3.48,3.36,3.23,2.82,1.21,1.21,2.18,2.09,2.00,3.66,1.38,1.37,2.51,2.37,2.21,3.88,1.69,1.69,3.15,3.05,2.94,2.56,1.03,1.02,1.59,1.47,1.34,7.58,1.10,1.10,5.64,5.41,5.23,3.83,1.45,1.44,2.67,2.55,2.41,2.98,1.20,1.20,1.93,1.81,1.66,7.47,1.18,1.18,5.75,5.48,5.24,3.58,1.48,1.48,2.49,2.38,2.17,1.86,.97,.97,1.26,1.19,1.12,.09,.05,.05,.09,.08,.08,2.40,1.08,1.08,1.74,1.66,1.58,.35,.15,.15,.30,.30,.30,.34,.21,.21,.30,.30,.29,.48,.28,.28,.41,.41,.40,1.01,.58,.58,.85,.84,.82,.92,.51,.51,.72,.71,.69,1.09,.57,.57,.92,.90,.89,.23,.13,.13,.20,.19,.19,2.94,1.43,1.43,2.50,2.45,2.40,1.99,.64,.64,1.60,1.58,1.55,5.02,1.79,1.78,3.93,3.80,3.68,1.70,.56,.56,1.36,1.32,1.29,5.48,1.96,1.96,4.34,4.16,4.04,4.63,1.75,1.75,3.54,3.42,3.29,3.85,1.39,1.39,3.12,3.03,2.97,3.94,1.47,1.47,3.12,3.03,2.97,5.98,2.38,2.37,4.63,4.44,4.30,2.20,.90,.90,1.41,1.34,1.20,3.94,1.55,1.55,2.72,2.57,2.40,,,,,,,1.74,.81,.81,1.59,1.56,1.53,3.76,1.48,1.47,3.16,3.09,3.02,3.01,1.48,1.48,2.54,2.48,2.41,4.27,1.78,1.77,3.32,3.18,3.08
Bowtie2 Aligned to Salmonella,2833,3449,3467,3947,3948,3936,5965,7156,7207,8170,8153,8148,3378,3962,3974,4567,4557,4556,6187,7341,7378,8434,8422,8401,3493,4107,4136,4737,4731,4723,3571,4255,4295,4807,4799,4778,3766,4473,4517,5148,5148,5142,4196,4997,5021,5753,5743,5736,3589,4379,4412,5019,5011,5009,3291,3838,3859,4436,4427,4424,5806,6852,6918,7920,7907,7899,3540,4191,4225,4764,4754,4744,7868,9337,9424,10576,10558,10554,961,1125,1138,1282,1284,1281,5753,6738,6806,7689,7667,7651,7274,8613,8668,9862,9840,9825,1838,2163,2185,2537,2531,2531,12073,14416,14463,16315,16274,16246,9864,12093,12154,13445,13428,13388,23204,26400,26483,30731,30697,30654,8755,10349,10403,11375,11352,11325,13370,15431,15504,17558,17521,17461,14120,16929,16948,18776,18738,18687,12181,14699,14740,16257,16212,16126,1966,2342,2352,2608,2608,2597,17300,20722,20730,22676,22593,22507,6046,7299,7315,7801,7770,7706,23701,27619,27834,31350,31288,31248,2733,3376,3393,3686,3684,3647,4170,4798,4813,5585,5575,5578,3216,3710,3744,4276,4272,4268,4780,5509,5536,6467,6454,6450,2455,2883,2898,3345,3347,3343,3202,3731,3775,4355,4338,4329,2503,2991,2998,3369,3360,3363,2433,2841,2845,3284,3278,3265,2596,3064,3088,3492,3487,3487,9291,10834,10960,12440,12427,12416,5801,6828,6874,7897,7883,7881,,,,,,,1844,2262,2264,2517,2517,2494,2353,2874,2891,3238,3234,3228,2448,2860,2889,3277,3272,3267,3459,4096,4139,4729,4725,4717
Bowtie2 Aligned to Salmonella %,2.84,1.20,1.21,3.05,3.02,3.00,3.32,1.41,1.42,3.55,3.51,3.50,2.45,1.02,1.02,2.57,2.54,2.53,3.23,1.32,1.32,3.48,3.45,3.42,2.94,1.22,1.23,3.06,3.03,3.01,2.51,1.06,1.07,2.55,2.52,2.49,3.23,1.36,1.37,3.45,3.43,3.41,2.69,1.15,1.16,2.90,2.88,2.86,2.89,1.19,1.20,3.16,3.13,3.12,1.73,.74,.75,1.83,1.81,1.79,3.30,1.27,1.28,3.55,3.53,3.50,2.74,1.21,1.22,2.92,2.89,2.87,3.24,1.34,1.35,3.41,3.38,3.36,1.92,.28,.28,1.77,1.74,1.72,3.54,1.35,1.36,3.70,3.66,3.63,3.34,1.37,1.38,3.57,3.55,3.52,2.90,.47,.47,3.08,2.99,2.94,3.38,1.45,1.45,3.53,3.50,3.46,2.98,1.64,1.65,3.11,3.09,3.07,5.70,3.07,3.08,5.94,5.93,5.89,3.54,1.61,1.62,3.59,3.56,3.54,4.67,1.97,1.98,4.59,4.57,4.53,4.51,2.93,2.93,4.60,4.58,4.54,4.38,2.63,2.64,4.48,4.45,4.41,.79,.46,.46,.80,.79,.78,4.47,2.55,2.55,4.36,4.32,4.28,2.90,1.57,1.57,2.86,2.83,2.79,6.03,3.38,3.40,6.29,6.27,6.23,2.88,1.49,1.49,3.04,3.02,2.98,3.46,1.12,1.12,3.43,3.39,3.37,3.23,1.15,1.15,3.31,3.27,3.25,2.99,.98,.98,2.98,2.95,2.94,3.06,1.10,1.11,3.21,3.17,3.15,2.91,1.11,1.12,3.02,2.97,2.95,2.73,1.01,1.02,2.75,2.70,2.69,2.83,1.06,1.06,2.80,2.76,2.73,2.96,1.20,1.21,3.11,3.08,3.07,3.42,1.42,1.44,3.61,3.58,3.55,3.61,1.45,1.46,3.87,3.84,3.82,,,,,,,1.68,.82,.82,1.77,1.75,1.73,2.73,1.12,1.12,2.86,2.83,2.82,1.77,.87,.88,1.84,1.82,1.81,2.70,1.15,1.16,2.90,2.87,2.86
Bowtie2 Aligned to masked Salmonella,922,1033,1038,1178,1180,1179,1911,2163,2178,2466,2459,2464,1070,1186,1184,1370,1369,1368,1954,2207,2210,2545,2537,2533,1090,1195,1195,1375,1371,1368,1145,1268,1278,1419,1410,1406,1188,1325,1341,1504,1506,1504,1279,1474,1478,1677,1673,1673,1168,1336,1339,1513,1509,1506,1017,1141,1145,1336,1332,1331,1899,2114,2118,2442,2439,2433,1064,1212,1214,1355,1347,1342,2532,2793,2814,3209,3204,3200,316,348,349,393,394,393,1784,2008,2022,2273,2265,2262,2324,2588,2590,2952,2943,2943,564,619,621,734,731,730,3782,4328,4340,4934,4906,4900,3064,3528,3548,3942,3945,3927,7064,7655,7668,8944,8934,8925,2709,3107,3107,3367,3354,3337,4298,4716,4733,5307,5295,5284,4379,4940,4950,5414,5398,5375,3609,4150,4157,4583,4558,4549,616,700,702,744,740,739,5217,5986,5987,6452,6428,6408,1885,2171,2172,2267,2255,2237,7395,8410,8459,9527,9508,9495,813,952,953,1033,1034,1023,1277,1435,1439,1603,1596,1600,987,1094,1101,1268,1267,1273,1342,1546,1551,1773,1773,1770,806,844,849,999,999,997,1020,1130,1141,1282,1274,1275,788,894,893,981,973,977,797,876,875,982,976,975,820,915,920,1037,1034,1034,2839,3169,3200,3658,3652,3653,1879,2127,2133,2428,2420,2422,,,,,,,550,644,641,713,708,703,752,890,893,962,964,965,809,888,893,1033,1032,1030,1111,1251,1254,1411,1408,1407
Bowtie2 Aligned to masked Salmonella %,.92,.36,.36,.91,.90,.89,1.06,.42,.43,1.07,1.06,1.05,.77,.30,.30,.77,.76,.76,1.02,.39,.39,1.05,1.04,1.03,.92,.35,.35,.89,.87,.87,.80,.31,.32,.75,.74,.73,1.01,.40,.40,1.00,1.00,.99,.82,.34,.34,.84,.84,.83,.94,.36,.36,.95,.94,.93,.53,.22,.22,.55,.54,.54,1.07,.39,.39,1.09,1.08,1.08,.82,.35,.35,.83,.81,.81,1.04,.40,.40,1.03,1.02,1.02,.63,.08,.08,.54,.53,.52,1.09,.40,.40,1.09,1.08,1.07,1.06,.41,.41,1.07,1.06,1.05,.89,.13,.13,.89,.86,.85,1.05,.43,.43,1.06,1.05,1.04,.92,.48,.48,.91,.91,.90,1.73,.89,.89,1.73,1.72,1.71,1.09,.48,.48,1.06,1.05,1.04,1.50,.60,.60,1.39,1.38,1.37,1.40,.85,.85,1.32,1.31,1.30,1.29,.74,.74,1.26,1.25,1.24,.24,.13,.14,.22,.22,.22,1.34,.73,.73,1.24,1.23,1.21,.90,.46,.46,.83,.82,.81,1.88,1.03,1.03,1.91,1.90,1.89,.85,.42,.42,.85,.84,.83,1.06,.33,.33,.98,.97,.96,.99,.33,.34,.98,.97,.97,.84,.27,.27,.81,.81,.80,1.00,.32,.32,.95,.94,.94,.92,.33,.33,.88,.87,.87,.86,.30,.30,.80,.78,.78,.92,.32,.32,.83,.82,.81,.93,.35,.36,.92,.91,.91,1.04,.41,.42,1.06,1.05,1.04,1.17,.45,.45,1.19,1.17,1.17,,,,,,,.50,.23,.23,.50,.49,.48,.87,.34,.34,.85,.84,.84,.58,.27,.27,.58,.57,.57,.86,.35,.35,.86,.85,.85
Bowtie2 Aligned to Burkholderia,22087,22634,22793,26383,26345,26297,43095,44350,44747,51280,51205,51125,25209,25567,25699,29854,29825,29796,44260,45379,45699,52562,52508,52450,25779,26341,26552,30606,30567,30521,27810,28406,28576,32654,32585,32486,28142,28948,29175,33458,33434,33400,30742,31578,31765,36543,36490,36447,27135,27880,28170,32191,32160,32114,23555,24088,24193,28045,28014,27992,41518,42566,43012,49437,49375,49327,25333,26102,26284,30039,29989,29957,55674,57115,57521,66032,65970,65905,7211,7217,7309,8515,8514,8502,41454,42478,42963,48925,48849,48773,52914,54181,54459,62373,62280,62214,12943,13240,13373,15476,15470,15457,85340,88027,88353,101439,101246,101114,72585,76674,77060,86028,85876,85673,154540,158743,159438,185656,185542,185366,62197,64911,65367,72546,72431,72332,93414,95833,96164,110507,110306,110053,102032,107846,108033,121186,121088,120763,87240,92297,92568,102949,102791,102452,15014,15390,15413,17593,17572,17516,125131,132670,132798,147189,146946,146643,44320,47273,47320,50603,50410,50165,157349,163929,165262,187694,187463,187258,20877,22126,22166,24226,24177,24080,28721,29578,29659,34938,34923,34894,23682,23922,24055,28045,28016,27995,32787,33514,33658,39786,39745,39716,18095,18499,18574,21707,21688,21672,24172,24450,24679,28677,28647,28615,20241,20560,20603,23921,23905,23862,19957,19896,19987,23543,23525,23453,19058,19405,19521,22610,22593,22568,64691,66353,67002,76894,76836,76745,41070,42052,42264,48716,48658,48609,,,,,,,15500,16061,16098,18162,18142,18035,18444,18926,19034,21860,21822,21785,18752,19028,19153,22297,22275,22239,25147,25692,25977,29846,29818,29783
Bowtie2 Aligned to Burkholderia %,22.18,7.92,7.96,20.38,20.17,20.06,23.99,8.78,8.85,22.29,22.09,21.98,18.33,6.60,6.63,16.81,16.66,16.58,23.15,8.17,8.22,21.69,21.52,21.40,21.77,7.87,7.92,19.83,19.61,19.50,19.57,7.13,7.16,17.32,17.12,16.97,24.14,8.85,8.91,22.46,22.29,22.18,19.74,7.31,7.34,18.47,18.32,18.22,21.88,7.62,7.69,20.30,20.14,20.04,12.43,4.68,4.70,11.60,11.47,11.37,23.60,7.89,7.96,22.21,22.04,21.91,19.63,7.59,7.63,18.42,18.23,18.14,22.93,8.22,8.26,21.33,21.14,21.01,14.43,1.80,1.83,11.80,11.55,11.44,25.55,8.55,8.64,23.57,23.34,23.17,24.30,8.67,8.70,22.62,22.47,22.31,20.44,2.88,2.90,18.79,18.31,18.01,23.89,8.85,8.88,21.99,21.79,21.55,21.93,10.45,10.49,19.93,19.81,19.67,38.00,18.50,18.57,35.94,35.86,35.63,25.19,10.11,10.17,22.93,22.77,22.63,32.65,12.29,12.32,28.94,28.79,28.60,32.65,18.71,18.73,29.70,29.59,29.38,31.39,16.54,16.58,28.37,28.25,28.05,6.08,3.07,3.07,5.40,5.35,5.30,32.35,16.36,16.37,28.32,28.12,27.91,21.32,10.21,10.21,18.60,18.41,18.22,40.03,20.08,20.23,37.69,37.58,37.34,22.07,9.78,9.79,20.02,19.86,19.72,23.85,6.92,6.94,21.48,21.28,21.10,23.81,7.41,7.44,21.73,21.47,21.37,20.57,5.99,6.01,18.35,18.20,18.10,22.61,7.10,7.12,20.85,20.58,20.46,22.01,7.28,7.34,19.90,19.67,19.53,22.12,7.00,7.01,19.53,19.27,19.12,23.24,7.48,7.50,20.08,19.87,19.67,21.77,7.63,7.66,20.17,19.99,19.90,23.85,8.73,8.81,22.32,22.16,21.99,25.58,8.94,8.97,23.88,23.70,23.61,,,,,,,14.17,5.89,5.89,12.79,12.67,12.55,21.39,7.40,7.43,19.36,19.15,19.04,13.59,5.82,5.85,12.52,12.42,12.35,19.67,7.25,7.32,18.32,18.16,18.09
Bowtie2 Aligned to masked Burkholderia,14993,14830,14936,17479,17453,17426,28649,28507,28732,33348,33295,33244,17178,16888,16953,19908,19883,19859,29854,29710,29873,34803,34758,34721,17572,17367,17490,20365,20337,20303,18867,18572,18660,21665,21609,21531,18851,18829,18961,21966,21948,21924,20724,20593,20690,24054,24018,23985,18372,18275,18455,21271,21247,21209,15996,15888,15943,18701,18684,18669,27875,27663,27924,32467,32431,32396,16768,16760,16873,19445,19402,19382,37211,36998,37207,43225,43191,43139,4995,4847,4898,5788,5782,5774,27950,27721,27999,32300,32257,32200,35605,35343,35468,41111,41051,40993,8600,8501,8574,10048,10050,10039,56605,56534,56690,66034,65927,65831,46387,47696,47922,54303,54197,54030,96760,96895,97248,114316,114229,114119,40330,40921,41185,46109,46035,45944,61242,61091,61257,71116,70996,70815,63300,65413,65509,73955,73888,73641,54269,56040,56190,63002,62876,62664,10081,9966,9975,11576,11555,11517,78124,80630,80713,90318,90217,89962,28248,29301,29323,31553,31405,31213,99348,101021,101778,116754,116618,116452,12872,13317,13337,14790,14761,14702,18279,18198,18255,21662,21656,21633,16129,15804,15873,18774,18755,18743,21016,20714,20797,24794,24778,24748,12035,11914,11958,14081,14069,14058,16588,16196,16329,19155,19138,19120,13934,13669,13686,16056,16039,15998,13863,13352,13403,15945,15946,15889,12796,12561,12624,14836,14827,14806,42902,42543,42931,50029,49983,49922,27222,27003,27115,31631,31593,31558,,,,,,,10391,10400,10413,11846,11822,11750,12407,12310,12373,14309,14281,14251,12765,12521,12603,14951,14937,14908,17062,16852,16983,19755,19732,19710
Bowtie2 Aligned to masked Burkholderia %,15.05,5.19,5.22,13.50,13.36,13.29,15.95,5.64,5.68,14.49,14.36,14.29,12.49,4.36,4.37,11.21,11.10,11.05,15.61,5.35,5.37,14.36,14.24,14.16,14.83,5.19,5.22,13.19,13.04,12.97,13.27,4.66,4.68,11.49,11.35,11.25,16.17,5.75,5.79,14.74,14.63,14.56,13.31,4.77,4.78,12.16,12.06,11.99,14.81,4.99,5.03,13.41,13.31,13.23,8.44,3.09,3.10,7.73,7.65,7.58,15.85,5.13,5.17,14.58,14.48,14.39,12.99,4.87,4.90,11.92,11.79,11.73,15.33,5.32,5.34,13.96,13.84,13.75,9.99,1.21,1.22,8.02,7.84,7.77,17.22,5.58,5.63,15.56,15.41,15.29,16.35,5.66,5.67,14.91,14.81,14.70,13.58,1.85,1.86,12.20,11.89,11.69,15.84,5.68,5.69,14.31,14.19,14.03,14.02,6.50,6.52,12.58,12.50,12.40,23.79,11.29,11.33,22.13,22.07,21.93,16.33,6.37,6.41,14.57,14.47,14.37,21.41,7.83,7.85,18.63,18.53,18.40,20.26,11.35,11.36,18.12,18.06,17.92,19.52,10.04,10.06,17.36,17.28,17.15,4.08,1.99,1.99,3.55,3.52,3.49,20.19,9.94,9.95,17.37,17.26,17.12,13.58,6.33,6.33,11.59,11.47,11.33,25.27,12.37,12.46,23.44,23.38,23.22,13.60,5.89,5.89,12.22,12.12,12.04,15.17,4.26,4.27,13.31,13.19,13.08,16.22,4.89,4.91,14.55,14.37,14.30,13.18,3.70,3.71,11.44,11.35,11.28,15.04,4.57,4.58,13.53,13.35,13.27,15.10,4.82,4.85,13.29,13.14,13.05,15.23,4.65,4.65,13.11,12.93,12.82,16.14,5.02,5.03,13.60,13.46,13.32,14.62,4.93,4.95,13.23,13.12,13.05,15.82,5.60,5.64,14.52,14.41,14.31,16.95,5.74,5.76,15.51,15.39,15.33,,,,,,,9.50,3.81,3.81,8.34,8.26,8.18,14.39,4.81,4.83,12.67,12.53,12.45,9.25,3.83,3.85,8.39,8.32,8.28,13.35,4.75,4.78,12.13,12.02,11.97
Bowtie2 Aligned to mRNA_Prot,5839,43022,44364,7159,7461,7514,13354,72591,76368,16763,17236,17050,11796,59255,61415,13450,13636,13410,13585,77459,81248,17564,17924,17922,7861,50302,51978,9603,9937,9967,9406,61741,63415,10037,10330,10292,7459,46541,48405,9492,9785,9818,13751,66418,69028,16235,16518,16396,8607,52650,54740,10762,11093,11124,25628,115469,117878,25857,26044,25075,11985,76494,80082,15690,15997,16083,11590,57846,59750,13436,13705,13591,18966,99090,103352,22882,23151,22884,4429,52205,54646,4828,4930,4750,10535,67802,70988,13589,13927,13932,16126,87244,91803,20834,21153,21175,,,,,,,23832,130661,136397,29591,29933,29737,22911,84729,87728,26556,26411,25870,2820,59204,63043,3536,3683,3814,16084,87620,90908,19299,19491,19393,4470,61632,66261,5401,5581,5693,5087,46141,47687,5826,6027,6158,6356,49222,50964,7435,7551,7628,31523,90778,92069,29894,29199,27608,4825,68126,70196,5996,6435,6712,13795,72366,73692,14140,14240,14011,3584,56470,59588,4366,4555,4705,7421,34876,35873,8234,8349,8274,2717,79275,80854,3335,3920,4451,6157,47004,49035,7899,8262,8351,3809,81930,84109,4750,5040,5252,4139,44543,45841,5222,5650,5803,7116,56004,57722,8415,8921,9094,4647,48772,50166,5535,5969,6141,3529,40068,41268,4139,4464,4587,5542,38319,39716,6839,7158,7214,20237,105774,110725,25109,25461,25289,10452,64363,67727,13297,13663,13588,,,,,,,9435,42397,43318,9438,9525,9442,4229,37962,39209,5060,5362,5437,14258,52142,53367,14424,14274,13779,10932,53327,55345,12544,12719,12520
Bowtie2 Aligned to mRNA_Prot %,5.86,15.05,15.51,5.53,5.71,5.73,7.43,14.38,15.11,7.28,7.43,7.33,8.57,15.30,15.84,7.57,7.61,7.46,7.10,13.95,14.61,7.24,7.34,7.31,6.63,15.04,15.52,6.22,6.37,6.37,6.61,15.50,15.90,5.32,5.42,5.37,6.39,14.23,14.78,6.37,6.52,6.52,8.83,15.38,15.96,8.20,8.29,8.19,6.94,14.39,14.94,6.78,6.94,6.94,13.53,22.47,22.92,10.69,10.66,10.19,6.81,14.18,14.83,7.05,7.14,7.14,8.98,16.83,17.36,8.24,8.33,8.23,7.81,14.26,14.85,7.39,7.42,7.29,8.86,13.09,13.69,6.69,6.69,6.39,6.49,13.65,14.27,6.54,6.65,6.61,7.40,13.97,14.67,7.55,7.63,7.59,,,,,,,6.67,13.15,13.71,6.41,6.44,6.33,6.92,11.55,11.94,6.15,6.09,5.94,.69,6.90,7.34,.68,.71,.73,6.51,13.65,14.15,6.10,6.12,6.06,1.56,7.90,8.49,1.41,1.45,1.47,1.62,8.00,8.27,1.42,1.47,1.49,2.28,8.82,9.12,2.04,2.07,2.08,12.77,18.13,18.38,9.18,8.90,8.36,1.24,8.40,8.65,1.15,1.23,1.27,6.63,15.63,15.90,5.19,5.20,5.08,.91,6.91,7.29,.87,.91,.93,7.84,15.42,15.85,6.80,6.85,6.77,2.25,18.56,18.92,2.05,2.38,2.69,6.19,14.57,15.17,6.12,6.33,6.37,2.39,14.66,15.03,2.19,2.30,2.39,5.17,17.10,17.58,5.01,5.36,5.48,6.47,16.68,17.17,5.84,6.12,6.20,5.07,16.62,17.07,4.52,4.81,4.92,4.11,15.07,15.50,3.53,3.77,3.84,6.33,15.06,15.59,6.10,6.33,6.36,7.46,13.92,14.55,7.29,7.34,7.24,6.51,13.69,14.38,6.52,6.65,6.60,,,,,,,8.63,15.54,15.86,6.64,6.65,6.57,4.90,14.84,15.31,4.48,4.70,4.75,10.34,15.95,16.31,8.10,7.96,7.65,8.55,15.05,15.60,7.70,7.74,7.60
