  ,Paired Raw R1 Read Count,hg38 unaligned Count,hg38 unaligned Count,RMHM viral aligned Count,RMHM viral q20 l20 aligned Count,RMHM viral q20 l30 aligned Count,RMHM viral q20 l40 aligned Count,RMHM viral q20 l50 aligned Count,RMHM viral q25 l20 aligned Count,RMHM viral q25 l30 aligned Count,RMHM viral q25 l40 aligned Count,RMHM viral q25 l50 aligned Count,RMHM viral q30 l20 aligned Count,RMHM viral q30 l30 aligned Count,RMHM viral q30 l40 aligned Count,RMHM viral q30 l50 aligned Count
02-0047-01A-01R-1849-01+1,57273471,1894153,73108,375087,3112,43,13,11,1765,15,11,9,1760,11,11,9
02-0047-01A-01R-1849-01+2,39763747,1191020,47570,231778,1616,27,12,11,985,13,10,9,981,10,10,9
02-0055-01A-01R-1849-01+1,61180879,1593663,60441,388918,39542,35050,34903,34833,2719,53,18,16,2712,48,18,16
02-0055-01A-01R-1849-01+2,39650254,972266,37830,276252,33567,31205,31114,31049,1660,43,16,14,1656,41,16,14
02-2483-01A-01R-1849-01+1,44460963,1006455,43032,152387,4794,120,45,43,3721,27,19,19,3714,20,19,19
02-2483-01A-01R-1849-01+2,68928400,1708288,69202,256871,7540,178,57,53,5148,40,20,19,5130,24,20,19
02-2485-01A-01R-1849-01+1,60776178,1941813,66003,271448,19361,103,38,36,16606,33,13,13,16594,23,13,13
02-2485-01A-01R-1849-01+2,41304326,1354201,45373,179214,16781,63,30,28,15146,23,13,13,15142,19,13,13
02-2486-01A-01R-1849-01+1,35970074,1501674,44382,466776,53847,2425,21,19,23037,279,5,5,22977,226,5,5
02-2486-01A-01R-1849-01+2,57718395,2100280,68993,565624,57453,2490,32,29,24652,292,7,7,24582,231,7,7
06-0125-01A-01R-1849-01+1,48672864,995479,44058,112285,3901,24,5,3,2981,6,3,2,2976,4,3,2
06-0125-01A-01R-1849-01+2,70452723,1709517,70400,230960,6217,57,7,5,4186,12,5,4,4177,7,5,4
06-0125-02A-11R-2005-01+1,42167813,1046366,39221,242154,33372,37,13,10,31567,13,8,5,31562,9,8,5
06-0125-02A-11R-2005-01+2,62386886,1660298,59431,357723,36432,60,14,11,33477,19,9,6,33467,11,9,6
06-0129-01A-01R-1849-01+1,72932103,2270080,90315,331974,15048,59,7,5,12678,18,7,5,12666,10,7,5
06-0129-01A-01R-1849-01+2,51557783,1515025,61715,207327,12426,34,5,3,11212,11,5,3,11203,6,5,3
06-0130-01A-01R-1849-01+1,62493716,1860359,70981,338809,13438,58,14,13,9441,25,9,8,9427,14,9,8
06-0130-01A-01R-1849-01+2,41914083,1202001,47484,217174,,,,,,,,,,,,
06-0132-01A-02R-1849-01+1,37628389,1076254,40459,227004,,,,,,,,,,,,
06-0132-01A-02R-1849-01+2,59648498,1687452,59812,337238,,,,,,,,,,,,
06-0138-01A-02R-1849-01+1,53103521,1320144,52929,181262,,,,,,,,,,,,
06-0138-01A-02R-1849-01+2,33539565,765546,34263,80687,,,,,,,,,,,,
06-0139-01A-01R-1849-01+1,40785492,12869395,250120,4912509,,,,,,,,,,,,
06-0141-01A-01R-1849-01+1,73728028,1982895,78880,259603,,,,,,,,,,,,
06-0141-01A-01R-1849-01+2,44037378,1142694,49885,133300,,,,,,,,,,,,
06-0152-02A-01R-2005-01+1,67854229,2096035,80297,406391,,,,,,,,,,,,
06-0152-02A-01R-2005-01+2,46467468,1345884,55148,264833,,,,,,,,,,,,
06-0156-01A-02R-1849-01+1,59449077,2237412,76699,471489,,,,,,,,,,,,
06-0156-01A-02R-1849-01+2,41231056,1625863,57412,356936,,,,,,,,,,,,
06-0156-01A-03R-1849-01+1,37439280,805637,37129,83260,,,,,,,,,,,,
06-0156-01A-03R-1849-01+2,55663818,1339829,55751,178366,,,,,,,,,,,,
06-0157-01A-01R-1849-01+1,44780771,1154378,45133,298942,,,,,,,,,,,,
06-0157-01A-01R-1849-01+2,68951759,1842770,68615,427042,,,,,,,,,,,,
06-0158-01A-01R-1849-01+1,47951461,1214201,56632,101434,,,,,,,,,,,,
06-0158-01A-01R-1849-01+2,71599693,1969399,81648,230845,,,,,,,,,,,,
06-0168-01A-01R-1849-01+1,57114098,12043119,185401,5118665,,,,,,,,,,,,
06-0168-01A-01R-1849-01+2,44722872,11545540,175237,4924358,,,,,,,,,,,,
06-0171-02A-11R-2005-01+1,44418238,865286,39537,84101,,,,,,,,,,,,
06-0171-02A-11R-2005-01+2,67572457,1513849,62650,183569,,,,,,,,,,,,
06-0174-01A-01R-1849-01+1,40081389,716689,31711,79316,,,,,,,,,,,,
06-0174-01A-01R-1849-01+2,59393641,1298411,52940,179545,,,,,,,,,,,,
06-0178-01A-01R-1849-01+1,33453576,1134883,35561,348441,,,,,,,,,,,,
06-0178-01A-01R-1849-01+2,56978312,1687266,54054,462402,,,,,,,,,,,,
06-0184-01A-01R-1849-01+1,44274759,1064114,39654,276242,,,,,,,,,,,,
06-0184-01A-01R-1849-01+2,69523880,1757911,62599,412270,,,,,,,,,,,,
06-0187-01A-01R-1849-01+1,62984100,1364143,56232,178875,,,,,,,,,,,,
06-0187-01A-01R-1849-01+2,40370786,744482,33671,76391,,,,,,,,,,,,
06-0190-01A-01R-1849-01+1,58891295,2227949,71098,609877,,,,,,,,,,,,
06-0190-01A-01R-1849-01+2,40875670,1651455,48808,489977,,,,,,,,,,,,
06-0190-02A-01R-2005-01+1,64618682,1524942,58642,272401,,,,,,,,,,,,
06-0190-02A-01R-2005-01+2,42587502,928641,37190,162692,,,,,,,,,,,,
06-0210-01A-01R-1849-01+1,44090843,1249257,49190,150952,,,,,,,,,,,,
06-0210-01A-01R-1849-01+2,68501480,1918013,72384,263586,,,,,,,,,,,,
06-0210-02A-01R-2005-01+1,66581624,1719821,67720,305691,,,,,,,,,,,,
06-0210-02A-01R-2005-01+2,43002934,1018322,42283,186393,,,,,,,,,,,,
06-0211-01A-01R-1849-01+1,64017053,1366411,56940,199539,,,,,,,,,,,,
06-0211-01A-01R-1849-01+2,43409347,782436,35438,95184,,,,,,,,,,,,
06-0211-01B-01R-1849-01+1,69674516,1883079,65049,456334,,,,,,,,,,,,
06-0211-01B-01R-1849-01+2,47545473,1220286,44628,333449,,,,,,,,,,,,
06-0211-02A-02R-2005-01+1,37153418,662520,30010,70155,,,,,,,,,,,,
06-0211-02A-02R-2005-01+2,56631049,1204037,49256,162215,,,,,,,,,,,,
06-0219-01A-01R-1849-01+1,65624323,1594319,61193,266237,,,,,,,,,,,,
06-0219-01A-01R-1849-01+2,36930913,913339,38436,139201,,,,,,,,,,,,
06-0221-02A-11R-2005-01+1,41764225,1106605,49672,73117,,,,,,,,,,,,
06-0221-02A-11R-2005-01+2,58929490,1714826,73226,173255,,,,,,,,,,,,
06-0238-01A-02R-1849-01+1,65888803,1485957,61943,188273,,,,,,,,,,,,
06-0238-01A-02R-1849-01+2,39144186,808426,38076,61886,,,,,,,,,,,,
06-0644-01A-02R-1849-01+1,42003587,739025,32525,98129,,,,,,,,,,,,
06-0644-01A-02R-1849-01+2,64221908,1378630,56139,208535,,,,,,,,,,,,
06-0645-01A-01R-1849-01+1,39128281,781409,32183,118670,,,,,,,,,,,,
06-0645-01A-01R-1849-01+2,60441497,1377399,54186,227346,,,,,,,,,,,,
06-0646-01A-01R-1849-01+1,59306156,1567870,60719,269993,,,,,,,,,,,,
06-0646-01A-01R-1849-01+2,40800987,999543,38922,173807,,,,,,,,,,,,
06-0649-01B-01R-1849-01+1,63299283,2738727,85474,,,,,,,,,,,,,
06-0649-01B-01R-1849-01+2,41493817,1991880,57016,,,,,,,,,,,,,
06-0675-11A-32R-A36H-07+1,63100611,1754328,55651,17945,,,,,,,,,,,,
06-0678-11A-32R-A36H-07+1,58181132,1416132,44299,,,,,,,,,,,,,
06-0680-11A-32R-A36H-07+1,68897779,1466558,50539,,,,,,,,,,,,,
06-0681-11A-41R-A36H-07+1,64132327,1372671,45424,,,,,,,,,,,,,
06-0686-01A-01R-1849-01+1,64091712,10677056,196357,,,,,,,,,,,,,
06-0686-01A-01R-1849-01+2,47966564,9964178,188056,,,,,,,,,,,,,
06-0743-01A-01R-1849-01+1,61213555,1524636,62211,,,,,,,,,,,,,
06-0743-01A-01R-1849-01+2,39774280,883330,39197,,,,,,,,,,,,,
06-0744-01A-01R-1849-01+1,39886407,975122,39398,,,,,,,,,,,,,
06-0744-01A-01R-1849-01+2,62148179,1606839,62756,,,,,,,,,,,,,
06-0745-01A-01R-1849-01+1,76836531,1665357,67290,,,,,,,,,,,,,
06-0745-01A-01R-1849-01+2,45907714,854909,38244,,,,,,,,,,,,,
06-0747-01A-01R-1849-01+1,45152134,1025473,44097,,,,,,,,,,,,,
06-0747-01A-01R-1849-01+2,68441760,1769171,72086,,,,,,,,,,,,,
06-0749-01A-01R-1849-01+1,59277660,1441288,57297,,,,,,,,,,,,,
06-0749-01A-01R-1849-01+2,36746333,818033,34555,,,,,,,,,,,,,
06-0750-01A-01R-1849-01+1,39667342,961184,37587,,,,,,,,,,,,,
06-0750-01A-01R-1849-01+2,65354775,1643458,62642,,,,,,,,,,,,,
06-0878-01A-01R-1849-01+1,49870505,4906751,103752,,,,,,,,,,,,,
06-0878-01A-01R-1849-01+2,65514410,5742719,140306,,,,,,,,,,,,,
06-0882-01A-01R-1849-01+1,45387687,1646008,57758,,,,,,,,,,,,,
06-0882-01A-01R-1849-01+2,68306606,2401152,83687,,,,,,,,,,,,,
06-1804-01A-01R-1849-01+1,70036149,2161979,95817,,,,,,,,,,,,,
06-1804-01A-01R-1849-01+2,45543800,1152804,54620,,,,,,,,,,,,,
06-2557-01A-01R-1849-01+1,47733492,1385657,60658,,,,,,,,,,,,,
06-2557-01A-01R-1849-01+2,70589064,2358378,93494,,,,,,,,,,,,,
06-2558-01A-01R-1849-01+1,44844413,3357145,75938,,,,,,,,,,,,,
06-2558-01A-01R-1849-01+2,63601414,4044570,100015,,,,,,,,,,,,,
06-2559-01A-01R-1849-01+1,40916649,1549445,55538,,,,,,,,,,,,,
06-2559-01A-01R-1849-01+2,58224338,2177207,78176,,,,,,,,,,,,,
06-2561-01A-02R-1849-01+1,39113197,1707885,61584,,,,,,,,,,,,,
06-2561-01A-02R-1849-01+2,59355577,2447710,87506,,,,,,,,,,,,,
06-2562-01A-01R-1849-01+1,64686359,1675587,64089,,,,,,,,,,,,,
06-2562-01A-01R-1849-01+2,44064796,1063122,41427,,,,,,,,,,,,,
06-2563-01A-01R-1849-01+1,62788412,2654969,83107,,,,,,,,,,,,,
06-2563-01A-01R-1849-01+2,43659284,2026300,54138,,,,,,,,,,,,,
06-2564-01A-01R-1849-01+1,45561408,981697,44678,,,,,,,,,,,,,
06-2564-01A-01R-1849-01+2,66945097,1658800,69861,,,,,,,,,,,,,
06-2565-01A-01R-1849-01+1,66265904,2099201,83496,,,,,,,,,,,,,
06-2565-01A-01R-1849-01+2,46636480,1392885,57530,,,,,,,,,,,,,
06-2567-01A-01R-1849-01+1,67306985,2185054,80894,,,,,,,,,,,,,
06-2567-01A-01R-1849-01+2,47358772,1384491,53014,,,,,,,,,,,,,
06-2569-01A-01R-1849-01+1,62795017,2424964,81673,,,,,,,,,,,,,
06-2569-01A-01R-1849-01+2,43777557,1803977,55138,,,,,,,,,,,,,
06-2570-01A-01R-1849-01+1,65207143,2512528,82041,,,,,,,,,,,,,
06-2570-01A-01R-1849-01+2,45796660,1861905,57064,,,,,,,,,,,,,
06-5408-01A-01R-1849-01+1,41685452,1079398,45748,,,,,,,,,,,,,
06-5408-01A-01R-1849-01+2,65802455,2007137,84181,,,,,,,,,,,,,
06-5410-01A-01R-1849-01+1,40538225,935301,42692,,,,,,,,,,,,,
06-5410-01A-01R-1849-01+2,71819506,1991744,85731,,,,,,,,,,,,,
06-5411-01A-01R-1849-01+1,70904114,1897002,82145,,,,,,,,,,,,,
06-5411-01A-01R-1849-01+2,42716979,914952,41355,,,,,,,,,,,,,
06-5412-01A-01R-1849-01+1,38416453,870194,39570,,,,,,,,,,,,,
06-5412-01A-01R-1849-01+2,64844004,1801172,77534,,,,,,,,,,,,,
06-5413-01A-01R-1849-01+1,63671587,1840100,81390,,,,,,,,,,,,,
06-5413-01A-01R-1849-01+2,39283124,929327,43926,,,,,,,,,,,,,
06-5414-01A-01R-1849-01+1,47592152,892549,38231,,,,,,,,,,,,,
06-5414-01A-01R-1849-01+2,73684643,1649379,67572,,,,,,,,,,,,,
06-5415-01A-01R-1849-01+1,120494158,10330353,248986,,,,,,,,,,,,,
06-5415-01A-01R-1849-01+2,61938478,8637594,190320,,,,,,,,,,,,,
06-5416-01A-01R-1849-01+1,45839003,3406763,80051,,,,,,,,,,,,,
06-5416-01A-01R-1849-01+2,64681662,4123136,110127,,,,,,,,,,,,,
06-5417-01A-01R-1849-01+1,48791241,7776312,137127,,,,,,,,,,,,,
06-5417-01A-01R-1849-01+2,61937441,8162293,147356,,,,,,,,,,,,,
06-5418-01A-01R-1849-01+1,67663034,1753015,63916,,,,,,,,,,,,,
06-5418-01A-01R-1849-01+2,43390212,1089744,40119,,,,,,,,,,,,,
06-5856-01A-01R-1849-01+1,39876763,987739,43124,,,,,,,,,,,,,
06-5856-01A-01R-1849-01+2,64133691,1899009,80890,,,,,,,,,,,,,
06-5858-01A-01R-1849-01+1,40281206,881926,41023,,,,,,,,,,,,,
06-5858-01A-01R-1849-01+2,63861309,1763256,78061,,,,,,,,,,,,,
06-5859-01A-01R-1849-01+1,40444394,849040,39131,,,,,,,,,,,,,
06-5859-01A-01R-1849-01+2,67384804,1793515,78356,,,,,,,,,,,,,
06-A5U0-01A-11R-A344-08+1,59487717,1187288,59185,,,,,,,,,,,,,
06-A5U1-01A-11R-A344-08+1,64829390,1322159,63215,,,,,,,,,,,,,
06-A6S0-01A-11R-A344-08+1,63451632,1233768,59769,,,,,,,,,,,,,
06-A6S1-01A-11R-A344-08+1,60352947,1394263,71128,,,,,,,,,,,,,
06-A7TK-01A-21R-A39C-08+1,51526745,1206959,62958,,,,,,,,,,,,,
06-A7TL-01A-11R-A39C-08+1,32465502,783884,41059,,,,,,,,,,,,,
06-AABW-11A-31R-A36H-07+1,55420464,1305394,1305394,,,,,,,,,,,,,
08-0386-01A-01R-1849-01+1,42042725,827958,827958,,,,,,,,,,,,,
08-0386-01A-01R-1849-01+2,61211188,1410908,1410908,,,,,,,,,,,,,
12-0616-01A-01R-1849-01+1,60581390,4044887,4044887,,,,,,,,,,,,,
12-0616-01A-01R-1849-01+2,38847358,3065429,3065429,,,,,,,,,,,,,
12-0618-01A-01R-1849-01+1,50250557,892267,892267,,,,,,,,,,,,,
12-0618-01A-01R-1849-01+2,74632005,1615067,1615067,,,,,,,,,,,,,
12-0619-01A-01R-1849-01+1,46419592,1401460,1401460,,,,,,,,,,,,,
12-0619-01A-01R-1849-01+2,70742308,2156156,2156156,,,,,,,,,,,,,
12-0821-01A-01R-1849-01+1,81082632,3129394,3129394,,,,,,,,,,,,,
12-0821-01A-01R-1849-01+2,55734045,2256594,2256594,,,,,,,,,,,,,
12-1597-01B-01R-1849-01+1,39808181,1754592,1754592,,,,,,,,,,,,,
12-1597-01B-01R-1849-01+2,68871338,2471623,2471623,,,,,,,,,,,,,
12-3650-01A-01R-1849-01+1,50374713,3487875,3487875,,,,,,,,,,,,,
12-3650-01A-01R-1849-01+2,35867487,2987827,2987827,,,,,,,,,,,,,
12-3652-01A-01R-1849-01+1,39713182,1697479,1697479,,,,,,,,,,,,,
12-3652-01A-01R-1849-01+2,62264508,2347467,2347467,,,,,,,,,,,,,
12-3653-01A-01R-1849-01+1,50772638,4878309,4878309,,,,,,,,,,,,,
12-3653-01A-01R-1849-01+2,70194984,5511706,5511706,,,,,,,,,,,,,
12-5295-01A-01R-1849-01+1,42225178,2904491,2904491,,,,,,,,,,,,,
12-5295-01A-01R-1849-01+2,65418422,3562402,3562402,,,,,,,,,,,,,
12-5299-01A-02R-1849-01+1,70386823,1617903,1617903,,,,,,,,,,,,,
12-5299-01A-02R-1849-01+2,43898092,890868,890868,,,,,,,,,,,,,
14-0736-02A-01R-2005-01+1,39304008,2282857,2282857,,,,,,,,,,,,,
14-0736-02A-01R-2005-01+2,26275936,1814971,1814971,,,,,,,,,,,,,
14-0781-01B-01R-1849-01+1,73674027,2023636,2023636,,,,,,,,,,,,,
14-0781-01B-01R-1849-01+2,41377249,961613,961613,,,,,,,,,,,,,
14-0787-01A-01R-1849-01+1,52570129,3333024,3333024,,,,,,,,,,,,,
14-0787-01A-01R-1849-01+2,38565388,2834559,2834559,,,,,,,,,,,,,
14-0789-01A-01R-1849-01+1,43823900,5045746,5045746,,,,,,,,,,,,,
14-0789-01A-01R-1849-01+2,61884281,5715242,5715242,,,,,,,,,,,,,
14-0790-01B-01R-1849-01+1,40470088,3450716,3450716,,,,,,,,,,,,,
14-0790-01B-01R-1849-01+2,57597213,4217528,4217528,,,,,,,,,,,,,
14-0817-01A-01R-1849-01+1,75980184,6885118,6885118,,,,,,,,,,,,,
14-0817-01A-01R-1849-01+2,48836321,6004169,6004169,,,,,,,,,,,,,
14-0871-01A-01R-1849-01+1,50523837,15234879,15234879,,,,,,,,,,,,,
14-0871-01A-01R-1849-01+2,40017352,14242126,14242126,,,,,,,,,,,,,
14-1034-01A-01R-1849-01+1,32665402,993270,993270,,,,,,,,,,,,,
14-1034-01A-01R-1849-01+2,45860828,1501744,1501744,,,,,,,,,,,,,
14-1034-02B-01R-2005-01+1,43403247,5849632,5849632,,,,,,,,,,,,,
14-1034-02B-01R-2005-01+2,59032122,6615695,6615695,,,,,,,,,,,,,
14-1402-02A-01R-2005-01+1,57447306,3419473,3419473,,,,,,,,,,,,,
14-1402-02A-01R-2005-01+2,33841361,2718415,2718415,,,,,,,,,,,,,
14-1823-01A-01R-1849-01+1,65815631,3192164,3192164,,,,,,,,,,,,,
14-1823-01A-01R-1849-01+2,42163164,2253469,2253469,,,,,,,,,,,,,
14-1825-01A-01R-1850-01+1,50405056,10435722,10435722,,,,,,,,,,,,,
14-1825-01A-01R-1850-01+2,40641063,9971248,9971248,,,,,,,,,,,,,
14-1829-01A-01R-1850-01+1,42694112,4480627,4480627,,,,,,,,,,,,,
14-1829-01A-01R-1850-01+2,67361781,5173794,5173794,,,,,,,,,,,,,
14-2554-01A-01R-1850-01+1,40570072,842418,842418,,,,,,,,,,,,,
14-2554-01A-01R-1850-01+2,66392312,1518153,1518153,,,,,,,,,,,,,
15-0742-01A-01R-1850-01+1,38912027,1004753,1004753,,,,,,,,,,,,,
15-0742-01A-01R-1850-01+2,58846541,1607354,1607354,,,,,,,,,,,,,
15-1444-01A-02R-1850-01+1,73367665,2187207,2187207,,,,,,,,,,,,,
15-1444-01A-02R-1850-01+2,44948144,1174979,1174979,,,,,,,,,,,,,
16-0846-01A-01R-1850-01+1,60070145,2519034,2519034,,,,,,,,,,,,,
16-0846-01A-01R-1850-01+2,38933492,1779290,1779290,,,,,,,,,,,,,
16-1045-01B-01R-1850-01+1,56336075,3132303,3132303,,,,,,,,,,,,,
16-1045-01B-01R-1850-01+2,39569084,2498988,2498988,,,,,,,,,,,,,
19-0957-02A-11R-2005-01+1,40083277,1076871,1076871,,,,,,,,,,,,,
19-0957-02A-11R-2005-01+2,60079198,1719791,1719791,,,,,,,,,,,,,
19-1389-02A-21R-2005-01+1,36134463,1186037,1186037,,,,,,,,,,,,,
19-1389-02A-21R-2005-01+2,56999390,1789876,1789876,,,,,,,,,,,,,
19-1390-01A-01R-1850-01+1,73585262,2040561,2040561,,,,,,,,,,,,,
19-1390-01A-01R-1850-01+2,49816261,1254645,1254645,,,,,,,,,,,,,
19-1787-01B-01R-1850-01+1,76773771,2463993,2463993,,,,,,,,,,,,,
19-1787-01B-01R-1850-01+2,49992726,1679209,1679209,,,,,,,,,,,,,
19-2619-01A-01R-1850-01+1,76667237,2002847,2002847,,,,,,,,,,,,,
19-2619-01A-01R-1850-01+2,50541760,1174206,1174206,,,,,,,,,,,,,
19-2620-01A-01R-1850-01+1,59634667,4493547,4493547,,,,,,,,,,,,,
19-2620-01A-01R-1850-01+2,42683133,3973136,3973136,,,,,,,,,,,,,
19-2624-01A-01R-1850-01+1,50419764,1011883,1011883,,,,,,,,,,,,,
19-2624-01A-01R-1850-01+2,75124415,1810409,1810409,,,,,,,,,,,,,
19-2625-01A-01R-1850-01+1,74307811,2231136,2231136,,,,,,,,,,,,,
19-2625-01A-01R-1850-01+2,44957929,1423083,1423083,,,,,,,,,,,,,
19-2629-01A-01R-1850-01+1,73550206,2284963,2284963,,,,,,,,,,,,,
19-2629-01A-01R-1850-01+2,47718697,1522050,1522050,,,,,,,,,,,,,
19-4065-01A-01R-2005-01+1,41775256,983662,983662,,,,,,,,,,,,,
19-4065-01A-01R-2005-01+2,70869959,1995342,1995342,,,,,,,,,,,,,
19-4065-02A-11R-2005-01+1,56655087,1959624,1959624,,,,,,,,,,,,,
19-4065-02A-11R-2005-01+2,34145301,1137141,1137141,,,,,,,,,,,,,
19-5960-01A-11R-1850-01+1,66597911,1851592,1851592,,,,,,,,,,,,,
19-5960-01A-11R-1850-01+2,42852123,926049,926049,,,,,,,,,,,,,
19-A60I-01A-12R-A344-08+1,64103992,1305280,1305280,,,,,,,,,,,,,
19-A6J4-01A-11R-A344-08+1,61483385,1002528,1002528,,,,,,,,,,,,,
19-A6J5-01A-21R-A344-08+1,54476174,1013348,1013348,,,,,,,,,,,,,
26-1442-01A-01R-1850-01+1,42409044,1097470,1097470,,,,,,,,,,,,,
26-1442-01A-01R-1850-01+2,73809304,2155656,2155656,,,,,,,,,,,,,
26-5132-01A-01R-1850-01+1,43629656,1539452,1539452,,,,,,,,,,,,,
26-5132-01A-01R-1850-01+2,65695060,2250633,2250633,,,,,,,,,,,,,
26-5133-01A-01R-1850-01+1,40057802,1049008,1049008,,,,,,,,,,,,,
26-5133-01A-01R-1850-01+2,61993786,1692809,1692809,,,,,,,,,,,,,
26-5134-01A-01R-1850-01+1,66150981,1776758,1776758,,,,,,,,,,,,,
26-5134-01A-01R-1850-01+2,22811329,863510,863510,,,,,,,,,,,,,
26-5135-01A-01R-1850-01+1,62071962,3224172,3224172,,,,,,,,,,,,,
26-5135-01A-01R-1850-01+2,41402729,2513039,2513039,,,,,,,,,,,,,
26-5136-01B-01R-1850-01+1,31064868,2198898,2198898,,,,,,,,,,,,,
26-5136-01B-01R-1850-01+2,44776300,2892618,2892618,,,,,,,,,,,,,
26-5139-01A-01R-1850-01+1,35877489,915935,915935,,,,,,,,,,,,,
26-5139-01A-01R-1850-01+2,57439549,1743404,1743404,,,,,,,,,,,,,
26-A7UX-01B-11R-A39C-08+1,45624764,888594,888594,,,,,,,,,,,,,
27-1830-01A-01R-1850-01+1,61986907,1912679,1912679,,,,,,,,,,,,,
27-1830-01A-01R-1850-01+2,41996483,1279577,1279577,,,,,,,,,,,,,
27-1831-01A-01R-1850-01+1,34957818,4758203,4758203,,,,,,,,,,,,,
27-1831-01A-01R-1850-01+2,57805303,5575828,5575828,,,,,,,,,,,,,
27-1832-01A-01R-1850-01+1,39374901,3663943,3663943,,,,,,,,,,,,,
27-1832-01A-01R-1850-01+2,71050536,4734592,4734592,,,,,,,,,,,,,
27-1834-01A-01R-1850-01+1,40243783,2204192,2204192,,,,,,,,,,,,,
27-1834-01A-01R-1850-01+2,58266966,2807051,2807051,,,,,,,,,,,,,
27-1835-01A-01R-1850-01+1,59759789,2491921,2491921,,,,,,,,,,,,,
27-1835-01A-01R-1850-01+2,41202927,1824446,1824446,,,,,,,,,,,,,
27-1837-01A-01R-1850-01+1,58525688,8487224,8487224,,,,,,,,,,,,,
27-1837-01A-01R-1850-01+2,45702958,7942092,7942092,,,,,,,,,,,,,
27-2519-01A-01R-1850-01+1,38629675,1008215,1008215,,,,,,,,,,,,,
27-2519-01A-01R-1850-01+2,57112760,1725442,1725442,,,,,,,,,,,,,
27-2521-01A-01R-1850-01+1,45147008,1491649,1491649,,,,,,,,,,,,,
27-2521-01A-01R-1850-01+2,67112479,2191868,2191868,,,,,,,,,,,,,
27-2523-01A-01R-1850-01+1,65544995,1740788,1740788,,,,,,,,,,,,,
27-2523-01A-01R-1850-01+2,44843828,999721,999721,,,,,,,,,,,,,
27-2524-01A-01R-1850-01+1,38080466,2368629,2368629,,,,,,,,,,,,,
27-2524-01A-01R-1850-01+2,60427668,3087209,3087209,,,,,,,,,,,,,
27-2526-01A-01R-1850-01+1,36626691,1162015,1162015,,,,,,,,,,,,,
27-2526-01A-01R-1850-01+2,60043646,1822492,1822492,,,,,,,,,,,,,
27-2528-01A-01R-1850-01+1,41422271,978111,978111,,,,,,,,,,,,,
27-2528-01A-01R-1850-01+2,63079479,1659104,1659104,,,,,,,,,,,,,
28-1747-01C-01R-1850-01+1,59379194,1629225,1629225,,,,,,,,,,,,,
28-1747-01C-01R-1850-01+2,39807606,1014699,1014699,,,,,,,,,,,,,
28-1753-01A-01R-1850-01+1,43149852,3519695,3519695,,,,,,,,,,,,,
28-1753-01A-01R-1850-01+2,56764050,4122247,4122247,,,,,,,,,,,,,
28-2499-01A-01R-1850-01+1,66407811,2076519,2076519,,,,,,,,,,,,,
28-2499-01A-01R-1850-01+2,41883691,1286251,1286251,,,,,,,,,,,,,
28-2509-01A-01R-1850-01+1,41414874,994907,994907,,,,,,,,,,,,,
28-2509-01A-01R-1850-01+2,64557310,1679337,1679337,,,,,,,,,,,,,
28-2510-01A-01R-1850-01+1,57805993,1678204,1678204,,,,,,,,,,,,,
28-2510-01A-01R-1850-01+2,35955126,868029,868029,,,,,,,,,,,,,
28-2513-01A-01R-1850-01+1,42410573,1682735,1682735,,,,,,,,,,,,,
28-2513-01A-01R-1850-01+2,64784212,2357167,2357167,,,,,,,,,,,,,
28-2514-01A-02R-1850-01+1,71805412,2794149,2794149,,,,,,,,,,,,,
28-2514-01A-02R-1850-01+2,48855105,2019832,2019832,,,,,,,,,,,,,
28-5204-01A-01R-1850-01+1,37194892,792606,792606,,,,,,,,,,,,,
28-5204-01A-01R-1850-01+2,57909270,1595983,1595983,,,,,,,,,,,,,
28-5207-01A-01R-1850-01+1,37599506,1067876,1067876,,,,,,,,,,,,,
28-5207-01A-01R-1850-01+2,58488821,1884189,1884189,,,,,,,,,,,,,
28-5208-01A-01R-1850-01+1,41581624,1372263,1372263,,,,,,,,,,,,,
28-5208-01A-01R-1850-01+2,66382922,2269696,2269696,,,,,,,,,,,,,
28-5209-01A-01R-1850-01+1,66542510,1909677,1909677,,,,,,,,,,,,,
28-5209-01A-01R-1850-01+2,41839465,994394,994394,,,,,,,,,,,,,
28-5213-01A-01R-1850-01+1,43222736,8642724,8642724,,,,,,,,,,,,,
28-5213-01A-01R-1850-01+2,63388296,9839937,9839937,,,,,,,,,,,,,
28-5215-01A-01R-1850-01+1,72483043,2049614,2049614,,,,,,,,,,,,,
28-5215-01A-01R-1850-01+2,44933519,1013069,1013069,,,,,,,,,,,,,
28-5216-01A-01R-1850-01+1,49357539,1454379,1454379,,,,,,,,,,,,,
28-5216-01A-01R-1850-01+2,30649887,776198,776198,,,,,,,,,,,,,
28-5218-01A-01R-1850-01+1,33057370,687460,687460,,,,,,,,,,,,,
28-5218-01A-01R-1850-01+2,54081597,1440891,1440891,,,,,,,,,,,,,
28-5220-01A-01R-1850-01+1,36936354,1754237,1754237,,,,,,,,,,,,,
28-5220-01A-01R-1850-01+2,60193686,2643597,2643597,,,,,,,,,,,,,
32-1970-01A-01R-1850-01+1,49442430,1775325,1775325,,,,,,,,,,,,,
32-1970-01A-01R-1850-01+2,72173008,2514267,2514267,,,,,,,,,,,,,
32-1980-01A-01R-1850-01+1,37557497,922403,922403,,,,,,,,,,,,,
32-1980-01A-01R-1850-01+2,62506144,1797015,1797015,,,,,,,,,,,,,
32-1982-01A-01R-1850-01+1,61344439,12226166,12226166,,,,,,,,,,,,,
32-1982-01A-01R-1850-01+2,47171424,11320537,11320537,,,,,,,,,,,,,
32-2615-01A-01R-1850-01+1,83426741,2674769,2674769,,,,,,,,,,,,,
32-2615-01A-01R-1850-01+2,53849457,1789127,1789127,,,,,,,,,,,,,
32-2616-01A-01R-1850-01+1,50022239,956331,956331,,,,,,,,,,,,,
32-2616-01A-01R-1850-01+2,78657046,1799818,1799818,,,,,,,,,,,,,
32-2632-01A-01R-1850-01+1,71403265,4200559,4200559,,,,,,,,,,,,,
32-2632-01A-01R-1850-01+2,48757754,3456556,3456556,,,,,,,,,,,,,
32-2634-01A-01R-1850-01+1,80529422,2026515,2026515,,,,,,,,,,,,,
32-2634-01A-01R-1850-01+2,53148440,1208056,1208056,,,,,,,,,,,,,
32-2638-01A-01R-1850-01+1,52048304,1433968,1433968,,,,,,,,,,,,,
32-2638-01A-01R-1850-01+2,80119595,2281304,2281304,,,,,,,,,,,,,
32-4213-01A-01R-1850-01+1,32012478,2681265,2681265,,,,,,,,,,,,,
32-4213-01A-01R-1850-01+2,67667776,3729771,3729771,,,,,,,,,,,,,
32-5222-01A-01R-1850-01+1,66204022,1779280,1779280,,,,,,,,,,,,,
32-5222-01A-01R-1850-01+2,38312019,845899,845899,,,,,,,,,,,,,
41-2571-01A-01R-1850-01+1,44708804,1729482,1729482,,,,,,,,,,,,,
41-2571-01A-01R-1850-01+2,74325634,2588897,2588897,,,,,,,,,,,,,
41-2572-01A-01R-1850-01+1,45206755,7628288,7628288,,,,,,,,,,,,,
41-2572-01A-01R-1850-01+2,68978346,8489949,8489949,,,,,,,,,,,,,
41-3915-01A-01R-1850-01+1,69306157,3816380,3816380,,,,,,,,,,,,,
41-3915-01A-01R-1850-01+2,42892987,3084598,3084598,,,,,,,,,,,,,
41-4097-01A-01R-1850-01+1,63535024,6715350,6715350,,,,,,,,,,,,,
41-4097-01A-01R-1850-01+2,42807214,5448361,5448361,,,,,,,,,,,,,
41-5651-01A-01R-1850-01+1,32890865,838757,838757,,,,,,,,,,,,,
41-5651-01A-01R-1850-01+2,51496854,1603757,1603757,,,,,,,,,,,,,
4W-AA9R-01A-11R-A39C-08+1,67175835,1578359,1578359,,,,,,,,,,,,,
4W-AA9S-01A-11R-A39C-08+1,34452044,716546,716546,,,,,,,,,,,,,
4W-AA9T-01A-11R-A39C-08+1,35010860,833478,833478,,,,,,,,,,,,,
76-4925-01A-01R-1850-01+1,73763038,2060168,2060168,,,,,,,,,,,,,
76-4925-01A-01R-1850-01+2,44748848,1039379,1039379,,,,,,,,,,,,,
76-4926-01B-01R-1850-01+1,70753244,2328166,2328166,,,,,,,,,,,,,
76-4926-01B-01R-1850-01+2,40956195,1249909,1249909,,,,,,,,,,,,,
76-4927-01A-01R-1850-01+1,38320027,3740128,3740128,,,,,,,,,,,,,
76-4927-01A-01R-1850-01+2,57547242,4432958,4432958,,,,,,,,,,,,,
76-4928-01B-01R-1850-01+1,43408198,924689,924689,,,,,,,,,,,,,
76-4928-01B-01R-1850-01+2,74427115,1962673,1962673,,,,,,,,,,,,,
76-4929-01A-01R-1850-01+1,55395435,1512170,1512170,,,,,,,,,,,,,
76-4929-01A-01R-1850-01+2,34576692,735547,735547,,,,,,,,,,,,,
76-4931-01A-01R-1850-01+1,41333547,998687,998687,,,,,,,,,,,,,
76-4931-01A-01R-1850-01+2,64034049,1884874,1884874,,,,,,,,,,,,,
76-4932-01A-01R-1850-01+1,63053813,1705977,1705977,,,,,,,,,,,,,
76-4932-01A-01R-1850-01+2,37977666,812008,812008,,,,,,,,,,,,,
CS-4938-01B-11R-1896-07+1,69973581,2744827,2744827,,,,,,,,,,,,,
CS-4941-01A-01R-1470-07+1,69695383,2589147,2589147,,,,,,,,,,,,,
CS-4942-01A-01R-1470-07+1,70129627,2327355,2327355,,,,,,,,,,,,,
CS-4943-01A-01R-1470-07+1,74494966,2289893,2289893,,,,,,,,,,,,,
CS-4944-01A-01R-1470-07+1,63086943,1822368,1822368,,,,,,,,,,,,,
CS-5390-01A-02R-1470-07+1,69947326,2671540,2671540,,,,,,,,,,,,,
CS-5393-01A-01R-1470-07+1,66260420,3176084,3176084,,,,,,,,,,,,,
CS-5394-01A-01R-1470-07+1,74034764,3881267,3881267,,,,,,,,,,,,,
CS-5395-01A-01R-1470-07+1,66559473,2924265,2924265,,,,,,,,,,,,,
CS-5396-01A-02R-1470-07+1,81360426,3325363,3325363,,,,,,,,,,,,,
CS-5397-01A-01R-1896-07+1,70768778,2779088,2779088,,,,,,,,,,,,,
CS-6186-01A-12R-2027-07+1,48910022,2032801,2032801,,,,,,,,,,,,,
CS-6188-01A-11R-1896-07+1,65173257,2406207,2406207,,,,,,,,,,,,,
CS-6290-01A-11R-1708-07+1,66019700,2149113,2149113,,,,,,,,,,,,,
CS-6665-01A-11R-1896-07+1,72049261,3055563,3055563,,,,,,,,,,,,,
CS-6666-01A-11R-1896-07+1,59828532,2572269,2572269,,,,,,,,,,,,,
CS-6667-01A-12R-2027-07+1,79275309,2112751,2112751,,,,,,,,,,,,,
CS-6668-01A-11R-1896-07+1,71349664,3454069,3454069,,,,,,,,,,,,,
CS-6669-01A-11R-1896-07+1,68651152,3024001,3024001,,,,,,,,,,,,,
CS-6670-01A-11R-1896-07+1,72649224,2664319,2664319,,,,,,,,,,,,,
DB-5270-01A-02R-1470-07+1,74991391,3023195,3023195,,,,,,,,,,,,,
DB-5273-01A-01R-1470-07+1,65621834,1980769,1980769,,,,,,,,,,,,,
DB-5274-01A-01R-1470-07+1,52677722,1744158,1744158,,,,,,,,,,,,,
DB-5275-01A-01R-1470-07+1,74663553,2472455,2472455,,,,,,,,,,,,,
DB-5276-01A-01R-1470-07+1,66663896,3303284,3303284,,,,,,,,,,,,,
DB-5277-01A-01R-1470-07+1,66800883,2650573,2650573,,,,,,,,,,,,,
DB-5278-01A-01R-1470-07+1,78240653,3771112,3771112,,,,,,,,,,,,,
DB-5279-01A-03R-2347-07+1,82956742,2598214,2598214,,,,,,,,,,,,,
DB-5280-01A-01R-1470-07+1,71061642,2514732,2514732,,,,,,,,,,,,,
DB-5281-01A-01R-1470-07+1,83229658,3419487,3419487,,,,,,,,,,,,,
DB-A4X9-01A-11R-A26U-07+1,47348956,1765765,1765765,,,,,,,,,,,,,
DB-A4XA-01A-11R-A26U-07+1,48389023,1834092,1834092,,,,,,,,,,,,,
DB-A4XB-01A-11R-A26U-07+1,42027574,1645346,1645346,,,,,,,,,,,,,
DB-A4XC-01A-11R-A26U-07+1,39717970,1452438,1452438,,,,,,,,,,,,,
DB-A4XD-01A-11R-A27Q-07+1,52706101,1587792,1587792,,,,,,,,,,,,,
DB-A4XE-01A-11R-A27Q-07+1,52855182,1342801,1342801,,,,,,,,,,,,,
DB-A4XF-01A-11R-A27Q-07+1,55852572,1587057,1587057,,,,,,,,,,,,,
DB-A4XG-01A-11R-A27Q-07+1,66146491,1841803,1841803,,,,,,,,,,,,,
DB-A4XH-01A-11R-A27Q-07+1,59548523,1799685,1799685,,,,,,,,,,,,,
DB-A64L-01A-11R-A29R-07+1,55024503,2234744,2234744,,,,,,,,,,,,,
DB-A64O-01A-11R-A29R-07+1,50562550,1762500,1762500,,,,,,,,,,,,,
DB-A64P-01A-11R-A29R-07+1,61417866,2850895,2850895,,,,,,,,,,,,,
DB-A64Q-01A-11R-A29R-07+1,57221383,2247902,2247902,,,,,,,,,,,,,
DB-A64R-01A-11R-A29R-07+1,51454758,2728419,2728419,,,,,,,,,,,,,
DB-A64S-01A-11R-A29R-07+1,53005544,2087106,2087106,,,,,,,,,,,,,
DB-A64U-01A-11R-A29R-07+1,64496798,2389727,2389727,,,,,,,,,,,,,
DB-A64V-01A-11R-A29R-07+1,62492697,2305201,2305201,,,,,,,,,,,,,
DB-A64W-01A-11R-A29R-07+1,51718447,2262416,2262416,,,,,,,,,,,,,
DB-A64X-01A-11R-A29R-07+1,55873741,1952665,1952665,,,,,,,,,,,,,
DB-A75K-01A-11R-A32Q-07+1,64655425,3986651,3986651,,,,,,,,,,,,,
DB-A75L-01A-11R-A32Q-07+1,67544566,1598167,1598167,,,,,,,,,,,,,
DB-A75M-01A-11R-A32Q-07+1,63144641,3665200,3665200,,,,,,,,,,,,,
DB-A75O-01A-11R-A32Q-07+1,49534876,2617552,2617552,,,,,,,,,,,,,
DB-A75P-01A-11R-A32Q-07+1,63859431,3617245,3617245,,,,,,,,,,,,,
DH-5140-01A-01R-1470-07+1,69822269,2592140,2592140,,,,,,,,,,,,,
DH-5141-01A-01R-1470-07+1,74760992,2801836,2801836,,,,,,,,,,,,,
DH-5142-01A-01R-1470-07+1,66421597,2818838,2818838,,,,,,,,,,,,,
DH-5143-01A-01R-1470-07+1,70515019,2820518,2820518,,,,,,,,,,,,,
DH-5144-01A-01R-1470-07+1,76218744,3002435,3002435,,,,,,,,,,,,,
DH-A669-01A-12R-A31N-07+1,80129620,2626838,2626838,,,,,,,,,,,,,
DH-A669-02A-11R-A31N-07+1,58731277,1438577,1438577,,,,,,,,,,,,,
DH-A66B-01A-11R-A29R-07+1,58783855,2298709,2298709,,,,,,,,,,,,,
DH-A66D-01A-11R-A31N-07+1,64511436,3725370,3725370,,,,,,,,,,,,,
DH-A66F-01A-11R-A29R-07+1,56866233,2124504,2124504,,,,,,,,,,,,,
DH-A66G-01A-21R-A31N-07+1,57337136,1559414,1559414,,,,,,,,,,,,,
DH-A7UR-01A-11R-A33Z-07+1,64181159,1551665,1551665,,,,,,,,,,,,,
DH-A7US-01A-11R-A33Z-07+1,63273274,1413139,1413139,,,,,,,,,,,,,
DH-A7UT-01A-12R-A34F-07+1,49108147,1061162,1061162,,,,,,,,,,,,,
DH-A7UU-01A-12R-A34F-07+1,62138420,1474602,1474602,,,,,,,,,,,,,
DH-A7UV-01A-12R-A34F-07+1,75303496,1766535,1766535,,,,,,,,,,,,,
DU-5847-01A-11R-1708-07+1,77002922,2943518,2943518,,,,,,,,,,,,,
DU-5849-01A-11R-1708-07+1,84003491,2868862,2868862,,,,,,,,,,,,,
DU-5851-01A-13R-1896-07+1,78098614,3666393,3666393,,,,,,,,,,,,,
DU-5852-01A-11R-1708-07+1,71068474,2875258,2875258,,,,,,,,,,,,,
DU-5853-01A-11R-1896-07+1,69003088,2434748,2434748,,,,,,,,,,,,,
DU-5854-01A-11R-1708-07+1,67675485,2329365,2329365,,,,,,,,,,,,,
DU-5855-01A-11R-1708-07+1,73110635,2630424,2630424,,,,,,,,,,,,,
DU-5870-01A-11R-1708-07+1,72704672,2774433,2774433,,,,,,,,,,,,,
DU-5870-02A-12R-A36H-07+1,66776651,1450180,1450180,,,,,,,,,,,,,
DU-5871-01A-12R-1708-07+1,69338958,2555356,2555356,,,,,,,,,,,,,
DU-5872-01A-11R-1708-07+1,82842373,3727854,3727854,,,,,,,,,,,,,
DU-5872-02A-21R-A36H-07+1,53129232,1270171,1270171,,,,,,,,,,,,,
DU-5874-01A-11R-1708-07+1,83498305,3267294,3267294,,,,,,,,,,,,,
DU-6392-01A-11R-1708-07+1,86912840,3454209,3454209,,,,,,,,,,,,,
DU-6393-01A-11R-1708-07+1,95920376,3488802,3488802,,,,,,,,,,,,,
DU-6394-01A-11R-1708-07+1,86846809,3146143,3146143,,,,,,,,,,,,,
DU-6395-01A-13R-1708-07+1,78483591,2652664,2652664,,,,,,,,,,,,,
DU-6396-01A-11R-1708-07+1,74683878,2670830,2670830,,,,,,,,,,,,,
DU-6397-01A-11R-1708-07+1,68028872,2686754,2686754,,,,,,,,,,,,,
DU-6397-02A-12R-A36H-07+1,55658372,1099479,1099479,,,,,,,,,,,,,
DU-6399-01A-12R-1708-07+1,74005133,2655544,2655544,,,,,,,,,,,,,
DU-6400-01A-12R-1708-07+1,91754420,4103999,4103999,,,,,,,,,,,,,
DU-6401-01A-11R-1708-07+1,72453216,2361158,2361158,,,,,,,,,,,,,
DU-6402-01A-11R-1708-07+1,76839467,3038342,3038342,,,,,,,,,,,,,
DU-6403-01A-11R-1708-07+1,69025113,2603917,2603917,,,,,,,,,,,,,
DU-6404-01A-11R-1708-07+1,87586477,3228035,3228035,,,,,,,,,,,,,
DU-6404-02A-21R-A36H-07+1,75630989,1565617,1565617,,,,,,,,,,,,,
DU-6404-02B-11R-A36H-07+1,71224808,1464117,1464117,,,,,,,,,,,,,
DU-6405-01A-11R-1708-07+1,69513994,2910601,2910601,,,,,,,,,,,,,
DU-6406-01A-11R-1708-07+1,72390683,2852925,2852925,,,,,,,,,,,,,
DU-6407-01A-13R-1708-07+1,65951105,2268526,2268526,,,,,,,,,,,,,
DU-6407-02A-12R-A36H-07+1,55612674,1084770,1084770,,,,,,,,,,,,,
DU-6407-02B-11R-A36H-07+1,82337901,1666765,1666765,,,,,,,,,,,,,
DU-6408-01A-11R-1708-07+1,65728146,2622857,2622857,,,,,,,,,,,,,
DU-6410-01A-11R-1896-07+1,76202223,3779561,3779561,,,,,,,,,,,,,
DU-6542-01A-11R-1896-07+1,59675682,2643420,2643420,,,,,,,,,,,,,
DU-7006-01A-11R-2027-07+1,79043273,2347020,2347020,,,,,,,,,,,,,
DU-7007-01A-11R-2027-07+1,76070817,2448287,2448287,,,,,,,,,,,,,
DU-7008-01A-11R-2027-07+1,93578013,2442075,2442075,,,,,,,,,,,,,
DU-7009-01A-11R-2027-07+1,84186833,2676336,2676336,,,,,,,,,,,,,
DU-7010-01A-11R-2027-07+1,80739876,2705437,2705437,,,,,,,,,,,,,
DU-7011-01A-11R-2027-07+1,78377131,2123108,2123108,,,,,,,,,,,,,
DU-7012-01A-11R-2027-07+1,74839991,2300002,2300002,,,,,,,,,,,,,
DU-7013-01A-11R-2027-07+1,97088325,2693214,2693214,,,,,,,,,,,,,
DU-7014-01A-11R-2027-07+1,93612103,2836076,2836076,,,,,,,,,,,,,
DU-7015-01A-11R-2027-07+1,88566679,2832465,2832465,,,,,,,,,,,,,
DU-7018-01A-11R-2027-07+1,101182128,3306519,3306519,,,,,,,,,,,,,
DU-7019-01A-11R-2027-07+1,78751820,2341766,2341766,,,,,,,,,,,,,
DU-7290-01A-11R-2027-07+1,72228942,1947021,1947021,,,,,,,,,,,,,
DU-7292-01A-11R-2027-07+1,79698472,2036501,2036501,,,,,,,,,,,,,
DU-7294-01A-11R-2027-07+1,74384975,1979578,1979578,,,,,,,,,,,,,
DU-7298-01A-11R-2027-07+1,79322895,2441049,2441049,,,,,,,,,,,,,
DU-7299-01A-21R-2027-07+1,89960003,2565322,2565322,,,,,,,,,,,,,
DU-7300-01A-21R-2090-07+1,76194710,1971527,1971527,,,,,,,,,,,,,
DU-7301-01A-11R-2090-07+1,73080343,2142373,2142373,,,,,,,,,,,,,
DU-7302-01A-11R-2090-07+1,68889409,2447836,2447836,,,,,,,,,,,,,
DU-7304-01A-12R-2090-07+1,77495517,2452296,2452296,,,,,,,,,,,,,
DU-7304-02A-12R-A36H-07+1,44967560,879491,879491,,,,,,,,,,,,,
DU-7306-01A-11R-2090-07+1,80589684,1984768,1984768,,,,,,,,,,,,,
DU-7309-01A-11R-2090-07+1,87006206,3072232,3072232,,,,,,,,,,,,,
DU-8158-01A-11R-2256-07+1,95420705,2877471,2877471,,,,,,,,,,,,,
DU-8161-01A-11R-2256-07+1,83657009,2864344,2864344,,,,,,,,,,,,,
DU-8162-01A-21R-2256-07+1,77532109,2594862,2594862,,,,,,,,,,,,,
DU-8163-01A-11R-2256-07+1,62357456,1689220,1689220,,,,,,,,,,,,,
DU-8164-01A-11R-2256-07+1,87667641,2619241,2619241,,,,,,,,,,,,,
DU-8165-01A-11R-2256-07+1,56577606,1902972,1902972,,,,,,,,,,,,,
DU-8166-01A-11R-2256-07+1,75963824,2274216,2274216,,,,,,,,,,,,,
DU-8167-01A-11R-2256-07+1,63708373,1969424,1969424,,,,,,,,,,,,,
DU-8168-01A-11R-2256-07+1,101354370,3491400,3491400,,,,,,,,,,,,,
DU-A5TP-01A-11R-A28M-07+1,56895538,2132237,2132237,,,,,,,,,,,,,
DU-A5TR-01A-11R-A28M-07+1,56442825,1573511,1573511,,,,,,,,,,,,,
DU-A5TS-01A-11R-A28M-07+1,50492342,1855843,1855843,,,,,,,,,,,,,
DU-A5TT-01A-11R-A28M-07+1,60991982,1944146,1944146,,,,,,,,,,,,,
DU-A5TU-01A-11R-A28M-07+1,57875844,1502241,1502241,,,,,,,,,,,,,
DU-A5TW-01A-11R-A28M-07+1,56041537,1883817,1883817,,,,,,,,,,,,,
DU-A5TY-01A-11R-A28M-07+1,58242214,1787599,1787599,,,,,,,,,,,,,
DU-A6S2-01A-21R-A32Q-07+1,60981786,3831286,3831286,,,,,,,,,,,,,
DU-A6S3-01A-12R-A32Q-07+1,63201290,3352305,3352305,,,,,,,,,,,,,
DU-A6S6-01A-21R-A32Q-07+1,53898103,2664113,2664113,,,,,,,,,,,,,
DU-A6S7-01A-21R-A32Q-07+1,60566211,3321126,3321126,,,,,,,,,,,,,
DU-A6S8-01A-12R-A32Q-07+1,55748868,1321225,1321225,,,,,,,,,,,,,
DU-A76K-01A-11R-A33Z-07+1,84254490,1918702,1918702,,,,,,,,,,,,,
DU-A76L-01A-11R-A32Q-07+1,60000651,1330919,1330919,,,,,,,,,,,,,
DU-A76O-01A-11R-A32Q-07+1,59183476,3284425,3284425,,,,,,,,,,,,,
DU-A76R-01A-11R-A32Q-07+1,59614961,1468920,1468920,,,,,,,,,,,,,
DU-A7T6-01A-11R-A33Z-07+1,86486497,1846468,1846468,,,,,,,,,,,,,
DU-A7T8-01A-21R-A34R-07+1,71973745,1672921,1672921,,,,,,,,,,,,,
DU-A7TA-01A-11R-A33Z-07+1,59852845,1518764,1518764,,,,,,,,,,,,,
DU-A7TB-01A-11R-A33Z-07+1,77780905,1870923,1870923,,,,,,,,,,,,,
DU-A7TC-01A-21R-A34R-07+1,67396088,1300039,1300039,,,,,,,,,,,,,
DU-A7TD-01A-12R-A34F-07+1,55442966,1257325,1257325,,,,,,,,,,,,,
DU-A7TG-01A-21R-A34R-07+1,48591883,1357880,1357880,,,,,,,,,,,,,
DU-A7TI-01A-11R-A33Z-07+1,58297612,1482298,1482298,,,,,,,,,,,,,
DU-A7TJ-01A-11R-A34R-07+1,72020473,1924517,1924517,,,,,,,,,,,,,
E1-5302-01A-01R-1470-07+1,65232735,2175066,2175066,,,,,,,,,,,,,
E1-5303-01A-01R-1470-07+1,58604670,2005536,2005536,,,,,,,,,,,,,
E1-5304-01A-01R-1470-07+1,62025074,2478868,2478868,,,,,,,,,,,,,
E1-5305-01A-01R-1896-07+1,57471401,2311503,2311503,,,,,,,,,,,,,
E1-5307-01A-01R-1896-07+1,65475390,2259144,2259144,,,,,,,,,,,,,
E1-5311-01A-01R-1470-07+1,78981198,2848819,2848819,,,,,,,,,,,,,
E1-5318-01A-01R-1470-07+1,65654902,2329842,2329842,,,,,,,,,,,,,
E1-5319-01A-01R-1896-07+1,63706804,2564408,2564408,,,,,,,,,,,,,
E1-5322-01A-01R-1470-07+1,84305603,2939264,2939264,,,,,,,,,,,,,
E1-A7YD-01A-11R-A34F-07+1,56554387,1312983,1312983,,,,,,,,,,,,,
E1-A7YE-01A-11R-A34F-07+1,78095989,2010216,2010216,,,,,,,,,,,,,
E1-A7YH-01A-11R-A34F-07+1,69060524,1692342,1692342,,,,,,,,,,,,,
E1-A7YI-01A-11R-A34F-07+1,66004253,1555763,1555763,,,,,,,,,,,,,
E1-A7YJ-01A-11R-A34F-07+1,75647022,1737976,1737976,,,,,,,,,,,,,
E1-A7YK-01A-11R-A34F-07+1,66818250,1480497,1480497,,,,,,,,,,,,,
E1-A7YL-01A-11R-A34F-07+1,72065241,1771051,1771051,,,,,,,,,,,,,
E1-A7YM-01A-11R-A34F-07+1,55099406,1251361,1251361,,,,,,,,,,,,,
E1-A7YN-01A-11R-A34F-07+1,45756659,1025439,1025439,,,,,,,,,,,,,
E1-A7YO-01A-11R-A34F-07+1,60009369,1496568,1496568,,,,,,,,,,,,,
E1-A7YQ-01A-11R-A34R-07+1,64959595,1729955,1729955,,,,,,,,,,,,,
E1-A7YS-01A-11R-A34F-07+1,65197600,1743396,1743396,,,,,,,,,,,,,
E1-A7YU-01A-11R-A34R-07+1,58924305,1966422,1966422,,,,,,,,,,,,,
E1-A7YV-01A-11R-A34R-07+1,59093656,1389481,1389481,,,,,,,,,,,,,
E1-A7YW-01A-11R-A34R-07+1,59630440,1313414,1313414,,,,,,,,,,,,,
E1-A7YY-01A-11R-A34R-07+1,69004135,1503238,1503238,,,,,,,,,,,,,
E1-A7Z2-01A-21R-A34R-07+1,65649109,1550328,1550328,,,,,,,,,,,,,
E1-A7Z3-01A-11R-A34R-07+1,55451364,1518613,1518613,,,,,,,,,,,,,
E1-A7Z4-01A-11R-A34R-07+1,64989612,1551707,1551707,,,,,,,,,,,,,
E1-A7Z6-01A-11R-A34R-07+1,59094102,1593246,1593246,,,,,,,,,,,,,
EZ-7264-01A-11R-2027-07+1,88208883,2774837,2774837,,,,,,,,,,,,,
F6-A8O3-01A-11R-A36H-07+1,89971663,1667360,1667360,,,,,,,,,,,,,
F6-A8O4-01A-11R-A36H-07+1,77526483,1448548,1448548,,,,,,,,,,,,,
FG-5962-01B-11R-1896-07+1,78434524,3604352,3604352,,,,,,,,,,,,,
FG-5963-01A-11R-1708-07+1,74857632,2472230,2472230,,,,,,,,,,,,,
FG-5963-02A-12R-A29R-07+1,50519105,1936459,1936459,,,,,,,,,,,,,
FG-5964-01A-11R-1708-07+1,64374646,1921177,1921177,,,,,,,,,,,,,
FG-5965-01B-11R-1896-07+1,85647680,3896860,3896860,,,,,,,,,,,,,
FG-5965-02A-11R-A29R-07+1,58223152,2091043,2091043,,,,,,,,,,,,,
FG-5965-02B-11R-A29R-07+1,54421776,2208960,2208960,,,,,,,,,,,,,
FG-6688-01A-11R-1896-07+1,74584547,2139053,2139053,,,,,,,,,,,,,
FG-6689-01A-11R-1896-07+1,82186928,2929259,2929259,,,,,,,,,,,,,
FG-6690-01A-11R-1896-07+1,65376514,3065392,3065392,,,,,,,,,,,,,
FG-6691-01A-11R-1896-07+1,70512038,2949157,2949157,,,,,,,,,,,,,
FG-6692-01A-11R-1896-07+1,78833254,3610814,3610814,,,,,,,,,,,,,
FG-7634-01A-11R-2090-07+1,76686683,2838184,2838184,,,,,,,,,,,,,
FG-7636-01A-11R-2090-07+1,62565163,2001899,2001899,,,,,,,,,,,,,
FG-7637-01A-11R-2090-07+1,72053815,1876157,1876157,,,,,,,,,,,,,
FG-7638-01B-12R-2090-07+1,64194468,1703885,1703885,,,,,,,,,,,,,
FG-7641-01B-11R-2256-07+1,59730301,2160332,2160332,,,,,,,,,,,,,
FG-7643-01A-11R-2090-07+1,74113634,2053258,2053258,,,,,,,,,,,,,
FG-8181-01A-11R-2256-07+1,71835779,2332532,2332532,,,,,,,,,,,,,
FG-8182-01A-11R-2256-07+1,72394462,2337494,2337494,,,,,,,,,,,,,
FG-8185-01A-11R-2256-07+1,88261543,2461025,2461025,,,,,,,,,,,,,
FG-8186-01A-11R-2256-07+1,71710545,2175959,2175959,,,,,,,,,,,,,
FG-8187-01A-11R-2256-07+1,67388595,2147104,2147104,,,,,,,,,,,,,
FG-8188-01A-11R-2256-07+1,50961654,1363210,1363210,,,,,,,,,,,,,
FG-8189-01B-11R-A28M-07+1,59262484,2566174,2566174,,,,,,,,,,,,,
FG-8191-01A-11R-2256-07+1,75238483,2679162,2679162,,,,,,,,,,,,,
FG-A4MT-01A-11R-A26U-07+1,37404472,1421696,1421696,,,,,,,,,,,,,
FG-A4MT-02A-11R-A29R-07+1,57438468,2366559,2366559,,,,,,,,,,,,,
FG-A4MU-01B-11R-A28M-07+1,58526820,2165870,2165870,,,,,,,,,,,,,
FG-A4MW-01A-11R-A26U-07+1,38064820,1416561,1416561,,,,,,,,,,,,,
FG-A4MX-01A-11R-A26U-07+1,37074551,1422788,1422788,,,,,,,,,,,,,
FG-A4MY-01A-11R-A26U-07+1,40288887,1591169,1591169,,,,,,,,,,,,,
FG-A60J-01A-11R-A28M-07+1,63687398,2006680,2006680,,,,,,,,,,,,,
FG-A60K-01A-11R-A29R-07+1,61690781,2789140,2789140,,,,,,,,,,,,,
FG-A60L-01A-12R-A31N-07+1,54229743,1398664,1398664,,,,,,,,,,,,,
FG-A6IZ-01A-11R-A31N-07+1,59007292,1653127,1653127,,,,,,,,,,,,,
FG-A6J1-01A-11R-A31N-07+1,54234535,1448086,1448086,,,,,,,,,,,,,
FG-A6J3-01A-11R-A31N-07+1,49471373,1209630,1209630,,,,,,,,,,,,,
FG-A70Y-01A-12R-A34R-07+1,64922598,1369715,1369715,,,,,,,,,,,,,
FG-A70Z-01A-12R-A33Z-07+1,73549643,1600137,1600137,,,,,,,,,,,,,
FG-A710-01A-12R-A33Z-07+1,69809118,1599867,1599867,,,,,,,,,,,,,
FG-A711-01A-21R-A33Z-07+1,60266188,1283028,1283028,,,,,,,,,,,,,
FG-A713-01A-11R-A32Q-07+1,66502411,3998552,3998552,,,,,,,,,,,,,
FG-A87N-01A-11R-A36H-07+1,74403109,1502051,1502051,,,,,,,,,,,,,
FG-A87Q-01A-11R-A36H-07+1,52239041,1032179,1032179,,,,,,,,,,,,,
FN-7833-01A-11R-2090-07+1,68061691,2254826,2254826,,,,,,,,,,,,,
HT-7467-01A-11R-2027-07+1,93201103,2747062,2747062,,,,,,,,,,,,,
HT-7468-01A-11R-2027-07+1,77736237,2193890,2193890,,,,,,,,,,,,,
HT-7469-01A-11R-2256-07+1,70202317,2539925,2539925,,,,,,,,,,,,,
HT-7470-01A-12R-2090-07+1,81661074,2227566,2227566,,,,,,,,,,,,,
HT-7471-01A-11R-2256-07+1,57936817,1711771,1711771,,,,,,,,,,,,,
HT-7472-01A-11R-2027-07+1,76024167,2161489,2161489,,,,,,,,,,,,,
HT-7473-01A-11R-2027-07+1,71228081,2105990,2105990,,,,,,,,,,,,,
HT-7474-01A-11R-2027-07+1,77075124,2141812,2141812,,,,,,,,,,,,,
HT-7475-01A-11R-2027-07+1,78011650,2454924,2454924,,,,,,,,,,,,,
HT-7476-01A-11R-2027-07+1,70369737,2149188,2149188,,,,,,,,,,,,,
HT-7477-01B-11R-A28M-07+1,60937363,2717865,2717865,,,,,,,,,,,,,
HT-7478-01A-11R-2027-07+1,78164170,2431597,2431597,,,,,,,,,,,,,
HT-7479-01A-11R-2027-07+1,73255235,2062219,2062219,,,,,,,,,,,,,
HT-7480-01A-11R-2090-07+1,85759340,3431009,3431009,,,,,,,,,,,,,
HT-7481-01A-11R-2027-07+1,68356239,2045999,2045999,,,,,,,,,,,,,
HT-7482-01A-11R-2027-07+1,70458625,1930801,1930801,,,,,,,,,,,,,
HT-7483-01A-11R-2027-07+1,71085993,2263138,2263138,,,,,,,,,,,,,
HT-7485-01A-11R-2027-07+1,72524411,1941553,1941553,,,,,,,,,,,,,
HT-7601-01A-11R-2090-07+1,70116452,2227553,2227553,,,,,,,,,,,,,
HT-7602-01A-21R-2090-07+1,72083562,2387895,2387895,,,,,,,,,,,,,
HT-7603-01A-21R-2090-07+1,77065637,1918973,1918973,,,,,,,,,,,,,
HT-7604-01A-11R-2090-07+1,71662465,2023284,2023284,,,,,,,,,,,,,
HT-7605-01A-11R-2090-07+1,91813580,2456528,2456528,,,,,,,,,,,,,
HT-7606-01A-11R-2090-07+1,72090133,1966889,1966889,,,,,,,,,,,,,
HT-7607-01A-11R-2090-07+1,78199323,2151729,2151729,,,,,,,,,,,,,
HT-7608-01A-11R-2090-07+1,78324790,2800253,2800253,,,,,,,,,,,,,
HT-7609-01A-11R-2090-07+1,70019271,2205561,2205561,,,,,,,,,,,,,
HT-7610-01A-21R-2090-07+1,96297429,3300888,3300888,,,,,,,,,,,,,
HT-7611-01A-11R-2403-07+1,79138732,2349698,2349698,,,,,,,,,,,,,
HT-7616-01A-11R-2256-07+1,47551240,1528124,1528124,,,,,,,,,,,,,
HT-7620-01A-11R-2256-07+1,53793484,1693923,1693923,,,,,,,,,,,,,
HT-7676-01A-11R-2403-07+1,65007249,1947717,1947717,,,,,,,,,,,,,
HT-7677-01A-11R-2256-07+1,83574410,2605494,2605494,,,,,,,,,,,,,
HT-7680-01A-11R-2256-07+1,74504862,1880155,1880155,,,,,,,,,,,,,
HT-7681-01A-11R-2403-07+1,55198230,1808785,1808785,,,,,,,,,,,,,
HT-7684-01A-11R-2256-07+1,58009642,1494905,1494905,,,,,,,,,,,,,
HT-7686-01A-11R-2256-07+1,67663261,1881660,1881660,,,,,,,,,,,,,
HT-7687-01A-11R-2256-07+1,68956179,2303045,2303045,,,,,,,,,,,,,
HT-7688-01A-11R-2256-07+1,87864647,2763019,2763019,,,,,,,,,,,,,
HT-7689-01A-11R-2256-07+1,73666384,2376262,2376262,,,,,,,,,,,,,
HT-7690-01A-11R-2256-07+1,79974392,2303548,2303548,,,,,,,,,,,,,
HT-7691-01A-11R-2256-07+1,76340538,2067828,2067828,,,,,,,,,,,,,
HT-7692-01A-12R-2256-07+1,79628418,2726669,2726669,,,,,,,,,,,,,
HT-7693-01A-11R-2256-07+1,64302264,2164205,2164205,,,,,,,,,,,,,
HT-7694-01A-11R-2256-07+1,76811979,2552810,2552810,,,,,,,,,,,,,
HT-7695-01A-11R-2256-07+1,96945768,3418518,3418518,,,,,,,,,,,,,
HT-7854-01A-11R-2256-07+1,75373880,2997762,2997762,,,,,,,,,,,,,
HT-7855-01A-11R-2403-07+1,71285629,2550641,2550641,,,,,,,,,,,,,
HT-7856-01A-11R-2403-07+1,85201966,2275674,2275674,,,,,,,,,,,,,
HT-7857-01A-11R-2403-07+1,71262764,1835137,1835137,,,,,,,,,,,,,
HT-7858-01A-11R-2403-07+1,68501337,2396307,2396307,,,,,,,,,,,,,
HT-7860-01A-11R-2403-07+1,66750616,2391843,2391843,,,,,,,,,,,,,
HT-7873-01B-11R-2403-07+1,78756980,3389513,3389513,,,,,,,,,,,,,
HT-7874-01A-11R-2403-07+1,76873043,2564302,2564302,,,,,,,,,,,,,
HT-7875-01A-11R-2403-07+1,81078582,2757250,2757250,,,,,,,,,,,,,
HT-7877-01A-11R-2403-07+1,85476203,2748466,2748466,,,,,,,,,,,,,
HT-7879-01A-11R-2403-07+1,77183344,2108829,2108829,,,,,,,,,,,,,
HT-7880-01A-11R-2403-07+1,90978589,2795521,2795521,,,,,,,,,,,,,
HT-7881-01A-11R-2403-07+1,77526107,2611040,2611040,,,,,,,,,,,,,
HT-7882-01A-11R-2403-07+1,65988661,1958553,1958553,,,,,,,,,,,,,
HT-7884-01B-11R-2403-07+1,75157693,2734275,2734275,,,,,,,,,,,,,
HT-7902-01A-12R-2403-07+1,91993042,2970382,2970382,,,,,,,,,,,,,
HT-8010-01A-11R-2403-07+1,72296963,2521918,2521918,,,,,,,,,,,,,
HT-8011-01A-11R-2403-07+1,73493429,2212518,2212518,,,,,,,,,,,,,
HT-8012-01A-11R-2403-07+1,82477917,2912009,2912009,,,,,,,,,,,,,
HT-8013-01A-11R-2403-07+1,80650643,2174459,2174459,,,,,,,,,,,,,
HT-8015-01B-11R-A28M-07+1,58969410,2141976,2141976,,,,,,,,,,,,,
HT-8018-01A-11R-2404-07+1,76485097,2049152,2049152,,,,,,,,,,,,,
HT-8019-01A-21R-2404-07+1,72979510,2585760,2585760,,,,,,,,,,,,,
HT-8104-01A-11R-2404-07+1,79593969,2845220,2845220,,,,,,,,,,,,,
HT-8105-01A-11R-2404-07+1,74354934,3032613,3032613,,,,,,,,,,,,,
HT-8106-01A-11R-2404-07+1,75030995,2330474,2330474,,,,,,,,,,,,,
HT-8107-01A-13R-2404-07+1,80994472,3074831,3074831,,,,,,,,,,,,,
HT-8108-01A-11R-2404-07+1,68536514,2996921,2996921,,,,,,,,,,,,,
HT-8109-01A-11R-2404-07+1,72095639,3149713,3149713,,,,,,,,,,,,,
HT-8110-01A-11R-2404-07+1,68528242,2671783,2671783,,,,,,,,,,,,,
HT-8111-01A-11R-2404-07+1,74746014,2769399,2769399,,,,,,,,,,,,,
HT-8113-01A-11R-2404-07+1,60202979,2513263,2513263,,,,,,,,,,,,,
HT-8114-01A-11R-2404-07+1,111002992,3893777,3893777,,,,,,,,,,,,,
HT-8558-01A-21R-2404-07+1,73187991,2378074,2378074,,,,,,,,,,,,,
HT-8563-01A-11R-2404-07+1,73922117,2758148,2758148,,,,,,,,,,,,,
HT-8564-01A-11R-2404-07+1,68287846,3318082,3318082,,,,,,,,,,,,,
HT-A4DS-01A-11R-A26U-07+1,37095131,1252357,1252357,,,,,,,,,,,,,
HT-A4DV-01A-11R-A26U-07+1,31090765,1177659,1177659,,,,,,,,,,,,,
HT-A5R5-01A-11R-A28M-07+1,51706978,2396713,2396713,,,,,,,,,,,,,
HT-A5R7-01A-11R-A28M-07+1,53540559,1936942,1936942,,,,,,,,,,,,,
HT-A5R9-01A-11R-A28M-07+1,60016078,2212200,2212200,,,,,,,,,,,,,
HT-A5RA-01A-11R-A28M-07+1,58539214,2288006,2288006,,,,,,,,,,,,,
HT-A5RB-01A-11R-A28M-07+1,57010727,2186329,2186329,,,,,,,,,,,,,
HT-A5RC-01A-11R-A28M-07+1,54779367,2134988,2134988,,,,,,,,,,,,,
HT-A614-01A-11R-A29R-07+1,51072575,2024238,2024238,,,,,,,,,,,,,
HT-A615-01A-11R-A29R-07+1,57745706,2308795,2308795,,,,,,,,,,,,,
HT-A616-01A-11R-A29R-07+1,54646042,2244973,2244973,,,,,,,,,,,,,
HT-A617-01A-11R-A29R-07+1,53984295,2031057,2031057,,,,,,,,,,,,,
HT-A618-01A-11R-A29R-07+1,56472392,2144191,2144191,,,,,,,,,,,,,
HT-A619-01A-11R-A29R-07+1,54768377,2420734,2420734,,,,,,,,,,,,,
HT-A61A-01A-11R-A29R-07+1,55839816,2409116,2409116,,,,,,,,,,,,,
HT-A61B-01A-11R-A29R-07+1,55543880,1954659,1954659,,,,,,,,,,,,,
HT-A61C-01A-11R-A29R-07+1,59514126,2011330,2011330,,,,,,,,,,,,,
HT-A74H-01A-11R-A32Q-07+1,61946507,1419377,1419377,,,,,,,,,,,,,
HT-A74J-01A-12R-A32Q-07+1,64714895,3800042,3800042,,,,,,,,,,,,,
HT-A74K-01A-11R-A32Q-07+1,49021361,2681676,2681676,,,,,,,,,,,,,
HT-A74L-01A-11R-A32Q-07+1,77258958,2163744,2163744,,,,,,,,,,,,,
HT-A74O-01A-11R-A32Q-07+1,58421037,3224489,3224489,,,,,,,,,,,,,
HW-7486-01A-11R-2027-07+1,74132802,2081218,2081218,,,,,,,,,,,,,
HW-7487-01A-11R-2027-07+1,54585022,1574252,1574252,,,,,,,,,,,,,
HW-7489-01A-11R-2027-07+1,72265769,2197215,2197215,,,,,,,,,,,,,
HW-7490-01A-11R-2027-07+1,63305146,2496564,2496564,,,,,,,,,,,,,
HW-7491-01A-11R-2027-07+1,83351138,2293734,2293734,,,,,,,,,,,,,
HW-7493-01A-11R-2027-07+1,65592398,1633537,1633537,,,,,,,,,,,,,
HW-7495-01A-11R-2027-07+1,64228968,1965966,1965966,,,,,,,,,,,,,
HW-8319-01A-11R-2404-07+1,81073084,3174270,3174270,,,,,,,,,,,,,
HW-8320-01A-11R-2404-07+1,71879262,2416777,2416777,,,,,,,,,,,,,
HW-8321-01A-11R-2404-07+1,79678876,3098548,3098548,,,,,,,,,,,,,
HW-8322-01A-11R-2404-07+1,85702466,3280972,3280972,,,,,,,,,,,,,
HW-A5KJ-01A-12R-A27Q-07+1,67995467,2231567,2231567,,,,,,,,,,,,,
HW-A5KK-01A-11R-A27Q-07+1,67009056,1898059,1898059,,,,,,,,,,,,,
HW-A5KL-01A-11R-A27Q-07+1,68026470,1915067,1915067,,,,,,,,,,,,,
HW-A5KM-01A-11R-A27Q-07+1,87649610,2213762,2213762,,,,,,,,,,,,,
IK-7675-01A-11R-2090-07+1,77353498,2259740,2259740,,,,,,,,,,,,,
IK-8125-01A-11R-2256-07+1,88621535,3074349,3074349,,,,,,,,,,,,,
KT-A74X-01A-11R-A32Q-07+1,88003853,1972058,1972058,,,,,,,,,,,,,
KT-A7W1-01A-11R-A34F-07+1,71201128,1668036,1668036,,,,,,,,,,,,,
OX-A56R-01A-11R-A344-08+1,58930905,969776,969776,,,,,,,,,,,,,
P5-A5ET-01A-11R-A27Q-07+1,64546728,1904172,1904172,,,,,,,,,,,,,
P5-A5EU-01A-11R-A27Q-07+1,61323166,1586916,1586916,,,,,,,,,,,,,
P5-A5EV-01A-11R-A27Q-07+1,62626314,1611234,1611234,,,,,,,,,,,,,
P5-A5EW-01A-11R-A27Q-07+1,60767304,1419078,1419078,,,,,,,,,,,,,
P5-A5EX-01A-12R-A28M-07+1,55458300,1644992,1644992,,,,,,,,,,,,,
P5-A5EY-01A-11R-A27Q-07+1,59584845,1359859,1359859,,,,,,,,,,,,,
P5-A5EZ-01A-11R-A27Q-07+1,66246734,1617017,1617017,,,,,,,,,,,,,
P5-A5F0-01A-11R-A28M-07+1,57453149,2626309,2626309,,,,,,,,,,,,,
P5-A5F1-01A-11R-A28M-07+1,52525148,1623523,1623523,,,,,,,,,,,,,
P5-A5F2-01A-11R-A28M-07+1,55888177,2110389,2110389,,,,,,,,,,,,,
P5-A5F4-01A-11R-A28M-07+1,55019334,1965594,1965594,,,,,,,,,,,,,
P5-A5F6-01A-11R-A28M-07+1,47870958,1861069,1861069,,,,,,,,,,,,,
P5-A72U-01A-31R-A32Q-07+1,60121786,3190339,3190339,,,,,,,,,,,,,
P5-A72W-01A-11R-A32Q-07+1,55198046,3421999,3421999,,,,,,,,,,,,,
P5-A72X-01A-11R-A32Q-07+1,63038177,3435179,3435179,,,,,,,,,,,,,
P5-A72Z-01A-11R-A32Q-07+1,74990661,4173935,4173935,,,,,,,,,,,,,
P5-A730-01A-11R-A32Q-07+1,55529298,1272064,1272064,,,,,,,,,,,,,
P5-A731-01A-11R-A32Q-07+1,61452630,1480655,1480655,,,,,,,,,,,,,
P5-A733-01A-11R-A32Q-07+1,70435463,1873702,1873702,,,,,,,,,,,,,
P5-A735-01A-11R-A32Q-07+1,43616903,2348715,2348715,,,,,,,,,,,,,
P5-A736-01A-11R-A32Q-07+1,55195790,2922227,2922227,,,,,,,,,,,,,
P5-A737-01A-11R-A32Q-07+1,60338880,3209520,3209520,,,,,,,,,,,,,
P5-A77W-01A-11R-A32Q-07+1,73180803,3332282,3332282,,,,,,,,,,,,,
P5-A77X-01A-11R-A32Q-07+1,69605101,2137531,2137531,,,,,,,,,,,,,
P5-A780-01A-12R-A32Q-07+1,74181119,2179056,2179056,,,,,,,,,,,,,
P5-A781-01A-11R-A32Q-07+1,68249477,1902230,1902230,,,,,,,,,,,,,
QH-A65R-01A-21R-A31N-07+1,67323603,2299377,2299377,,,,,,,,,,,,,
QH-A65S-01A-11R-A29R-07+1,47696920,1974477,1974477,,,,,,,,,,,,,
QH-A65V-01A-11R-A29R-07+1,55863073,1871133,1871133,,,,,,,,,,,,,
QH-A65X-01A-11R-A32Q-07+1,51721659,2762229,2762229,,,,,,,,,,,,,
QH-A65Z-01A-11R-A29R-07+1,57298061,2262197,2262197,,,,,,,,,,,,,
QH-A6CS-01A-11R-A31N-07+1,55540575,1390424,1390424,,,,,,,,,,,,,
QH-A6CU-01A-11R-A31N-07+1,52579762,1753687,1753687,,,,,,,,,,,,,
QH-A6CV-01A-11R-A31N-07+1,59740542,2065733,2065733,,,,,,,,,,,,,
QH-A6CW-01A-11R-A32Q-07+1,54117190,2953981,2953981,,,,,,,,,,,,,
QH-A6CX-01A-11R-A32Q-07+1,55469012,2929713,2929713,,,,,,,,,,,,,
QH-A6CY-01A-11R-A32Q-07+1,66052532,1617368,1617368,,,,,,,,,,,,,
QH-A6CZ-01A-11R-A32Q-07+1,62650132,1544621,1544621,,,,,,,,,,,,,
QH-A6X3-01A-21R-A32Q-07+1,62719019,1872994,1872994,,,,,,,,,,,,,
QH-A6X4-01A-51R-A32Q-07+1,68319405,4179725,4179725,,,,,,,,,,,,,
QH-A6X5-01A-12R-A32Q-07+1,57287533,1266376,1266376,,,,,,,,,,,,,
QH-A6X8-01A-12R-A32Q-07+1,63790124,3874346,3874346,,,,,,,,,,,,,
QH-A6X9-01A-12R-A32Q-07+1,66486698,1772549,1772549,,,,,,,,,,,,,
QH-A6XA-01A-12R-A32Q-07+1,60036500,1380366,1380366,,,,,,,,,,,,,
QH-A6XC-01A-12R-A32Q-07+1,60300495,3052112,3052112,,,,,,,,,,,,,
QH-A86X-01A-11R-A36H-07+1,96646049,2058821,2058821,,,,,,,,,,,,,
QH-A870-01A-11R-A36H-07+1,59075904,1271493,1271493,,,,,,,,,,,,,
R8-A6MK-01A-11R-A32Q-07+1,71758950,2399059,2399059,,,,,,,,,,,,,
R8-A6ML-01A-11R-A32Q-07+1,69647969,1853267,1853267,,,,,,,,,,,,,
R8-A6MO-01A-11R-A33Z-07+1,82282879,1841269,1841269,,,,,,,,,,,,,
R8-A6YH-01A-21R-A32Q-07+1,65009601,3678003,3678003,,,,,,,,,,,,,
R8-A73M-01A-11R-A32Q-07+1,46880322,2769485,2769485,,,,,,,,,,,,,
RR-A6KA-01A-21R-A344-08+1,58419390,1026204,1026204,,,,,,,,,,,,,
RR-A6KB-01A-12R-A344-08+1,46411610,1127764,1127764,,,,,,,,,,,,,
RR-A6KC-01A-31R-A344-08+1,61096750,1174495,1174495,,,,,,,,,,,,,
RY-A83X-01A-11R-A36H-07+1,75856377,1755705,1755705,,,,,,,,,,,,,
RY-A83Y-01A-11R-A36H-07+1,49472806,1079725,1079725,,,,,,,,,,,,,
RY-A83Z-01A-11R-A36H-07+1,51961003,935872,935872,,,,,,,,,,,,,
RY-A840-01A-11R-A36H-07+1,61884108,1132038,1132038,,,,,,,,,,,,,
RY-A843-01A-11R-A36H-07+1,76370008,1687480,1687480,,,,,,,,,,,,,
RY-A845-01A-11R-A36H-07+1,68543919,1326701,1326701,,,,,,,,,,,,,
RY-A847-01A-11R-A36H-07+1,55999243,1143786,1143786,,,,,,,,,,,,,
S9-A6TS-01A-12R-A33Z-07+1,59014663,1201962,1201962,,,,,,,,,,,,,
S9-A6TU-01A-12R-A32Q-07+1,63136110,3150902,3150902,,,,,,,,,,,,,
S9-A6TV-01A-12R-A34R-07+1,81721972,1701197,1701197,,,,,,,,,,,,,
S9-A6TW-01A-12R-A32Q-07+1,61521386,1523586,1523586,,,,,,,,,,,,,
S9-A6TX-01A-21R-A32Q-07+1,68552148,4257482,4257482,,,,,,,,,,,,,
S9-A6TY-01A-12R-A32Q-07+1,66898444,2024469,2024469,,,,,,,,,,,,,
S9-A6TZ-01A-21R-A32Q-07+1,105160292,2973528,2973528,,,,,,,,,,,,,
S9-A6U0-01A-12R-A32Q-07+1,45256011,3068124,3068124,,,,,,,,,,,,,
S9-A6U1-01A-21R-A33Z-07+1,60963511,1336102,1336102,,,,,,,,,,,,,
S9-A6U2-01A-21R-A33Z-07+1,53738675,1196744,1196744,,,,,,,,,,,,,
S9-A6U5-01A-12R-A33Z-07+1,63080710,1360381,1360381,,,,,,,,,,,,,
S9-A6U6-01A-12R-A33Z-07+1,62537641,1383083,1383083,,,,,,,,,,,,,
S9-A6U8-01A-21R-A33Z-07+1,72765241,1549981,1549981,,,,,,,,,,,,,
S9-A6U9-01A-11R-A32Q-07+1,61231230,3376264,3376264,,,,,,,,,,,,,
S9-A6UA-01A-12R-A33Z-07+1,68838530,1450289,1450289,,,,,,,,,,,,,
S9-A6UB-01A-21R-A33Z-07+1,52594053,1214515,1214515,,,,,,,,,,,,,
S9-A6WD-01A-12R-A33Z-07+1,64046306,1599870,1599870,,,,,,,,,,,,,
S9-A6WE-01A-12R-A33Z-07+1,54552172,1124887,1124887,,,,,,,,,,,,,
S9-A6WG-01A-11R-A33Z-07+1,55521928,1274858,1274858,,,,,,,,,,,,,
S9-A6WH-01A-12R-A33Z-07+1,45531469,970878,970878,,,,,,,,,,,,,
S9-A6WI-01A-21R-A33Z-07+1,79204652,1514369,1514369,,,,,,,,,,,,,
S9-A6WL-01A-21R-A33Z-07+1,55614278,1300511,1300511,,,,,,,,,,,,,
S9-A6WM-01A-12R-A33Z-07+1,42976526,897348,897348,,,,,,,,,,,,,
S9-A6WN-01A-12R-A33Z-07+1,57025497,1205593,1205593,,,,,,,,,,,,,
S9-A6WO-01A-21R-A34F-07+1,57330939,1292581,1292581,,,,,,,,,,,,,
S9-A6WP-01A-12R-A34F-07+1,72570665,1510102,1510102,,,,,,,,,,,,,
S9-A6WQ-01A-12R-A34F-07+1,63790893,1333296,1333296,,,,,,,,,,,,,
S9-A7IQ-01A-21R-A34F-07+1,74715063,1716083,1716083,,,,,,,,,,,,,
S9-A7IS-01A-11R-A34F-07+1,73809373,1504761,1504761,,,,,,,,,,,,,
S9-A7IX-01A-12R-A34F-07+1,75641678,1688753,1688753,,,,,,,,,,,,,
S9-A7IY-01A-11R-A34F-07+1,62649048,1380787,1380787,,,,,,,,,,,,,
S9-A7IZ-01A-11R-A34F-07+1,62185367,1417787,1417787,,,,,,,,,,,,,
S9-A7J0-01A-11R-A34F-07+1,73448530,1759656,1759656,,,,,,,,,,,,,
S9-A7J1-01A-21R-A34R-07+1,52985184,1338590,1338590,,,,,,,,,,,,,
S9-A7J2-01A-11R-A34F-07+1,65721084,1527464,1527464,,,,,,,,,,,,,
S9-A7J3-01A-21R-A34R-07+1,88551744,2161814,2161814,,,,,,,,,,,,,
S9-A7QW-01A-11R-A34F-07+1,59035601,1371906,1371906,,,,,,,,,,,,,
S9-A7QX-01A-11R-A34F-07+1,61048482,1364696,1364696,,,,,,,,,,,,,
S9-A7QY-01A-11R-A34F-07+1,66235809,1600354,1600354,,,,,,,,,,,,,
S9-A7QZ-01A-12R-A34R-07+1,68565762,1648684,1648684,,,,,,,,,,,,,
S9-A7R1-01A-12R-A34R-07+1,53233131,1208364,1208364,,,,,,,,,,,,,
S9-A7R2-01A-21R-A34R-07+1,54505300,1201445,1201445,,,,,,,,,,,,,
S9-A7R3-01A-11R-A34R-07+1,55448451,1203474,1203474,,,,,,,,,,,,,
S9-A7R4-01A-12R-A34R-07+1,59704599,1772696,1772696,,,,,,,,,,,,,
S9-A7R7-01A-11R-A34R-07+1,44731030,1267511,1267511,,,,,,,,,,,,,
S9-A7R8-01A-11R-A34R-07+1,52915730,1652039,1652039,,,,,,,,,,,,,
S9-A89V-01A-11R-A36H-07+1,61910404,1393008,1393008,,,,,,,,,,,,,
S9-A89Z-01A-11R-A36H-07+1,50980460,946861,946861,,,,,,,,,,,,,
TM-A7C3-01A-11R-A32Q-07+1,60217930,2166071,2166071,,,,,,,,,,,,,
TM-A7C4-01A-11R-A32Q-07+1,55799129,1403037,1403037,,,,,,,,,,,,,
TM-A7C5-01A-11R-A32Q-07+1,46385578,1312686,1312686,,,,,,,,,,,,,
TM-A7CA-01A-21R-A33Z-07+1,56753201,1250458,1250458,,,,,,,,,,,,,
TM-A7CF-01A-11R-A32Q-07+1,57191621,3303866,3303866,,,,,,,,,,,,,
TM-A7CF-02A-11R-A32Q-07+1,60320860,3542575,3542575,,,,,,,,,,,,,
TM-A84B-01A-11R-A36H-07+1,78743357,1617253,1617253,,,,,,,,,,,,,
TM-A84C-01A-11R-A36H-07+1,77132440,1384587,1384587,,,,,,,,,,,,,
TM-A84F-01A-11R-A36H-07+1,53257536,1040006,1040006,,,,,,,,,,,,,
TM-A84G-01A-11R-A36H-07+1,62949293,1304134,1304134,,,,,,,,,,,,,
TM-A84H-01A-11R-A36H-07+1,73734507,1932322,1932322,,,,,,,,,,,,,
TM-A84I-01A-11R-A36H-07+1,64896123,1381482,1381482,,,,,,,,,,,,,
TM-A84J-01A-11R-A36H-07+1,56746700,1133792,1133792,,,,,,,,,,,,,
TM-A84L-01A-11R-A36H-07+1,56743439,1205121,1205121,,,,,,,,,,,,,
TM-A84M-01A-11R-A36H-07+1,60647650,1380815,1380815,,,,,,,,,,,,,
TM-A84O-01A-11R-A36H-07+1,58361190,1145659,1145659,,,,,,,,,,,,,
TM-A84Q-01A-11R-A36H-07+1,71193944,1316195,1316195,,,,,,,,,,,,,
TM-A84R-01A-21R-A36H-07+1,65116338,1288121,1288121,,,,,,,,,,,,,
TM-A84S-01A-11R-A36H-07+1,60623034,1100574,1100574,,,,,,,,,,,,,
TM-A84T-01A-11R-A36H-07+1,60779819,1318830,1318830,,,,,,,,,,,,,
TQ-A7RF-01A-11R-A33Z-07+1,53680257,1260615,1260615,,,,,,,,,,,,,
TQ-A7RG-01A-11R-A33Z-07+1,51430477,1135695,1135695,,,,,,,,,,,,,
TQ-A7RH-01A-12R-A34F-07+1,71477259,1846533,1846533,,,,,,,,,,,,,
TQ-A7RI-01A-11R-A33Z-07+1,63297466,1437055,1437055,,,,,,,,,,,,,
TQ-A7RJ-01A-11R-A33Z-07+1,74356885,1679186,1679186,,,,,,,,,,,,,
TQ-A7RK-01A-11R-A33Z-07+1,59574965,1442803,1442803,,,,,,,,,,,,,
TQ-A7RK-02A-11R-A36H-07+1,64541787,1524567,1524567,,,,,,,,,,,,,
TQ-A7RK-02B-11R-A40A-07+1,48972232,1187670,1187670,,,,,,,,,,,,,
TQ-A7RM-01A-11R-A33Z-07+1,87625429,2062046,2062046,,,,,,,,,,,,,
TQ-A7RN-01A-11R-A33Z-07+1,82758205,2222899,2222899,,,,,,,,,,,,,
TQ-A7RO-01A-11R-A33Z-07+1,54796415,1260632,1260632,,,,,,,,,,,,,
TQ-A7RP-01A-21R-A34F-07+1,76953669,1649787,1649787,,,,,,,,,,,,,
TQ-A7RQ-01A-11R-A33Z-07+1,78994740,1949784,1949784,,,,,,,,,,,,,
TQ-A7RR-01A-21R-A34F-07+1,61888285,1545599,1545599,,,,,,,,,,,,,
TQ-A7RS-01A-12R-A33Z-07+1,66044180,1469514,1469514,,,,,,,,,,,,,
TQ-A7RU-01A-21R-A34F-07+1,59438640,1505711,1505711,,,,,,,,,,,,,
TQ-A7RV-01A-21R-A34F-07+1,68901537,1672653,1672653,,,,,,,,,,,,,
TQ-A7RV-02A-11R-A36H-07+1,57905660,1263120,1263120,,,,,,,,,,,,,
TQ-A7RW-01A-11R-A33Z-07+1,50015552,1252897,1252897,,,,,,,,,,,,,
TQ-A8XE-01A-11R-A36H-07+1,68053093,1608481,1608481,,,,,,,,,,,,,
TQ-A8XE-02A-11R-A36H-07+1,59170669,1368055,1368055,,,,,,,,,,,,,
VM-A8C8-01A-11R-A36H-07+1,49408707,841952,841952,,,,,,,,,,,,,
VM-A8C9-01A-11R-A36H-07+1,46949345,818837,818837,,,,,,,,,,,,,
VM-A8CA-01A-11R-A36H-07+1,53111106,978467,978467,,,,,,,,,,,,,
VM-A8CB-01A-11R-A36H-07+1,48384802,931295,931295,,,,,,,,,,,,,
VM-A8CD-01A-11R-A36H-07+1,76960182,1596029,1596029,,,,,,,,,,,,,
VM-A8CE-01A-11R-A36H-07+1,65100023,1374584,1374584,,,,,,,,,,,,,
VM-A8CF-01A-11R-A36H-07+1,38464474,808401,808401,,,,,,,,,,,,,
VM-A8CH-01A-12R-A36H-07+1,55240721,1198297,1198297,,,,,,,,,,,,,
VV-A829-01A-21R-A36H-07+1,61472547,1171698,1171698,,,,,,,,,,,,,
VV-A86M-01A-11R-A36H-07+1,46121425,1191802,1191802,,,,,,,,,,,,,
VW-A7QS-01A-12R-A33Z-07+1,64856200,1571396,1571396,,,,,,,,,,,,,
VW-A8FI-01A-11R-A36H-07+1,48573167,1078571,1078571,,,,,,,,,,,,,
W9-A837-01A-11R-A36H-07+1,70005405,1359668,1359668,,,,,,,,,,,,,
WH-A86K-01A-11R-A36H-07+1,52154392,1037126,1037126,,,,,,,,,,,,,
WY-A858-01A-11R-A36H-07+1,55908762,1335984,1335984,,,,,,,,,,,,,
WY-A859-01A-12R-A36H-07+1,77073424,1613580,1613580,,,,,,,,,,,,,
WY-A85A-01A-21R-A36H-07+1,52202884,1013824,1013824,,,,,,,,,,,,,
WY-A85B-01A-11R-A36H-07+1,58997942,1231607,1231607,,,,,,,,,,,,,
WY-A85C-01A-11R-A36H-07+1,73482055,1643407,1643407,,,,,,,,,,,,,
WY-A85D-01A-11R-A36H-07+1,53082153,1131566,1131566,,,,,,,,,,,,,
WY-A85E-01A-11R-A36H-07+1,69764280,1673291,1673291,,,,,,,,,,,,,
