02-2483-01A-01D-1494-08,02-2483-10A-01D-1494-08
02-2485-01A-01D-1494-08,02-2485-10A-01D-1494-08
06-0125-01A-01D-1490-08,06-0125-10A-01D-1490-08
06-0157-01A-01D-1491-08,06-0157-10A-01D-1491-08
06-0171-01A-02D-A33C-08,06-0171-10A-01D-A33C-08
06-0190-01A-01D-1491-08,06-0190-10B-01D-A32W-08
06-0210-01A-01D-1491-08,06-0210-10A-01D-1491-08
06-0211-01A-01D-1491-08,06-0211-10A-01D-1491-08
06-0214-01A-02D-1491-08,06-0214-10A-01D-1491-08
06-0221-01A-01D-A32W-08,06-0221-10A-01D-A35R-08
06-0686-01A-01D-1492-08,06-0686-10A-01D-1492-08
06-0744-01A-01D-1492-08,06-0744-10A-01D-1492-08
06-0745-01A-01D-1492-08,06-0745-10A-01D-1492-08
06-2557-01A-01D-1494-08,06-2557-10A-01D-1494-08
06-2570-01A-01D-1495-08,06-2570-10A-01D-1495-08
06-5411-01A-01D-1696-08,06-5411-10A-01D-1696-08
06-5415-01A-01D-1486-08,06-5415-10A-01D-1486-08
14-1034-01A-01D-1492-08,14-1034-10A-01D-1492-08
14-1402-01A-01D-1493-08,14-1402-10A-01D-1493-08
14-1823-01A-01D-1494-08,14-1823-10A-01D-1494-08
14-2554-01A-01D-1494-08,14-2554-10A-01D-1494-08
15-1444-01A-02D-1696-08,15-1444-10A-01D-1696-08
19-1389-01A-01D-2319-08,19-1389-10D-01D-2364-08
19-2620-01A-01D-1495-08,19-2620-10A-01D-1495-08
19-2624-01A-01D-1495-08,19-2624-10A-01D-1495-08
19-2629-01A-01D-1495-08,19-2629-10A-01D-1495-08
19-5960-01A-11D-1696-08,19-5960-10A-01D-1696-08
26-5132-01A-01D-1486-08,26-5132-10A-01D-1486-08
26-5135-01A-01D-1486-08,26-5135-10A-01D-1486-08
27-1831-01A-01D-1494-08,27-1831-10A-01D-1494-08
27-2523-01A-01D-1494-08,27-2523-10A-01D-1494-08
27-2528-01A-01D-1494-08,27-2528-10A-01D-1494-08
32-1970-01A-01D-1494-08,32-1970-10A-01D-1494-08
41-5651-01A-01D-1696-08,41-5651-10A-01D-1696-08
CS-4938-01B-11D-1891,CS-4938-10A-01D-1891
CS-4941-01A-01D-1465,CS-4941-10A-01D-1465
CS-4944-01A-01D-1465,CS-4944-10A-01D-1465
CS-5395-01A-01D-1468-08,CS-5395-10A-01D-1468-08
CS-5396-01A-02D-1465,CS-5396-10A-01D-1465
CS-6186-01A-12D-2022,CS-6186-10A-01D-2022
CS-6186-01A-12D-A461-08,CS-6186-10A-01D-2024-08
CS-6290-01A-11D-1703,CS-6290-10A-01D-1703
CS-6665-01A-11D-1893-08,CS-6665-10A-01D-1893-08
CS-6668-01A-11D-1893-08,CS-6668-10A-01D-1893-08
CS-6669-01A-11D-1893-08,CS-6669-10A-01D-1893-08
DB-5273-01A-01D-1465,DB-5273-10A-01D-1465
DB-5276-01A-01D-1465,DB-5276-10A-01D-1465
DB-5278-01A-01D-1468-08,DB-5278-10A-01D-1468-08
DB-5279-01A-01D-1465,DB-5279-10A-01D-1465
DB-5280-01A-01D-1465,DB-5280-10A-01D-1465
DH-5143-01A-01D-1465,DH-5143-10A-01D-1465
DH-A669-01A-12D-A31L-08,DH-A669-10A-01D-A31J-08
DU-5847-01A-11D-1703,DU-5847-10A-01D-1703
DU-5849-01A-11D-1703,DU-5849-10A-01D-1703
DU-5852-01A-11D-1703,DU-5852-10A-01D-1703
DU-5854-01A-11D-1703,DU-5854-10A-01D-1703
DU-5870-01A-11D-A461-08,DU-5870-10A-01D-A461-08
DU-5872-01A-11D-1703,DU-5872-10A-01D-1703
DU-5872-01A-11D-A465-08,DU-5872-10A-01D-A465-08
DU-5874-01A-11D-1705-08,DU-5874-10A-01D-1705-08
DU-6392-01A-11D-1703,DU-6392-10A-01D-1703
DU-6397-01A-11D-A461-08,DU-6397-10A-01D-A461-08
DU-6399-01A-12D-1703,DU-6399-10A-01D-1703
DU-6401-01A-11D-1705-08,DU-6401-10A-01D-1705-08
DU-6402-01A-11D-1703,DU-6402-10A-01D-1703
DU-6403-01A-11D-1703,DU-6403-10A-01D-1703
DU-6404-01A-11D-A461-08,DU-6404-10A-01D-A461-08
DU-6405-01A-11D-1703,DU-6405-10A-01D-1703
DU-6407-01A-13D-1705-08,DU-6407-10A-01D-1705-08
DU-6408-01A-11D-1703,DU-6408-10A-01D-1703
DU-6542-01A-11D-1891,DU-6542-10A-01D-1891
DU-7006-01A-11D-2022,DU-7006-10A-01D-2022
DU-7007-01A-11D-2022,DU-7007-10A-01D-2022
DU-7008-01A-11D-2022,DU-7008-10A-01D-2022
DU-7009-01A-11D-2024-08,DU-7009-10A-01D-2024-08
DU-7010-01A-11D-2022,DU-7010-10A-01D-2022
DU-7013-01A-11D-A461-08,DU-7013-10A-01D-A461-08
DU-7018-01A-11D-2022,DU-7018-10A-01D-2022
DU-7290-01A-11D-2022,DU-7290-10A-01D-2022
DU-7292-01A-11D-2022,DU-7292-10A-01D-2022
DU-7294-01A-11D-2022,DU-7294-10A-01D-2022
DU-7301-01A-11D-2086-08,DU-7301-10A-01D-2086-08
DU-7304-01A-12D-A461-08,DU-7304-10A-01D-2086-08
E1-5303-01A-01D-1465,E1-5303-10A-01D-1465
E1-5305-01A-01D-1891,E1-5305-10A-01D-1891
E1-5307-01A-01D-1891,E1-5307-10A-01D-1891
E1-5318-01A-01D-1468-08,E1-5318-10A-01D-1468-08
E1-5319-01A-01D-1893-08,E1-5319-10A-01D-1893-08
EZ-7264-01A-11D-2024-08,EZ-7264-10A-01D-2024-08
FG-5963-01A-11D-1703,FG-5963-11A-01D-1703
FG-5964-01A-11D-1705-08,FG-5964-10A-01D-1705-08
FG-5965-01B-11D-1893-08,FG-5965-10A-01D-1893-08
FG-6688-01A-11D-1891,FG-6688-10A-01D-1891
FG-6689-01A-11D-1891,FG-6689-10A-01D-1891
FG-6690-01A-11D-1891,FG-6690-10A-01D-1891
FG-6691-01A-11D-1891,FG-6691-10A-01D-1891
FG-6692-01A-11D-1891,FG-6692-10A-01D-1891
FG-7636-01A-11D-2088,FG-7636-10A-01D-2088
FG-7643-01A-11D-A461-08,FG-7643-10A-01D-2086-08
FG-8182-01A-11D-2253-08,FG-8182-10A-01D-2253-08
FG-A4MT-01A-11D-A461-08,FG-A4MT-10A-01D-A38T-08
FN-7833-01A-11D-2088,FN-7833-10A-01D-2088
HT-7468-01A-11D-2022,HT-7468-10A-01D-2022
HT-7472-01A-11D-2022,HT-7472-10A-01D-2022
HT-7473-01A-11D-2022,HT-7473-10A-01D-2022
HT-7475-01A-11D-2022,HT-7475-10A-01D-2022
HT-7476-01A-11D-2022,HT-7476-10A-01D-2022
HT-7481-01A-11D-2022,HT-7481-10A-01D-2022
HT-7601-01A-11D-2088,HT-7601-10A-01D-2088
HT-7602-01A-21D-2086-08,HT-7602-10A-01D-2086-08
HT-7604-01A-11D-2088,HT-7604-10A-01D-2088
HT-7689-01A-11D-2253-08,HT-7689-10A-01D-2253-08
HT-7695-01A-11D-2253-08,HT-7695-10A-01D-2253-08
HT-8104-01A-11D-A461-08,HT-8104-10A-01D-A461-08
HT-A5R7-01A-11D-A461-08,HT-A5R7-10A-01D-A289-08
HT-A61B-01A-11D-A461-08,HT-A61B-10A-01D-A29Q-08
HW-7486-01A-11D-2024-08,HW-7486-10A-01D-2024-08
HW-7487-01A-11D-2024-08,HW-7487-10A-01D-2024-08
HW-7489-01A-11D-2022,HW-7489-10A-01D-2022
HW-7495-01A-11D-2022,HW-7495-10A-01D-2022
IK-7675-01A-11D-2086-08,IK-7675-10A-01D-2086-08
TM-A7CF-01A-11D-A32B-08,TM-A7CF-10A-01D-A329-08
TQ-A7RK-01A-11D-A33T-08,TQ-A7RK-10A-01D-A33W-08
TQ-A7RV-01A-21D-A34A-08,TQ-A7RV-10A-01D-A34A-08
TQ-A8XE-01A-11D-A36O-08,TQ-A8XE-10A-01D-A367-08
